,355453700036100069,355453700040100118,355453700060100088,355453700063100033,355453700065100135,355453700084100049,355453700089100027,355453700114100086,355453700118100036,355453700167100109,355453700168100078,355453700168100233,355453700190100112,355453700193100165,355453700242100076,355453700242100253,355453700266100110,355453700266100314,355453700269100178,355453700271100081,355453700314100099,355453700314100162,355453700314100268,355453700317100085,355453700317100125,355453700320100138,3534026300208100070,3534026300210100151,3534026300232100101,3534026300288100143,3534026300288100191,3534026300289100217,3534026300290100163,3534026300293100118,3534026300293100220,3534026300293200381,3534026300314100063,3534026300318100154,3534026300318200298,3534026300344200460,3534026300345100167,3534026300370100034,3534026300370100241,3534026300372100180,3534026300398100036,3534026300400100158,3534026300426100100,3534026300479100021,3534026300501100260,3534026300502100249,3534026300504100057,3534026300504100092,3534026300532100147,3534026300533100228,3534026300534100166,3534026300557100286,3534026300558100142,3534026300558100311,3534026300610100156,3578036000118100203,3578036000145100040,3578036000166100177,3578036000214100202,3578036000220100024,3578036000220200194,3578036000221100251,3578036000245100066,3578036000246100125,3578036000247100218,3578036000293100157,3578036000296100353,3578036000347100448,3578036000369100149,3578036000373200139,3578036000419100079,3578036000421100150,3578036000445100190,3578036000446100175,3578036000446100315,3578036000492100074,3578036000493100227,3578036000494100020,3578036000516100164,3578036000517100157,3578036000544100113,3578036000545100039,3578036000568100020,3576544000009100025,3576544000011100053,3576544000011100072,3576544000012100398,3576544000028100374,3576544000029100022,3576544000032100105,3576544000034100127,3576544000048100020,3576544000050100033,3576544000050100191,3576544000055100100,3576544000055100360,3576544000060100295,3576544000073100231,3576544000081100255,3576544000092100048,3576544000095100152,3576544000098100183,3576544000101100135,3576544000101100328,3576544000103200147,3576544000104100169,3576544000131100034,3576544000143100177,3576544000162200024,3576544000173100096,3576544000174100050,3546917500027100073,3546917500029100162,3546917500031100332,3546917500072100068,3546917500074100109,3546917500085100101,3546917500086100165,3546917500086100309,3546917500088100029,3546917500088100037,3546917500093100122,3546917500103100468,3546917500103200177,3546917500104100143,3546917500105100328,3546917500106100116,3546917500109100062,3546917500112100347,3546917500143100069,3546917500160100024,3546917500162100756,3546917500164100159,3546917500184100336,3546917500204100166,3546917500221100199,3546917500223100065,3546917500224100192,3546917500241100253,3546917500242100031,3546917500261100024,3546917500264100137,3546917500302200237,3546917500303100107,354224800027100066,354224800028100057,354224800029100147,354224800029100206,354224800029200079,354224800030100027,354224800048100038,354224800050100316,354224800052100254,354224800054100052,354224800056100052,354224800071200063,354224800075100035,354224800076100244,354224800077100055,354224800077100145,354224800078100065,354224800095100131,354224800100100325,354224800112100171,354224800117100176,354224800120100091,354224800133100345,354224800134100373,354224800140100066,354224800144100084,354224800144100255,354224800162100421,354224800164100167,354224800205100077,354224800226100163,354224800228100158,354224800246100137,354224800249100180,354224800269100295,354224800271100041,354224800332100049,354224800332100070,3627584600020100107,3627584600021100402,3627584600043100084,3627584600044200284,3627584600046100267,3627584600046100550,3627584600071100321,3627584600095100062,3627584600095100467,3627584600097100318,3627584600119100679,3627584600120100235,3627584600120100542,3627584600122100287,3627584600122100490,3627584600122200190,3627584600144100135,3627584600145100130,3627584600146100215,3627584600171100218,3627584600195100080,3627584600222100235,3627584600222100282,3627584600246100108,3627584600270100105,3627584600294100143,3627584600318100055,3627584600319100062,3627584600340100097,3627584600341100229,3627584600343100105,3627584600344100384,363527800189100406,363527800190100077,363527800190100245,363527800190100346,363527800190100474,363527800190100496,363527800217100131,363527800219200054,363527800220100345,363527800221100129,363527800246100154,363527800273100045,363527800276100145,363527800277100168,363527800301100068,363527800301100225,363527800303100038,363527800331100268,363527800355100483,363527800358100084,363527800383100162,363527800386100021,363527800410100186,363527800412100049,363527800415100237,363527800439100197,363527800464100061,363527800466100230,363527800467100276,363527800490100049,363527800492100430,363527800496100386,363527800515200186,363527800516100163,363527800518100074,363527800521100030,363527800542100110,363527800576100035,3603651200146100227,3603651200167100191,3603651200168100087,3603651200168100145,3603651200168200169,3603651200169100142,3603651200169100414,3603651200172100362,3603651200194100231,3603651200195100031,3603651200195100293,3603651200196100125,3603651200219100027,3603651200222100421,3603651200246100071,3603651200247100082,3603651200248200071,3603651200270200240,3603651200296100030,3603651200296100163,3603651200296100195,3603651200296200208,3603651200321100369,3603651200322100111,3603651200323100056,3603651200346100040,3603651200348100181,3603651200371100085,3603651200420100040,3603651200422100043,3603651200447100013,3603651200447100163,3603651200496100149,3675195100049100070,3675195100073100114,3675195100073100138,3675195100083100058,3675195100103100325,3675195100105100022,3675195100113100376,3675195100164100070,3675195100166100064,3675195100167100027,3675195100182100091,3675195100198100027,3675195100213100120,3675195100215200133,3675195100230200063,3675195100243100255,3675195100245100113,3675195100246100065,3675195100276100042,3675195100314100106,3675195100315200089,3675195100348100066,3675195100348100266,3675195100379100148,3675195100411100274,3675195100442100152,3675195100475100125,3675195100476100084,3675195100476100085,3675195100508100202,3675195100509100299,3675195100539100149,3675195100540100372,3484420000354100259,3484420000358100041,3484420000386100066,3484420000387100039,3484420000419100215,3484420000539100203,3484420000628100049,3484420000652100111,3484420000658100024,3484420000686100183,3484420000715100334,3484420000716200010,3484420000740100180,3484420000745100119,3484420000747100089,3484420000776200142,3484420000777200024,3484420000803100078,3484420000803100090,3484420000862100229,3484420000890100063,3484420000911100075,3484420000915100051,3484420000918100100,3484420000939100185,3484420000940100157,3484420000944100025,3484420000944100062,3484420000945100191,3484420000951200090,3484420000969100251,3484420001002100063,3484420001003100037,3484420001008100017,3484420001030100156,3484420001035100024,3484420001059100151,3484420001060100011,3484420001060100065,3484420001061100135,3495821200197100254,3495821200221100042,3495821200243100017,3495821200293100222,3495821200294100044,3495821200317100211,3495821200317200165,3495821200338100032,3495821200338100234,3495821200363100164,3495821200364100183,3495821200367100310,3495821200389100480,3495821200390200006,3495821200414100522,3495821200415100120,3495821200416100046,3495821200417100218,3495821200418100235,3495821200443100078,3495821200449100195,3495821200463100175,3495821200468100349,3495821200468200298,3495821200470100079,3495821200470100111,3495821200473100067,3495821200491100079,3495821200491100355,3495821200494100071,3495821200494100277,3495821200518100270,3495821200539100065,3495821200544100171,3495821200545100463,3495821200568100135
Sdhd,1,0,1,1,1,3,2,0,0,3,0,1,0,1,2,0,0,0,0,0,0,1,0,1,0,1,2,1,0,2,0,1,0,2,0,0,2,1,0,1,0,1,1,1,0,1,0,1,0,1,5,2,1,1,0,0,1,0,1,0,0,0,1,0,2,1,0,1,0,1,0,0,0,0,1,2,1,1,0,0,0,1,0,1,0,0,1,0,0,1,0,0,1,0,0,0,0,2,1,0,0,0,0,0,1,0,0,0,0,0,1,1,0,1,0,0,2,0,2,3,0,3,0,0,1,1,0,1,0,1,0,0,0,0,0,0,0,1,0,1,0,0,2,1,0,0,2,4,1,2,0,2,0,1,1,2,0,2,3,1,2,1,0,1,0,2,0,3,0,4,0,0,3,2,0,0,0,0,0,0,0,0,1,4,0,2,0,3,0,0,0,1,0,0,0,0,0,3,0,0,0,2,0,0,0,0,1,1,0,1,2,0,0,1,0,0,2,2,0,0,2,0,0,0,0,0,0,0,1,0,0,0,1,1,1,1,0,0,2,1,0,0,1,0,0,0,0,0,0,0,2,0,0,0,0,1,1,0,0,2,0,1,0,1,0,2,1,1,0,0,1,0,0,0,0,1,1,1,0,0,0,0,0,1,0,0,1,0,0,0,1,0,1,0,2,0,1,0,0,0,0,0,0,0,0,0,0,0,0,0,1,0,0,0,0,0,2,0,0,0,0,0,0,0,1,2,0,0,2,0,0,3,0,1,0,0,0,0,1,2,0,0,0,0,0,0,0,0,1,1,0,1,0,2,1,0,0,0,0,0,0,0,2,0,0,0,2,0,0,0,0,0,1,1,1,0,0,1,1,1,0,0,0,0,1,3,2,0,2,0,0,1,0,0,2,0,0,0
Pdgfra,1,0,0,0,0,1,0,0,0,2,0,0,0,0,0,0,0,0,0,0,0,0,0,0,0,0,0,1,1,0,0,1,0,0,0,0,0,0,0,0,0,0,0,0,0,0,0,1,1,0,0,0,0,0,0,0,1,0,0,0,0,0,0,0,0,0,0,0,0,0,0,0,0,0,0,0,0,2,1,0,0,0,0,0,0,0,0,3,0,0,5,0,0,0,1,0,0,0,0,0,0,0,0,0,0,0,0,0,0,0,0,0,0,0,0,0,0,0,0,1,0,0,0,0,0,0,0,0,0,0,0,0,0,0,0,0,0,0,0,0,1,0,0,0,0,2,1,0,0,0,0,1,0,0,0,0,0,0,0,0,0,0,0,1,0,0,0,0,0,0,0,0,0,0,0,0,0,0,1,0,1,0,0,0,4,0,0,0,0,0,0,0,0,0,0,0,0,0,0,0,0,0,0,0,0,0,0,0,0,0,0,0,0,0,0,0,0,0,0,0,0,0,0,0,0,0,0,0,0,0,0,0,0,0,0,0,0,1,0,0,0,0,0,0,0,0,0,0,0,0,0,0,0,0,0,0,0,0,0,1,0,0,0,0,0,0,0,0,1,1,3,0,0,0,0,0,0,0,6,0,0,0,0,0,0,0,0,0,0,0,0,1,0,0,0,0,0,0,0,0,0,0,0,0,0,0,0,0,0,0,0,0,0,0,1,0,0,0,0,0,0,0,0,0,0,0,0,0,1,0,0,0,0,0,0,0,0,0,0,0,0,0,0,0,0,0,0,0,0,0,0,0,0,0,0,0,0,0,0,0,0,0,1,0,0,0,0,0,0,0,0,0,0,0,0,0,0,0,0,0,0,0,0,0,1,1,0,2,0,1,0,3,0,0,0,0,0,1
Rpa1,1,1,4,1,1,3,0,2,0,3,3,0,1,0,0,0,1,0,0,1,0,1,1,1,3,3,0,2,0,2,0,4,5,2,0,0,1,0,1,4,2,2,0,3,0,2,0,2,0,0,6,4,0,2,0,0,2,1,3,1,0,1,3,0,3,0,0,2,0,2,0,0,0,0,0,0,1,4,0,0,0,1,0,2,1,0,0,0,0,1,0,0,3,1,0,0,0,0,3,0,0,0,0,0,0,1,0,0,3,1,0,0,1,0,1,0,1,1,2,2,1,0,0,1,0,0,1,0,1,3,0,2,0,0,1,0,1,0,3,0,1,2,0,2,1,1,2,1,0,0,0,3,0,1,0,1,0,0,2,1,1,0,4,0,0,0,1,1,1,3,0,1,1,3,0,0,4,1,3,1,0,2,0,2,5,1,0,3,4,1,0,1,3,0,2,0,3,2,1,1,0,5,1,5,1,1,0,1,0,4,5,2,0,1,2,2,0,0,0,0,0,0,1,0,0,1,1,1,2,0,3,1,0,1,0,0,0,1,0,3,0,2,1,0,1,3,2,0,0,0,4,1,0,0,4,3,1,0,0,0,1,1,0,0,1,0,0,0,0,0,1,2,1,0,4,4,1,1,0,0,2,0,0,2,1,2,0,1,0,0,2,3,2,0,1,0,1,0,0,4,3,0,0,0,1,2,0,0,2,0,1,1,0,1,2,0,3,2,1,0,0,1,0,1,2,2,0,2,3,0,1,3,0,3,1,0,1,0,6,0,3,1,2,0,0,0,2,1,1,4,0,0,0,3,0,0,0,0,0,0,1,0,3,0,0,1,0,3,1,1,0,0,1,2,0,0,0,3,1,0,1,1,2,0,0,2,0,1,0,0,1,0,0,0,3,0,0,3
S100a6,0,0,0,0,0,0,0,0,0,1,1,0,0,0,0,0,0,0,0,0,0,0,0,0,0,0,1,0,1,0,0,0,0,0,0,0,1,0,0,1,0,0,0,0,0,0,0,0,0,0,0,0,0,0,0,0,0,0,0,0,0,0,0,0,0,0,0,1,0,0,0,0,0,0,0,0,0,0,0,0,0,0,0,0,1,0,0,0,0,1,0,0,0,0,0,0,0,0,0,0,0,0,0,0,0,0,0,0,0,0,0,0,1,0,0,0,1,0,0,0,0,0,0,0,0,0,0,0,0,1,0,0,0,0,1,0,0,0,0,0,1,0,0,0,0,0,0,0,0,0,0,0,0,0,0,0,0,0,1,0,0,0,1,0,0,0,0,0,1,0,0,0,0,0,0,0,0,0,0,0,0,0,0,0,0,1,1,0,0,0,0,0,1,0,0,0,0,0,0,0,0,0,0,0,0,1,0,0,0,0,0,0,0,0,0,0,0,0,0,0,0,0,0,0,0,0,0,0,0,0,0,0,0,0,0,0,0,0,0,0,0,0,0,0,0,0,0,1,0,0,0,0,0,0,0,0,0,0,0,0,0,0,0,0,0,0,0,0,0,0,0,0,1,0,0,0,0,0,0,0,0,0,0,0,0,0,0,0,0,0,0,1,0,0,0,0,1,0,0,0,0,0,0,0,0,0,0,0,0,0,0,0,0,0,0,0,0,0,0,0,0,0,0,0,0,0,0,0,0,0,0,0,0,0,0,0,0,0,0,0,0,0,0,0,0,0,0,0,0,0,0,0,0,0,0,1,0,0,0,0,0,0,0,0,0,0,0,0,0,0,0,0,0,0,0,0,0,0,0,0,0,0,0,0,0,0,0,0,0,0,0,0,0,0,0,0,0,0
Cnn1,0,1,0,0,0,0,0,0,1,0,0,0,0,0,0,0,1,0,0,0,0,0,0,0,0,0,0,0,0,0,0,1,0,0,0,0,0,0,0,0,0,0,0,0,0,0,0,0,0,0,0,1,0,0,0,0,0,0,0,0,0,0,0,0,0,0,0,0,0,0,0,0,0,0,0,0,0,0,0,0,0,0,0,0,0,0,0,0,0,0,0,0,1,0,0,0,0,0,0,0,0,0,0,0,0,0,0,0,0,0,0,0,0,0,0,0,0,0,0,0,0,0,0,0,0,0,0,1,0,0,0,0,0,0,0,0,0,0,0,0,0,0,0,0,0,0,0,0,1,0,0,0,0,0,0,0,0,0,0,0,0,0,0,0,0,0,0,0,0,0,0,0,0,0,0,0,0,0,1,0,0,0,0,0,0,0,0,0,0,0,0,0,0,0,0,0,0,0,0,0,0,1,0,0,0,0,0,0,0,0,0,0,0,0,0,0,0,0,0,0,0,0,0,0,0,0,0,0,1,0,0,0,0,0,0,1,0,0,0,0,0,0,0,0,0,0,0,0,0,0,0,0,0,0,0,0,1,0,0,0,0,0,0,0,0,0,0,0,0,0,0,0,0,0,0,1,0,0,0,0,0,0,0,0,0,0,0,0,0,0,0,0,0,0,0,0,0,0,0,0,0,0,0,0,0,0,0,0,0,0,0,0,0,0,0,0,0,0,0,0,0,0,0,0,0,0,0,0,0,0,0,0,0,0,0,0,0,0,0,0,0,0,0,0,0,0,0,0,0,0,0,0,0,0,0,0,0,0,0,0,0,0,0,0,0,0,0,0,0,0,0,0,0,0,0,0,0,0,0,0,0,0,0,0,0,0,0,0,0,0,0,0,0,0,0,0,0,0
Col1a1,0,0,1,0,0,1,0,1,1,1,0,0,0,1,0,0,0,1,0,0,0,0,0,0,0,0,0,0,0,0,0,0,0,0,0,0,0,0,0,0,3,0,0,0,0,0,0,0,0,0,0,0,0,1,0,0,2,0,0,0,0,0,0,0,0,0,0,0,0,0,0,0,0,0,0,0,0,1,0,1,0,0,1,0,2,4,0,0,0,0,0,0,0,0,0,0,0,0,1,0,0,0,0,0,0,0,0,0,0,0,0,1,0,1,0,0,0,0,0,1,0,0,0,1,1,0,0,0,0,0,0,0,0,0,0,0,0,1,0,0,0,0,0,0,0,0,0,1,0,0,0,0,0,0,0,0,0,0,0,0,1,0,0,0,0,1,0,0,0,0,0,0,0,0,0,0,0,0,0,0,0,0,0,0,0,0,0,1,0,0,0,0,0,0,0,0,0,0,0,0,0,0,1,0,0,0,0,0,0,0,0,0,0,0,0,1,0,0,0,0,0,0,0,0,0,0,0,0,0,0,1,0,0,1,0,0,0,0,0,0,0,1,0,0,0,0,0,0,0,0,0,0,0,0,0,0,0,2,0,2,0,0,0,0,0,0,0,0,0,0,0,0,2,0,0,0,0,0,0,0,0,0,0,0,0,1,0,1,0,0,0,0,0,1,0,0,0,0,0,0,1,0,0,0,0,1,0,0,0,0,0,0,0,0,0,0,0,0,0,0,0,0,0,0,0,0,0,0,0,0,0,0,0,0,0,0,0,0,0,0,0,0,0,0,0,0,0,0,0,0,0,0,0,0,0,0,0,0,0,0,0,0,0,0,0,0,0,0,0,0,0,0,1,0,0,0,0,0,0,0,0,0,0,0,0,0,0,0,0,0,0,0,0,0,0,0,0,1
Gtf2h4,0,0,0,0,0,1,0,2,0,0,0,0,0,0,0,0,0,0,0,0,0,0,0,0,0,0,0,1,1,1,0,2,2,0,0,0,0,0,0,0,0,0,0,0,1,1,0,0,0,0,1,0,0,2,0,0,0,0,0,0,0,0,0,0,0,0,1,0,0,0,0,0,0,0,0,0,0,0,1,0,0,0,0,0,0,0,0,0,0,0,0,0,0,0,1,0,0,0,0,0,0,0,0,0,0,0,0,0,0,0,0,0,0,0,0,0,0,0,1,0,0,0,0,0,0,0,0,1,0,1,0,0,0,0,0,0,0,0,0,0,0,0,1,0,0,0,0,1,0,1,0,0,0,0,0,0,0,0,3,0,0,1,0,1,0,0,0,1,2,0,0,0,0,0,0,0,0,0,0,0,0,0,0,0,0,0,0,1,0,0,0,0,0,0,0,0,0,0,0,0,0,1,1,1,0,0,0,1,0,1,0,0,0,1,1,0,0,0,0,0,0,0,0,0,0,0,0,0,0,0,0,0,0,1,0,0,0,0,0,0,2,0,0,0,0,1,0,0,0,0,0,0,0,0,0,0,1,0,0,0,0,0,0,0,0,1,0,0,0,0,0,0,0,0,0,1,0,0,0,0,0,0,0,0,1,1,1,0,0,0,0,0,0,0,0,1,0,0,0,0,0,0,0,0,0,0,0,0,0,0,0,0,0,0,0,0,0,0,0,0,0,0,0,0,0,0,0,0,0,1,0,1,0,0,0,0,0,0,0,0,1,0,0,0,0,0,0,0,0,0,0,0,0,0,0,0,0,0,0,0,0,0,0,0,0,0,0,0,0,0,0,0,0,0,0,0,0,0,0,0,0,0,0,0,0,0,1,1,0,0,0,0,0,0,1,0,0,0
Ace,0,1,0,1,0,0,0,0,0,0,0,0,0,0,0,0,0,0,0,0,0,0,0,0,0,0,0,0,0,0,0,0,0,0,0,0,0,0,0,0,0,0,0,0,0,0,0,0,0,0,0,0,0,0,0,0,0,0,0,0,0,0,0,0,0,0,0,0,0,0,0,0,0,0,0,0,0,0,0,0,0,0,0,0,0,0,1,0,0,0,0,0,0,0,0,0,0,0,0,0,0,0,0,0,0,0,0,0,0,0,1,0,0,0,0,0,0,0,0,0,0,0,0,0,0,0,0,0,0,1,0,0,0,0,0,0,0,0,0,0,0,0,0,1,0,0,0,0,0,0,1,0,0,0,0,0,0,0,0,0,0,0,0,0,0,0,0,0,0,0,0,0,0,0,0,0,0,0,0,0,0,0,0,0,0,0,0,0,0,1,0,0,0,0,0,0,0,0,0,0,0,0,0,0,0,0,0,0,0,0,0,0,0,0,0,0,0,0,0,0,0,0,0,0,0,1,0,0,0,0,1,0,0,0,0,0,0,0,0,0,0,0,0,0,0,1,0,0,0,0,0,0,0,0,0,0,0,1,0,0,0,0,0,0,0,1,1,0,0,0,0,0,1,0,0,1,0,0,0,0,0,0,0,0,0,0,0,1,0,0,0,0,0,0,0,0,0,0,0,0,0,0,0,0,0,0,0,0,0,0,0,0,0,0,0,0,0,0,0,0,0,0,0,0,0,1,0,0,0,0,1,0,0,0,0,0,0,0,0,0,0,0,0,0,0,0,0,0,0,0,0,0,0,0,0,1,0,0,0,0,0,0,0,0,0,0,0,0,0,0,0,0,0,0,0,0,0,0,0,0,0,0,0,0,0,0,0,0,0,0,0,0,0,0,0,0,0,1
Ogdh,5,10,5,7,4,20,10,14,6,10,6,1,5,4,3,1,2,5,6,2,2,6,3,3,7,4,4,2,5,2,1,9,11,0,0,5,3,1,1,7,9,5,0,7,8,4,0,8,0,7,13,5,2,8,4,0,8,4,1,2,0,2,2,2,1,0,4,5,2,1,0,0,6,1,6,6,2,1,3,0,4,3,3,1,0,0,3,0,1,5,1,1,5,4,6,0,7,1,6,0,2,0,1,0,11,5,1,0,3,3,0,4,4,4,3,1,9,3,4,10,2,6,0,6,8,4,6,3,9,2,0,3,2,1,0,0,1,1,2,4,5,6,6,1,2,9,8,6,7,5,7,7,2,5,1,3,0,6,12,2,7,0,7,5,0,7,2,6,14,6,0,8,11,6,3,0,5,4,4,1,0,4,1,7,3,2,6,7,1,3,3,1,6,0,3,7,1,5,1,5,3,10,1,9,6,15,3,5,2,9,9,11,0,4,1,4,3,1,2,0,1,0,3,3,2,5,1,3,4,2,4,1,2,5,4,4,1,3,1,7,4,0,3,2,3,5,4,1,1,3,0,2,5,2,6,1,3,1,0,5,7,3,1,0,3,2,0,5,1,0,8,4,0,4,13,4,3,2,3,0,4,1,1,4,11,2,5,5,5,3,7,4,4,2,1,0,2,0,4,1,2,1,2,3,3,3,2,2,5,1,0,2,3,0,0,0,4,0,3,3,0,2,0,6,8,8,0,6,3,4,0,9,1,5,0,2,0,1,3,1,5,2,3,3,3,10,3,1,4,6,0,0,0,9,2,3,1,0,1,3,2,1,10,4,0,4,3,12,6,5,0,2,1,2,1,0,0,7,5,4,3,6,7,4,3,13,7,4,3,5,6,5,5,0,1,4,0,0
St8sia6,0,0,0,0,0,0,0,0,0,1,0,0,0,0,0,0,0,0,0,0,0,0,0,0,0,0,0,0,0,0,0,0,0,0,0,0,0,0,0,0,0,0,0,0,0,0,0,0,0,0,0,1,0,0,0,0,0,0,0,0,0,0,0,0,0,0,0,0,0,0,0,0,0,0,0,0,0,0,0,0,0,0,0,0,0,0,0,0,0,0,0,0,0,0,0,0,0,0,0,0,0,0,0,0,0,0,0,0,0,0,0,0,0,0,0,0,0,0,0,0,0,0,0,0,0,0,0,0,0,1,0,0,0,0,0,0,0,0,0,0,0,0,0,0,0,0,1,0,0,0,0,0,0,0,0,0,0,0,0,0,0,0,0,0,0,0,0,0,0,0,0,0,0,0,0,0,0,0,0,0,0,0,0,0,0,0,0,0,0,0,0,0,0,0,0,0,0,0,0,0,0,0,0,0,0,0,0,0,0,0,0,0,0,0,0,0,0,0,0,0,0,0,0,0,0,1,0,0,0,0,0,0,0,0,0,0,0,0,0,0,0,0,0,0,0,0,0,0,0,0,0,0,0,0,0,0,0,0,0,0,0,0,0,0,0,0,0,0,0,0,0,0,0,0,0,0,0,0,0,0,0,0,0,0,0,0,0,0,0,0,0,0,0,0,0,0,0,0,0,0,0,0,0,0,0,0,0,0,0,0,0,0,0,0,1,0,0,0,0,0,0,0,0,0,0,0,0,0,0,0,0,0,0,0,0,0,0,0,0,0,0,0,0,0,0,0,0,0,0,1,0,0,0,0,0,0,0,0,0,0,0,0,0,0,0,0,0,0,0,0,0,0,0,0,0,0,0,0,0,0,0,0,0,0,0,0,0,0,0,0,0,0,0,0,0,0,0,0
Ercc1,0,0,0,1,0,1,1,0,0,1,0,0,0,0,0,0,0,0,0,0,0,0,0,1,0,0,0,0,1,0,0,0,0,0,0,0,0,0,0,0,1,0,0,2,0,1,0,0,0,0,0,0,0,0,0,0,1,0,0,0,0,0,0,0,0,0,0,0,0,0,0,0,1,0,0,0,0,0,0,0,1,0,0,0,0,0,0,0,0,0,0,0,0,0,0,0,0,1,0,0,0,0,0,0,0,0,0,0,0,0,0,0,1,0,0,0,0,0,0,0,0,0,0,0,0,0,0,0,0,0,0,0,0,0,1,0,0,0,0,0,0,0,0,0,0,0,1,0,0,1,0,0,2,0,0,0,1,0,0,1,0,0,0,1,1,0,0,0,0,0,0,0,0,0,0,0,0,0,0,0,0,0,0,0,0,0,0,0,0,0,1,0,0,0,0,0,0,0,0,0,0,0,0,0,0,0,0,0,0,0,1,0,0,0,0,0,0,0,0,0,0,0,0,0,0,0,0,0,1,0,0,0,0,0,0,0,0,0,0,0,0,0,0,0,1,0,0,0,0,0,1,0,0,0,1,0,0,0,0,0,0,0,0,0,0,0,1,1,1,0,1,0,0,0,0,0,1,0,0,0,0,0,0,1,0,0,0,0,0,0,0,0,0,0,0,0,0,0,0,0,0,0,0,0,0,0,0,0,0,0,0,0,0,0,0,0,0,0,0,0,0,0,0,0,0,0,0,0,0,0,0,0,0,0,0,0,0,0,0,0,1,0,0,0,0,0,0,0,0,0,0,0,0,0,0,0,0,0,0,0,0,0,0,0,0,0,0,1,0,0,0,0,0,0,0,0,0,0,0,0,0,0,0,0,0,0,0,0,0,0,0,0,0,0,0,0,0,0
Grm3,11,10,13,11,10,7,10,15,7,9,5,3,17,6,2,2,5,4,6,2,1,13,3,17,6,13,15,8,15,11,10,13,15,1,1,10,10,4,4,25,29,6,3,10,4,19,0,19,0,15,15,20,4,19,1,1,20,4,2,4,2,12,8,10,5,0,3,6,3,8,0,1,5,5,4,6,4,6,3,4,5,6,9,4,1,0,4,0,3,9,0,2,5,6,3,4,9,10,2,0,1,1,3,7,4,6,3,1,6,2,2,1,7,9,5,4,8,4,8,7,3,10,1,5,8,6,3,3,1,2,0,5,2,1,4,0,8,6,4,2,5,5,17,13,6,7,5,5,8,14,11,17,19,12,8,12,4,11,15,1,11,5,8,16,1,9,7,2,12,9,0,11,17,23,4,0,15,2,10,3,11,16,5,24,7,19,6,11,5,8,4,0,5,0,2,9,3,10,0,2,2,7,3,9,12,11,8,3,2,13,9,5,1,5,6,5,10,1,4,0,6,1,3,0,0,4,9,8,7,5,7,1,10,5,11,7,0,5,9,5,13,3,2,2,10,3,9,3,4,1,11,6,0,2,23,10,7,3,5,6,7,1,0,2,3,0,0,5,6,1,7,14,2,7,11,7,6,20,2,10,7,9,1,1,7,12,9,4,2,5,6,3,6,1,3,2,4,5,1,2,6,7,2,6,0,6,1,2,2,0,2,0,2,1,2,0,1,7,5,0,0,1,1,15,16,20,0,6,15,3,2,8,1,6,1,10,2,1,8,3,10,1,4,5,6,7,2,0,4,11,2,3,0,5,6,9,0,4,0,5,1,0,11,4,1,5,2,8,3,4,0,2,10,0,1,1,6,2,8,2,0,6,4,7,1,11,3,4,8,3,10,7,8,8,11,1,0,1
Clcn5,0,1,1,0,0,0,0,2,0,0,0,0,0,0,1,0,0,0,1,0,0,0,0,0,0,1,0,0,0,0,0,0,0,0,0,1,0,0,0,1,2,0,0,0,0,0,0,0,0,0,0,0,0,1,0,0,0,1,0,1,0,1,1,0,0,0,0,0,0,1,0,0,0,0,0,0,0,1,1,1,0,0,0,0,0,0,1,0,0,0,0,0,0,0,0,0,0,0,1,0,0,0,0,0,0,0,0,0,1,0,0,0,0,0,0,0,0,0,1,1,0,0,1,0,0,0,0,0,0,0,0,0,0,0,0,0,0,0,0,0,0,0,1,0,0,0,0,0,1,1,1,0,0,0,0,0,0,0,0,0,0,0,0,0,0,0,0,0,0,0,0,1,0,0,0,0,0,0,0,0,0,0,0,0,1,0,0,0,0,0,1,0,0,0,0,0,0,0,0,0,0,0,0,0,0,3,0,0,0,1,0,0,0,1,0,1,1,0,0,0,0,0,0,0,0,0,0,1,0,0,0,0,0,0,0,0,0,1,0,0,0,1,0,0,0,0,0,0,0,0,1,1,0,0,0,0,0,0,0,0,0,0,0,0,0,0,0,0,0,0,0,1,0,0,0,0,0,0,0,0,0,0,0,0,0,0,0,0,0,0,0,0,0,0,0,0,0,0,0,0,0,0,0,0,0,0,0,0,0,0,0,0,0,0,1,0,0,0,0,0,0,0,0,1,1,0,0,0,0,0,0,0,0,0,0,0,0,0,0,0,0,0,0,0,0,0,1,0,0,0,0,0,0,0,0,0,0,0,0,0,0,0,1,0,0,0,0,0,0,0,0,0,0,0,0,0,0,0,0,1,0,1,0,0,0,1,0,0,2,0,0,0,1,0,0,0,0,0
Sst,0,0,1,0,0,0,0,0,0,3,0,0,0,0,0,0,2,0,0,2,0,0,1,0,1,0,2,0,0,1,0,0,1,0,0,1,0,0,0,9,1,0,0,0,1,1,0,0,0,0,2,1,0,0,0,0,0,0,0,0,0,0,0,0,0,0,0,0,1,0,0,0,1,0,0,1,1,0,0,1,1,1,1,0,0,0,0,0,0,0,0,0,1,2,2,0,1,0,1,0,0,0,0,0,1,0,0,0,0,0,0,0,0,0,12,0,4,0,0,1,0,0,0,1,0,0,0,0,0,0,0,0,0,0,0,0,0,0,5,0,1,0,0,2,0,0,0,1,0,2,1,2,1,0,0,1,0,0,0,1,1,7,1,0,0,2,0,1,1,0,0,0,0,0,0,0,0,2,2,0,0,1,0,0,0,0,0,0,0,0,1,0,0,0,0,2,1,1,0,0,0,0,0,2,1,2,0,0,0,0,0,0,1,1,0,0,1,0,1,0,0,0,0,0,0,0,0,0,0,0,0,0,0,0,0,0,0,0,0,0,1,0,0,0,3,1,0,0,0,0,0,0,0,0,0,0,0,0,0,1,1,0,0,0,0,1,0,1,0,0,0,0,0,0,0,0,1,0,0,0,0,1,0,0,0,0,0,0,2,0,1,0,1,0,0,0,0,0,2,0,0,0,0,0,0,0,0,0,0,0,1,0,0,0,0,0,0,0,0,0,0,0,0,2,16,0,0,0,0,0,0,2,0,0,0,0,0,0,0,1,0,0,4,0,0,0,0,0,0,0,0,0,0,0,0,0,0,0,0,0,0,0,2,0,0,5,0,1,0,0,0,0,0,0,0,0,0,1,0,0,1,0,0,0,0,0,0,0,0,0,0,3,0,0,0,0,0,0
Msh6,0,1,2,0,0,0,2,0,0,1,1,0,0,0,0,0,0,1,1,0,0,1,0,0,1,0,2,0,0,0,1,1,1,0,0,0,2,0,0,0,2,2,0,0,1,3,0,1,0,0,1,1,0,2,1,0,0,0,1,0,0,0,0,0,0,0,0,1,0,0,0,0,0,0,0,0,0,0,0,0,0,0,0,0,2,0,0,0,0,0,0,0,0,0,0,0,0,0,0,0,0,0,0,0,0,0,0,0,1,0,0,0,0,0,0,0,0,0,1,0,0,0,0,0,1,0,0,0,1,0,0,0,0,0,0,0,0,0,0,0,0,0,1,0,0,0,0,0,0,1,1,2,0,0,0,1,0,0,1,0,0,0,0,1,0,0,0,0,2,0,0,0,0,0,1,0,0,1,0,0,0,0,0,1,0,0,0,0,1,0,0,0,0,0,0,0,0,0,0,0,1,0,0,0,0,0,0,1,0,0,1,3,0,0,0,0,0,0,0,0,0,0,0,0,0,0,1,0,0,1,1,1,0,0,0,0,0,0,1,0,1,0,0,0,0,0,0,0,0,0,1,0,0,0,0,1,0,0,0,0,1,0,0,1,0,0,1,0,0,0,1,1,0,0,1,1,0,0,0,1,0,0,0,0,0,1,0,1,0,0,0,1,0,0,0,0,0,0,0,1,0,0,1,0,0,0,0,0,0,0,0,1,0,0,0,0,0,2,0,0,0,0,0,1,0,0,0,0,1,1,1,0,0,0,0,0,0,0,1,1,0,0,0,0,0,0,0,0,0,0,0,0,0,3,0,0,0,0,0,0,0,0,0,0,0,0,0,0,0,0,0,0,0,0,0,0,0,0,0,0,0,1,0,0,0,0,1,1,0,0,1,0,0,0,0,0,0,0
Igf1r,4,4,4,1,1,1,3,2,0,1,2,0,3,5,6,1,0,2,0,0,0,6,2,1,3,4,5,1,1,5,0,1,1,0,0,2,3,0,1,1,1,0,0,0,0,1,0,1,0,0,3,0,0,1,3,0,1,0,3,1,0,1,3,3,1,0,2,0,1,2,0,1,6,2,2,3,1,2,0,1,1,3,3,2,1,1,0,0,0,0,0,1,1,3,3,1,1,1,1,0,0,0,0,0,1,1,3,0,2,3,1,3,1,3,0,0,1,0,1,3,0,4,0,0,1,1,2,0,1,1,0,1,1,0,1,1,1,3,0,2,1,1,2,1,2,1,4,1,5,1,6,1,1,1,0,1,1,1,1,0,2,1,0,2,0,2,0,0,1,2,0,3,6,0,3,0,0,0,0,0,2,3,0,0,0,1,1,3,4,2,4,0,0,1,0,2,1,2,1,2,1,3,3,4,3,4,2,0,0,2,2,4,1,1,1,7,3,0,2,0,0,0,2,0,2,1,2,1,2,5,1,0,1,6,1,1,0,3,3,3,0,4,1,0,2,0,2,2,0,1,1,2,0,0,3,1,1,1,0,0,2,0,0,1,1,0,0,4,0,0,1,4,0,0,2,2,1,0,0,2,1,1,1,0,1,3,1,2,1,1,2,2,1,0,0,1,1,5,2,1,1,0,0,5,1,3,0,0,1,0,0,2,3,0,0,0,0,0,0,0,0,0,0,2,6,1,0,2,2,4,0,3,0,2,1,2,0,3,2,0,0,0,0,1,2,2,2,0,1,1,0,0,0,0,1,2,0,0,0,3,0,0,0,2,0,1,1,0,1,3,0,3,0,0,1,0,0,1,0,0,0,0,0,0,1,4,2,0,3,0,0,5,2,1,1,0,0,0
Pvalb,5,0,0,1,0,0,4,0,0,4,0,1,0,1,0,0,0,0,0,0,0,0,0,2,1,0,0,0,0,0,0,1,1,0,0,0,0,0,1,1,3,0,1,1,0,0,0,1,0,0,1,0,0,1,0,0,2,0,0,0,0,0,0,0,1,0,0,0,0,1,0,0,0,0,0,1,1,1,3,0,0,0,0,0,0,0,0,0,0,0,0,0,0,0,0,0,1,3,0,0,1,0,1,0,0,0,0,0,0,0,0,0,0,0,0,0,0,0,0,0,1,1,2,0,3,0,0,0,0,0,0,0,0,0,0,0,0,0,1,0,1,0,0,0,0,0,0,0,0,0,2,1,0,0,0,0,1,0,0,1,0,0,0,0,0,0,0,0,2,2,0,1,2,0,0,0,3,0,0,1,0,0,0,0,0,0,0,0,0,2,1,2,0,0,1,0,0,0,0,2,0,1,0,0,1,1,1,2,0,2,0,0,0,0,1,0,1,1,0,0,1,0,0,0,1,2,0,0,0,0,2,0,0,0,0,0,0,0,0,2,0,0,0,0,1,0,1,0,0,0,0,0,0,0,0,0,0,0,0,0,0,0,0,0,0,1,0,1,0,0,0,0,0,0,1,0,1,0,1,0,0,0,0,0,1,1,0,0,0,0,1,0,0,0,0,0,0,0,0,0,0,0,1,0,0,1,0,0,0,0,0,0,1,0,0,0,1,0,0,0,0,0,0,0,0,0,0,0,0,1,0,0,0,3,0,0,0,0,0,1,0,0,1,1,0,1,0,0,0,1,0,0,0,2,1,0,0,0,0,1,0,1,0,0,0,0,0,1,0,0,0,0,0,0,0,0,0,2,0,3,0,0,0,0,0,0,1,1,2,1,1,0,0,0,0,0,0,0
Trh,0,0,0,0,0,0,0,0,0,0,0,0,0,0,0,0,1,0,0,0,0,0,0,0,0,0,0,0,0,0,0,0,0,0,0,0,0,0,0,0,0,0,0,0,0,0,0,1,0,0,1,0,0,0,0,0,0,0,0,0,0,0,0,0,0,0,0,0,0,0,0,0,0,0,0,0,0,0,0,0,0,0,0,0,0,0,0,0,0,0,0,0,0,0,0,0,0,0,0,0,0,0,0,0,0,0,0,0,0,0,0,0,0,0,0,0,0,0,0,0,0,0,0,0,0,0,0,0,0,0,0,0,0,0,0,0,0,0,0,0,0,0,0,0,0,0,0,0,0,0,0,0,0,0,0,0,0,0,0,0,0,0,0,0,0,0,0,0,0,0,0,0,0,0,0,0,0,0,0,1,0,0,0,0,0,0,0,0,0,0,0,0,0,0,0,0,0,0,0,0,0,0,0,0,0,0,0,0,0,1,0,0,0,0,0,0,0,0,0,0,0,0,0,0,0,0,0,0,0,0,0,0,0,0,0,0,0,0,0,0,0,0,0,0,0,0,0,0,0,0,0,0,0,0,0,0,0,0,0,0,0,0,0,0,0,0,0,0,0,0,0,0,0,0,0,0,0,0,0,0,0,0,0,0,0,0,0,0,0,0,0,0,0,0,0,0,0,1,0,0,0,0,0,0,0,0,0,0,0,0,0,0,0,0,0,0,0,0,0,0,0,0,0,0,0,0,0,0,0,0,0,0,0,0,0,0,0,0,0,0,0,0,0,0,0,0,0,0,0,0,0,0,0,0,0,0,0,0,0,0,0,0,0,0,0,0,0,0,0,0,0,0,0,0,0,0,0,0,0,0,0,0,0,0,0,1,0,0,0,0,0,0,0,0,0,0,0,0
Tpbg,0,0,0,0,0,5,0,1,0,0,0,0,4,0,0,0,1,0,0,1,0,1,0,0,0,0,0,0,0,0,1,0,0,0,0,1,3,0,3,0,0,1,0,0,0,0,0,0,0,0,3,0,1,0,0,0,0,0,0,0,0,0,0,0,0,0,0,0,0,2,0,0,1,0,0,0,0,0,0,0,1,0,0,0,0,0,1,0,0,1,0,0,0,0,0,1,0,0,0,0,0,0,0,0,0,0,0,1,0,0,0,0,0,1,0,0,0,0,0,0,0,0,0,0,0,0,0,0,0,0,0,2,0,0,0,0,0,0,0,0,0,0,0,0,1,0,0,0,1,0,0,1,1,1,0,0,0,0,2,0,0,0,0,0,1,0,0,1,0,0,0,0,0,1,0,0,2,0,1,0,1,0,0,0,0,1,1,1,2,0,0,0,0,0,0,0,2,0,0,0,0,0,0,2,0,1,0,0,0,0,0,0,0,0,0,0,0,0,1,0,0,0,0,0,0,0,0,0,0,0,3,0,0,3,0,0,0,0,2,0,0,0,0,0,0,0,0,0,0,0,1,0,0,0,0,0,0,0,0,0,0,0,0,0,0,0,0,0,1,0,0,0,2,0,1,0,0,0,0,1,0,0,0,0,0,0,1,0,0,2,0,0,0,0,0,0,0,0,2,0,0,0,0,0,0,0,0,0,0,0,0,0,0,0,0,0,0,0,0,0,0,0,0,0,0,0,0,1,0,0,0,1,0,0,0,1,0,0,0,0,0,0,0,0,0,1,0,0,0,0,0,0,0,1,0,0,0,0,0,1,1,0,1,0,0,0,0,0,0,0,0,0,0,1,0,0,0,0,2,0,0,0,0,1,0,1,0,0,0,0,0,2,0,0,0,1,0,0
Gtf2h1,0,1,1,0,0,1,0,0,0,1,2,0,1,0,0,0,0,0,0,1,0,0,0,0,1,0,2,0,2,0,0,0,1,1,0,0,1,0,0,0,0,0,0,0,0,0,0,0,0,0,0,0,0,0,0,0,2,0,2,0,0,0,0,0,0,0,0,0,0,0,0,1,0,0,0,0,0,0,0,0,1,0,0,0,0,0,0,0,0,0,1,0,0,0,0,0,1,0,0,0,0,0,1,0,0,0,0,0,1,0,0,0,0,0,0,1,0,0,0,1,1,0,1,0,0,0,1,2,0,0,0,0,0,0,0,0,0,1,0,0,0,0,0,0,0,2,0,1,0,2,0,1,0,0,0,0,0,0,2,0,0,0,0,0,0,0,0,0,0,0,0,0,0,0,0,0,1,0,0,0,1,2,0,0,0,0,0,1,0,0,0,1,0,0,0,0,0,1,0,0,0,0,1,1,0,2,2,0,0,0,1,0,0,1,1,0,1,0,0,0,0,0,0,0,1,1,0,0,0,0,0,0,0,2,0,1,0,0,0,0,2,0,0,0,0,0,0,0,0,0,0,0,0,0,0,0,0,0,0,2,0,0,0,0,0,1,0,0,0,0,0,1,0,0,0,1,0,0,0,0,0,0,0,0,0,1,0,1,0,0,0,0,0,0,0,0,0,0,0,0,1,0,0,1,0,0,0,0,0,0,0,0,0,0,0,0,1,0,0,0,0,0,0,0,0,0,0,0,1,1,0,0,0,1,0,2,0,0,0,0,0,0,0,0,0,0,0,0,0,1,0,0,0,1,0,1,1,0,0,0,0,0,0,1,0,0,0,0,0,1,0,0,0,0,0,0,0,0,0,0,0,0,1,0,1,0,0,0,0,2,0,0,1,0,0,0,0,0
Pole,0,2,0,0,0,0,0,0,0,0,0,0,0,0,0,0,0,0,0,0,0,0,0,0,0,0,0,2,0,0,0,0,0,0,0,0,0,0,0,0,0,0,0,0,0,1,0,0,1,1,0,1,0,0,0,0,0,0,0,0,0,0,0,0,0,0,1,0,0,0,0,0,0,0,0,0,0,0,0,0,0,0,0,0,0,0,0,0,0,0,0,0,0,2,0,0,0,0,0,0,0,0,0,0,0,0,0,0,0,0,0,0,0,0,0,1,0,0,0,0,0,0,0,0,0,0,0,0,0,0,0,0,0,0,0,0,0,0,0,0,0,0,0,0,0,0,1,0,0,0,0,0,0,0,0,0,0,1,0,1,0,0,0,0,0,0,0,0,0,0,0,0,0,0,0,0,0,0,0,0,0,0,0,0,0,1,0,0,0,0,0,0,0,0,0,0,0,0,0,0,0,0,0,0,0,0,0,0,0,0,0,0,0,0,0,0,0,0,0,0,0,0,0,0,0,0,0,0,1,0,0,0,0,0,1,0,0,0,0,0,0,0,0,0,1,0,0,0,0,0,0,0,0,0,0,0,0,1,0,0,0,0,0,0,0,0,0,0,0,0,0,0,0,0,1,0,0,0,0,0,0,0,0,0,1,0,1,0,0,0,0,0,0,0,0,0,0,0,0,0,0,0,0,0,0,0,0,0,0,0,0,0,0,0,0,0,0,0,0,0,0,0,0,0,0,0,0,0,0,0,0,0,0,0,0,0,0,0,0,0,0,0,0,0,0,0,0,0,1,0,0,0,0,0,0,0,0,0,0,0,0,0,0,0,0,0,0,0,0,0,0,0,0,0,0,0,0,0,0,0,0,0,0,0,0,0,0,0,0,0,0,0,0,0,0,0,0,0
Cav1,0,1,0,0,0,0,0,1,0,0,1,0,2,0,0,0,0,0,0,0,0,0,0,0,0,0,0,0,0,0,0,0,0,0,0,0,0,0,0,1,1,1,0,0,0,0,0,1,0,0,0,0,0,1,0,0,0,0,0,0,0,0,0,0,0,0,0,0,0,0,0,0,0,0,0,0,0,0,0,0,0,0,0,1,0,0,0,0,0,0,0,0,0,0,0,0,2,0,0,0,0,0,0,0,0,0,0,0,0,0,0,0,0,0,0,0,0,0,1,1,0,0,0,0,0,0,0,0,0,0,0,0,0,0,0,0,0,0,0,0,0,0,0,0,0,0,0,1,1,0,0,0,0,0,0,0,0,0,0,0,0,0,0,1,0,0,1,1,1,0,0,0,2,0,0,0,1,0,0,0,0,0,0,1,1,0,0,0,0,0,0,0,0,0,0,0,0,0,0,1,0,0,1,0,0,0,0,0,0,1,1,1,0,0,0,0,0,0,0,0,0,0,0,0,1,0,1,0,0,0,0,0,0,0,0,0,0,0,0,1,0,0,0,0,0,0,0,0,0,0,0,0,0,0,0,0,0,0,0,0,0,0,0,0,0,0,0,0,1,0,0,0,0,0,1,0,0,1,0,0,0,0,0,0,0,0,1,0,0,0,0,0,0,0,0,1,0,0,0,0,0,0,0,0,0,0,0,1,0,0,0,0,0,0,0,0,0,0,0,0,0,0,0,1,0,0,0,0,0,0,0,0,0,0,0,0,0,0,0,0,0,0,0,0,0,0,0,0,0,0,0,0,0,0,1,0,0,0,0,0,0,0,2,0,0,0,0,0,0,0,0,0,0,0,0,0,0,0,0,0,0,0,0,0,0,1,0,0,0,0,0,1,0,0,0,0,0,0
St6galnac1,0,0,0,0,1,0,0,0,0,0,0,0,1,0,0,0,0,0,0,0,0,0,0,0,0,0,0,0,0,0,0,0,0,0,0,0,0,0,0,0,1,0,0,0,0,0,0,1,0,0,0,0,0,0,0,0,0,0,0,0,0,0,0,0,0,0,0,0,0,0,0,0,0,0,0,0,0,0,0,0,0,0,0,0,0,0,0,0,0,0,0,0,0,0,0,0,0,0,0,0,0,0,0,0,0,0,0,0,0,0,0,0,0,0,0,0,0,0,0,0,0,0,0,0,0,0,0,0,0,0,0,1,0,0,0,0,0,0,0,0,0,0,0,0,0,0,0,0,0,0,0,0,0,0,0,0,0,0,0,0,0,0,0,0,0,0,0,0,0,0,0,0,0,0,0,0,0,0,0,0,0,0,0,0,0,0,0,0,0,0,0,0,0,0,0,1,0,0,0,0,0,0,0,0,0,0,0,0,0,0,0,0,0,0,0,0,0,0,0,0,0,0,0,0,0,0,0,0,0,0,0,0,1,0,0,0,0,0,0,0,0,0,0,0,0,0,0,0,0,0,0,0,0,0,0,0,0,0,0,0,0,0,0,0,0,0,0,0,0,0,0,0,0,0,0,0,0,0,0,0,0,0,0,0,0,0,0,0,0,0,0,0,0,0,0,0,0,0,0,0,0,0,0,0,0,0,0,0,0,0,0,0,0,0,0,0,0,0,0,0,0,0,0,0,0,0,0,0,0,0,0,0,0,0,0,0,0,0,0,0,0,0,0,0,0,0,0,0,0,0,0,0,0,0,0,0,0,0,0,0,0,0,0,0,0,0,0,0,0,0,0,0,0,0,0,0,0,0,0,0,0,0,0,0,0,0,0,0,0,0,0,0,0,0,0,0,0,0
Sdhb,1,1,2,2,0,2,2,3,1,1,2,0,5,0,2,0,1,1,0,0,0,1,0,1,2,2,1,3,1,2,0,4,3,0,0,3,3,1,1,1,0,4,1,0,3,2,0,0,1,1,2,2,3,1,1,0,3,0,2,0,0,0,0,0,0,1,0,0,1,1,0,0,1,1,1,3,0,0,0,1,0,0,1,0,0,0,0,0,0,0,0,0,3,1,1,0,2,1,0,0,1,0,0,0,4,1,1,1,1,1,0,3,0,0,0,0,2,1,1,5,0,1,0,1,3,1,2,0,0,1,0,1,0,0,0,1,1,0,1,1,1,0,0,1,0,2,1,0,0,0,2,2,0,3,0,3,0,3,1,0,2,1,1,0,0,0,0,0,2,4,0,0,3,0,0,0,1,3,2,0,0,0,0,3,3,0,1,1,3,0,1,0,2,1,0,0,0,1,0,1,1,2,1,1,0,2,1,2,0,3,3,1,0,1,0,0,2,0,2,0,1,0,1,0,0,2,0,0,3,2,0,0,0,0,1,1,0,0,4,0,3,0,1,1,1,2,1,0,0,1,0,0,0,0,0,0,0,0,0,2,2,1,0,0,0,1,0,0,0,0,2,1,0,1,0,0,0,1,1,2,0,1,0,1,3,2,1,0,0,1,1,1,1,0,0,0,1,0,0,2,0,0,0,1,0,0,1,0,0,0,0,0,0,0,0,0,0,1,2,0,0,0,1,0,4,0,0,0,1,1,0,1,0,0,0,1,0,0,1,0,1,0,1,1,0,2,0,0,2,1,0,2,2,0,3,0,1,0,0,0,0,0,1,0,0,0,1,0,1,0,0,0,0,0,0,0,0,1,0,0,1,0,0,1,2,0,0,0,1,1,0,0,0,0,1,2,0,0
Slc3a2,7,3,14,7,11,1,10,4,4,3,10,0,6,2,5,4,1,3,3,2,1,10,3,5,9,11,9,4,8,7,1,5,4,1,0,3,6,2,2,10,10,1,4,4,8,6,1,6,4,5,14,4,7,6,4,0,16,0,1,2,0,6,2,2,5,0,6,3,1,4,0,0,5,6,6,5,5,4,1,6,1,4,6,4,0,1,1,1,3,10,1,0,4,4,5,8,5,7,8,0,1,0,1,5,4,0,1,1,4,5,0,5,8,8,3,2,5,1,1,8,1,6,2,4,5,2,0,1,0,5,0,6,0,0,1,1,4,2,1,0,2,1,5,3,2,5,3,8,3,7,12,2,6,1,0,1,1,2,6,1,10,1,1,1,1,6,4,0,3,7,0,6,9,10,2,0,2,0,2,0,5,11,0,6,2,7,2,6,6,3,1,0,1,1,3,5,2,7,2,1,4,4,3,4,8,10,5,2,0,4,7,7,0,2,4,3,4,0,4,0,1,0,1,1,4,2,1,2,3,1,2,2,2,1,7,2,0,0,7,3,6,3,0,1,3,3,2,1,0,0,4,7,1,0,5,0,0,3,4,3,5,1,1,0,6,5,3,5,7,0,5,8,0,1,5,4,5,2,2,6,1,7,1,3,5,5,6,2,2,2,3,2,2,0,1,1,4,3,2,1,7,1,2,5,4,4,1,1,0,0,1,1,1,1,3,0,9,2,2,1,0,0,1,6,7,6,0,1,4,1,1,9,1,2,0,6,1,1,15,4,6,0,4,2,4,8,6,0,5,4,0,2,0,5,9,7,1,2,0,4,0,0,4,2,1,6,2,5,3,3,1,1,3,1,2,0,0,8,3,5,1,3,9,1,2,0,3,2,9,6,5,11,6,2,1,4,1,1
Slc22a8,0,2,0,0,0,0,0,1,0,0,0,0,0,0,0,2,0,0,0,0,0,0,0,0,0,0,0,0,0,0,0,0,0,0,0,0,1,0,0,0,0,0,0,0,0,0,0,0,0,0,0,0,0,0,0,0,0,0,0,0,0,0,0,0,0,0,0,0,0,0,0,0,0,0,0,0,0,0,0,0,0,0,0,2,0,1,0,1,0,1,0,0,0,0,0,0,0,0,0,0,0,0,0,0,0,0,0,0,0,0,0,0,0,0,0,0,0,0,0,0,0,0,0,0,0,0,0,0,0,0,0,0,0,0,1,0,0,0,0,0,0,0,0,0,0,0,1,1,4,0,0,0,0,0,0,0,0,0,0,0,0,0,0,0,0,0,0,0,0,1,0,0,0,1,0,0,0,0,0,0,0,0,0,0,0,1,0,0,0,0,0,0,0,0,0,0,0,0,0,0,0,0,1,0,0,0,0,0,0,0,1,0,0,1,0,0,0,0,0,0,0,0,0,1,0,0,0,1,0,1,0,0,0,0,0,0,0,0,0,0,0,0,0,0,0,0,0,0,0,0,0,0,0,0,0,0,0,0,0,0,0,0,0,0,0,0,1,0,0,0,0,0,0,0,0,0,0,0,0,0,0,0,0,0,0,0,0,0,0,0,0,0,0,0,0,0,1,0,0,0,0,0,0,0,0,0,0,0,0,0,0,0,0,0,0,0,0,0,0,0,0,0,0,0,0,0,0,0,0,0,0,1,0,0,0,0,0,0,0,0,0,0,0,0,1,0,0,0,0,0,0,0,0,0,0,0,0,0,0,0,0,0,0,0,0,0,0,0,0,0,0,0,1,0,0,0,0,1,0,0,0,0,0,0,0,0,0,0,1,0,0,0,0,0,0,0,0,0
Vipr2,0,0,0,0,0,0,0,1,0,0,0,0,1,0,0,0,0,0,0,0,0,0,0,0,0,0,0,0,0,1,0,0,0,0,0,0,0,0,0,0,0,0,0,0,0,0,0,0,0,0,0,0,0,1,0,0,0,0,0,0,0,0,0,0,0,0,0,0,0,0,0,0,0,0,0,0,0,0,0,0,0,0,0,0,0,0,0,0,0,0,0,0,0,0,0,0,0,0,0,0,0,0,0,0,0,0,0,0,0,0,0,0,0,0,0,0,0,0,0,0,0,0,0,0,0,0,1,0,0,1,0,0,0,0,0,0,0,0,0,0,0,0,0,0,0,0,0,0,0,0,0,0,0,0,0,0,0,0,0,0,0,0,0,1,0,0,0,0,0,0,0,0,0,0,0,0,0,0,0,0,2,0,0,0,0,0,0,0,0,0,0,0,0,0,0,0,0,0,0,0,0,0,0,0,0,0,0,0,0,0,1,0,0,0,0,0,0,0,0,0,0,0,0,0,0,0,0,0,0,0,0,0,0,0,0,0,0,0,0,0,0,0,0,0,0,0,0,0,0,0,0,0,0,0,0,0,0,0,0,0,0,0,0,0,0,0,0,0,0,0,0,0,0,0,0,0,0,0,0,0,0,0,0,0,0,0,0,0,0,0,0,0,0,0,0,0,0,0,0,0,0,0,0,0,0,0,0,0,0,0,0,0,0,0,0,0,0,1,0,0,0,0,0,0,0,0,0,0,0,0,0,0,0,0,0,0,0,0,0,0,0,0,0,0,0,0,0,0,0,0,0,0,0,0,0,0,0,0,0,0,0,0,1,0,0,0,0,0,0,0,0,0,0,0,0,0,0,0,0,0,0,0,0,0,0,0,0,0,0,0,0,0,0,0,0,0,0,0
Rpa3,0,0,0,0,0,0,0,0,0,0,0,0,0,0,0,0,0,0,0,0,0,0,0,0,0,0,0,0,0,0,0,0,0,0,0,0,0,0,0,0,1,0,0,0,0,0,0,0,0,0,0,0,0,0,0,0,0,0,0,0,0,0,0,0,0,0,0,0,0,0,0,0,0,0,0,0,0,0,0,0,0,0,0,0,0,0,0,0,0,0,0,0,0,0,0,0,0,0,0,0,0,0,0,0,0,0,0,0,0,0,0,0,0,0,1,0,0,0,0,0,0,0,0,0,0,0,0,0,0,0,0,0,0,0,0,0,0,0,0,0,0,0,0,0,0,0,0,0,0,0,0,0,0,0,0,0,0,0,0,0,0,0,0,0,0,0,0,0,0,1,0,0,0,0,0,0,0,0,0,0,0,0,0,0,0,0,0,0,0,0,0,0,0,0,0,0,0,0,0,0,0,0,0,0,0,0,0,0,0,0,0,0,0,0,0,0,0,0,0,0,0,0,0,0,0,0,0,0,0,0,0,0,0,0,0,0,0,0,0,0,0,0,0,0,0,0,0,0,0,0,0,0,0,0,0,0,0,0,0,0,0,0,0,0,0,0,0,0,0,0,0,0,0,0,0,0,0,0,0,0,0,0,0,0,0,0,0,0,0,0,0,0,0,0,0,0,0,0,0,0,0,0,0,0,0,0,0,0,0,0,0,0,0,0,0,0,0,0,0,0,0,0,0,0,0,0,0,0,0,0,0,0,0,0,0,0,0,0,0,0,0,0,0,0,0,0,0,0,0,0,0,0,0,0,0,0,0,0,0,0,0,0,0,0,0,0,0,0,0,0,0,0,0,0,0,0,0,0,0,0,0,0,0,0,1,0,0,0,0,0,0,0,0,0,0,0,0,0
Cul4a,0,1,1,3,3,0,0,1,1,0,1,0,1,0,2,0,0,0,0,0,0,0,0,3,0,0,0,0,1,0,2,0,2,0,0,0,1,0,0,0,0,2,0,0,1,1,0,0,0,1,2,0,0,1,1,0,2,1,1,0,0,0,1,0,1,0,0,0,0,1,0,0,0,1,0,0,0,1,0,0,0,1,1,1,0,0,0,0,0,0,0,0,1,0,2,0,0,0,0,0,0,0,1,0,0,0,0,0,0,0,0,0,0,2,0,0,0,0,0,0,0,0,0,2,0,0,0,0,0,0,0,0,1,0,0,0,0,0,0,0,0,0,0,0,0,0,2,0,1,0,1,2,0,3,1,0,0,0,2,1,0,2,1,0,0,1,2,0,0,1,0,0,1,0,1,0,0,3,1,0,0,2,0,0,1,1,3,0,1,0,0,0,0,0,1,0,0,0,0,3,0,2,0,1,1,2,1,0,0,0,0,0,0,0,1,0,0,0,0,0,1,0,0,0,0,1,0,2,1,0,0,0,1,1,0,1,0,0,0,1,0,1,0,0,0,0,0,0,0,0,0,0,0,0,0,0,0,0,0,1,1,0,0,1,1,0,0,1,1,0,0,0,0,0,0,0,2,0,2,0,0,1,0,0,0,1,0,1,0,1,0,2,0,0,0,0,0,0,0,0,1,1,0,1,0,0,0,0,0,0,1,0,1,1,0,0,1,0,0,0,0,1,0,1,2,0,0,0,1,1,0,0,0,0,0,2,0,0,0,2,0,0,0,0,2,1,0,0,1,1,0,0,0,0,1,0,0,0,0,0,0,0,1,0,0,1,0,0,0,0,0,0,1,0,0,0,0,0,2,0,0,0,0,0,0,1,0,0,0,0,0,0,1,0,0,0,0,0
Cul4b,0,0,1,3,1,2,0,1,1,2,1,0,1,0,0,0,0,0,2,2,0,0,0,0,2,0,2,0,2,1,0,1,1,0,0,0,0,0,0,3,3,0,0,0,0,1,0,0,0,0,2,1,1,0,0,0,0,0,0,0,0,1,2,0,1,0,0,0,0,1,0,0,0,0,1,0,1,0,0,0,2,0,0,0,1,1,0,0,0,0,0,0,0,1,0,1,0,0,0,0,0,0,0,0,0,0,0,0,0,0,0,0,1,0,0,1,1,0,0,0,0,2,0,0,1,0,0,1,0,0,0,0,1,0,0,0,0,0,0,0,0,0,0,0,0,1,0,0,1,3,0,0,0,0,0,1,0,0,0,0,0,0,0,0,0,1,1,0,0,1,0,0,3,0,0,0,1,0,0,0,1,1,0,0,0,0,0,1,1,1,0,0,0,0,0,0,1,0,0,0,0,1,0,2,0,0,0,1,0,1,0,0,0,0,0,1,0,0,1,0,0,0,0,0,0,0,0,0,0,0,2,0,1,0,1,1,1,1,0,2,2,1,0,0,0,0,0,1,0,0,1,0,0,0,0,0,0,0,0,0,1,0,0,0,1,2,0,0,0,0,0,1,0,0,1,0,0,2,0,0,0,0,0,0,1,0,1,0,0,0,0,1,0,1,0,0,0,0,0,1,1,0,0,0,0,0,0,0,0,0,1,0,0,0,0,0,0,0,0,0,0,0,0,0,1,1,0,1,2,1,1,1,0,0,0,0,0,0,0,0,0,0,0,1,0,0,0,0,0,4,0,1,0,1,1,0,0,0,0,0,1,0,1,1,0,0,0,0,0,0,0,1,0,0,0,0,0,0,0,0,0,0,0,0,1,1,1,1,0,0,1,1,0,0,0,0,0,1
Sdc4,6,2,3,12,4,5,8,4,1,10,4,0,5,3,8,1,5,5,4,0,0,3,1,4,3,4,4,1,7,7,5,2,10,2,0,5,7,3,1,7,10,1,1,5,7,8,0,9,3,14,12,13,3,10,6,0,10,5,2,1,0,0,2,1,0,3,2,6,2,0,0,1,4,0,10,5,5,3,2,5,2,4,4,4,1,5,2,1,1,2,0,0,2,4,2,8,5,7,2,0,1,0,0,2,5,1,5,1,5,6,3,3,1,4,0,6,4,0,5,8,3,2,1,3,0,4,1,1,2,3,1,1,1,0,0,0,4,4,5,1,0,0,1,3,1,5,0,5,7,4,8,2,5,0,0,11,1,4,9,0,7,1,5,5,4,6,0,2,3,9,2,3,19,4,3,3,4,0,10,2,11,10,1,5,8,3,6,3,7,8,0,3,2,0,2,8,0,3,4,2,2,7,8,11,5,9,3,5,0,11,8,6,0,3,21,14,7,6,8,0,11,1,2,1,10,4,7,4,9,4,5,0,5,3,2,3,4,11,7,1,9,11,3,1,5,5,7,9,0,0,9,4,1,1,6,4,4,3,0,7,3,1,3,1,4,4,4,1,2,3,1,1,2,1,2,5,5,2,2,6,4,3,1,2,4,3,6,3,2,2,2,1,2,1,1,0,3,1,2,0,3,2,0,0,0,0,0,2,1,0,1,0,0,1,2,1,0,1,0,0,2,0,2,16,5,8,1,7,3,4,3,6,0,3,0,2,0,0,4,6,5,2,3,4,2,9,5,1,10,9,1,2,1,6,6,5,2,2,1,5,0,1,5,2,1,4,4,4,10,4,0,2,3,2,0,0,1,2,3,3,4,2,8,2,0,4,4,5,3,7,4,5,5,1,3,4,1,3
Vtn,0,0,0,0,0,2,0,0,0,0,0,0,0,0,0,0,0,0,0,0,0,0,0,0,0,0,0,0,0,0,0,0,0,0,0,0,0,0,0,0,0,0,0,0,0,0,0,0,0,0,0,0,0,1,0,0,0,0,0,0,0,0,0,0,0,0,0,0,0,0,0,0,0,0,0,0,0,0,0,0,0,0,1,0,2,12,0,2,0,0,0,0,0,0,0,0,0,0,1,0,0,0,0,0,0,0,0,0,0,0,0,0,0,0,0,0,0,0,0,0,1,0,0,0,0,0,0,0,0,0,0,0,0,0,2,0,0,0,0,0,0,0,0,0,0,6,0,0,0,0,1,0,0,0,0,0,0,0,0,0,0,0,0,0,0,0,0,0,0,0,0,0,0,7,0,0,0,0,0,0,0,0,0,0,0,0,0,0,0,0,0,0,0,0,0,0,1,0,0,0,0,0,0,1,0,0,0,0,0,0,0,0,0,0,1,0,1,0,0,0,0,0,0,0,0,0,0,0,4,0,0,0,0,0,0,0,0,0,0,0,0,0,0,0,0,0,1,0,0,0,0,0,0,0,0,0,0,2,0,0,0,0,0,0,0,0,0,0,0,0,0,0,1,0,0,0,1,0,1,0,0,0,0,0,0,0,0,0,0,1,0,1,1,0,0,0,0,0,0,0,0,0,0,0,0,0,0,0,0,0,0,0,0,0,0,0,0,0,0,0,0,0,0,0,0,0,0,2,0,0,0,0,0,0,0,0,0,0,0,0,0,0,0,0,0,0,0,0,1,0,0,0,0,1,1,0,0,0,0,0,0,2,0,0,0,0,0,0,0,2,0,0,0,0,0,0,0,0,0,0,0,0,0,0,0,0,0,0,0,0,0,0,0,0,0,0,0,3
Slc2a4,0,1,0,0,0,0,1,0,0,0,0,0,0,0,0,0,0,0,0,0,0,0,0,0,0,0,0,0,0,0,0,0,0,0,0,0,1,0,0,0,0,0,0,1,0,1,0,0,0,0,0,0,0,0,0,0,0,0,0,0,0,0,0,0,0,0,1,0,0,0,0,0,0,0,0,0,0,0,0,0,0,0,2,0,0,0,0,0,0,0,0,0,0,0,0,0,0,0,0,0,0,0,0,0,0,0,0,0,0,0,0,0,0,0,1,0,0,0,0,0,0,0,0,0,0,0,0,0,0,0,0,0,0,0,0,0,0,1,0,0,0,1,0,0,0,0,0,1,0,0,0,0,1,1,0,2,0,0,0,0,0,0,0,0,0,0,0,0,0,0,0,0,1,0,0,0,1,0,0,0,0,1,0,0,0,0,0,0,0,0,0,0,0,0,0,0,0,0,0,1,0,0,0,0,0,1,0,0,0,0,0,0,0,0,0,0,0,0,0,0,0,0,0,0,0,0,0,0,0,0,0,0,0,0,2,0,0,0,0,0,1,0,0,0,0,0,0,0,0,0,0,0,0,0,0,0,0,0,0,0,0,0,0,0,0,0,0,0,0,0,0,0,0,0,0,0,0,0,0,0,0,0,0,0,0,0,0,0,0,0,0,0,0,0,0,0,0,0,0,0,1,0,0,0,0,0,0,0,0,0,0,0,0,0,0,0,0,0,0,0,0,0,0,0,0,0,0,0,1,0,0,0,0,0,0,0,0,0,0,1,0,0,0,0,1,2,0,0,0,0,0,0,0,0,0,0,0,0,0,0,0,0,0,0,0,0,0,0,0,0,0,0,0,0,0,0,0,0,0,0,0,0,0,0,0,2,0,0,0,0,0,0,0,0,0,0,0,0
Cd68,0,0,0,0,1,1,0,0,0,0,0,0,0,0,0,0,0,0,0,0,0,0,0,0,0,0,0,0,0,0,0,0,0,0,0,0,0,0,0,0,0,0,0,0,0,0,0,0,0,0,0,0,0,0,0,0,0,0,0,0,0,0,0,0,0,0,0,0,0,0,0,0,0,0,0,0,0,0,0,0,0,0,0,0,0,0,0,0,0,0,0,0,1,0,0,0,0,0,0,0,0,0,0,0,0,0,0,0,0,0,0,0,0,0,0,0,0,0,1,1,0,0,0,0,0,0,0,0,0,1,0,0,0,0,0,0,0,0,0,0,0,0,0,0,0,0,0,0,0,0,0,0,0,0,0,0,0,0,0,0,0,0,0,0,0,0,0,0,0,0,0,0,0,0,0,0,0,0,0,0,0,0,0,0,0,0,0,0,0,0,0,0,0,0,0,0,0,0,0,0,0,0,0,0,0,0,0,0,0,0,1,0,0,0,0,0,0,0,0,0,0,0,0,0,0,0,0,0,0,2,0,0,0,0,0,0,0,0,0,0,1,0,0,0,0,0,0,0,0,0,0,0,0,0,0,0,0,0,0,0,0,0,0,0,0,0,0,0,0,0,0,0,0,0,0,0,0,1,0,0,0,0,0,0,0,0,0,0,0,0,0,0,0,0,0,0,0,0,0,0,0,0,0,0,0,0,0,0,0,0,1,0,0,0,1,0,0,0,0,0,0,0,0,0,0,0,0,0,0,0,0,0,0,0,0,0,0,0,0,0,0,0,0,0,0,0,0,0,1,0,0,0,0,0,0,0,0,0,0,0,0,0,1,0,0,0,0,0,0,0,0,0,0,0,0,0,0,0,0,0,0,0,0,0,0,0,0,0,0,0,0,0,0,0,0,0,0,0
Mlh3,0,1,2,1,1,1,0,0,1,0,0,0,0,0,0,0,0,0,1,0,0,1,0,0,0,0,0,1,0,0,0,1,0,0,0,0,1,0,0,0,0,0,0,0,0,0,0,0,0,0,2,0,0,0,0,0,1,0,0,0,0,0,0,0,0,0,0,0,0,0,0,0,1,0,0,0,3,3,0,1,0,0,1,0,0,0,0,0,0,1,0,0,0,2,0,0,0,0,0,0,0,0,1,0,0,0,0,0,0,1,0,0,1,0,0,0,2,1,1,0,1,0,0,0,0,0,0,0,0,0,0,0,0,0,0,0,1,0,0,0,1,0,0,0,0,0,1,0,1,0,1,0,0,3,0,3,0,0,2,0,1,0,0,0,1,0,0,0,0,0,0,1,3,0,0,0,0,0,0,0,2,1,0,2,0,0,0,0,0,0,0,0,0,0,0,0,0,1,0,0,1,1,0,2,2,0,0,1,0,2,1,0,0,0,1,0,1,0,0,0,1,0,0,0,0,0,1,0,0,1,0,0,1,0,1,0,0,0,0,0,0,0,0,0,0,0,0,0,0,0,1,0,0,0,0,0,0,0,0,0,0,0,0,0,0,0,0,0,0,0,0,2,0,0,0,1,0,1,0,2,0,0,0,0,0,0,1,0,0,0,1,0,0,0,0,0,0,0,0,0,0,0,0,0,0,0,0,0,0,0,0,0,0,0,0,0,0,0,0,0,0,0,0,0,2,0,0,1,1,1,1,0,0,1,0,0,0,0,0,0,1,0,0,0,0,0,0,0,0,1,0,0,0,0,0,0,0,0,0,0,0,0,1,0,0,0,0,0,0,1,0,0,0,0,0,0,0,0,1,0,0,0,0,1,0,0,2,0,0,0,0,0,0,0,0,0,0,0
Vip,0,0,0,0,0,0,0,0,0,0,0,0,0,0,0,0,0,0,0,0,0,0,0,0,0,0,1,2,0,0,0,0,0,0,0,0,0,0,0,0,0,0,0,0,0,0,0,0,0,0,1,0,0,0,0,0,0,0,0,0,0,0,0,0,0,0,0,0,0,0,0,0,1,0,0,0,0,0,0,0,0,0,0,0,0,0,0,0,0,0,0,0,0,0,0,0,0,1,0,0,0,0,0,0,0,0,0,0,0,0,0,0,0,0,0,0,0,0,0,0,0,0,0,0,0,0,0,0,0,0,0,1,0,0,0,0,0,0,0,0,0,0,0,0,0,0,0,0,1,0,1,0,0,0,0,0,0,2,2,0,0,0,0,0,0,0,0,0,0,0,0,0,0,0,0,0,6,0,0,0,1,0,0,0,0,0,0,0,0,0,0,0,1,0,0,1,0,0,0,0,0,0,0,0,0,0,0,0,0,0,0,0,0,0,0,0,0,0,0,0,0,0,0,0,1,0,0,0,0,0,0,0,0,0,0,0,0,0,0,0,0,0,1,0,0,0,0,0,0,0,0,0,0,0,0,0,0,0,0,0,0,0,0,0,0,0,0,0,0,0,0,1,0,0,0,0,0,0,0,0,0,0,0,0,0,0,0,0,0,0,0,0,0,0,0,0,0,0,0,0,0,0,0,0,0,0,0,0,0,0,0,0,0,0,0,0,0,0,0,0,0,0,0,0,0,0,0,0,2,0,0,0,0,0,0,0,0,0,0,0,0,0,0,0,0,0,0,0,0,0,0,0,0,0,0,0,0,0,0,0,0,0,0,0,0,0,0,0,0,0,0,0,0,0,0,0,0,0,0,0,0,0,0,0,0,0,0,0,0,0,0,0,0,0,0,0,0,0
Nr2e1,2,1,4,2,5,1,4,1,1,1,2,0,1,5,3,0,0,2,1,0,0,4,1,6,7,1,2,0,5,1,0,0,5,0,1,4,2,3,2,7,7,3,0,3,1,5,0,3,2,3,17,9,2,6,4,0,3,4,1,0,0,3,2,5,5,1,5,2,0,1,0,0,2,2,0,0,2,1,1,0,3,0,2,0,0,0,1,0,1,4,0,0,2,3,4,3,5,2,0,0,1,0,0,2,0,0,2,0,2,1,2,0,0,2,4,1,1,2,4,4,1,2,0,2,1,4,1,3,1,0,0,1,0,1,0,1,3,0,0,2,0,1,2,2,0,1,5,1,0,0,2,7,1,2,0,6,1,3,2,0,1,1,4,5,2,2,0,0,3,4,0,3,3,2,0,0,1,1,7,0,2,0,0,5,1,7,0,1,0,0,3,0,1,0,3,0,0,1,0,1,2,1,3,2,3,2,2,4,0,1,1,1,0,0,1,6,4,3,4,0,3,1,0,2,0,0,2,7,1,1,2,0,0,3,2,2,0,1,1,2,4,0,0,1,2,1,1,2,1,2,2,0,2,0,14,3,6,0,0,3,2,1,1,0,2,1,0,1,3,0,3,2,0,0,3,2,2,1,1,1,2,2,0,2,0,1,4,0,1,2,0,4,3,1,0,1,0,0,0,5,4,2,1,2,1,1,0,0,1,0,0,1,1,0,0,0,0,1,2,1,2,0,0,6,2,4,0,3,5,3,0,3,0,1,0,1,1,1,1,2,1,0,1,1,1,2,1,1,1,1,0,0,0,2,4,3,1,0,0,0,4,0,2,1,1,0,0,3,1,1,0,2,2,0,0,0,0,4,1,1,0,0,2,1,0,0,2,1,1,0,8,0,1,0,3,2,2,2
Sim1,0,0,1,0,0,0,0,0,0,0,0,0,0,0,0,0,0,0,0,0,0,0,0,0,0,0,0,1,1,0,0,0,0,0,0,0,0,0,0,0,0,0,0,1,0,0,0,0,0,0,0,0,0,0,0,0,0,0,0,0,0,1,1,1,0,0,0,0,1,0,0,0,0,0,0,0,0,0,0,1,0,0,0,0,0,0,0,0,0,0,0,0,0,0,0,0,0,0,0,0,0,0,0,0,0,0,0,0,0,0,0,1,0,0,1,0,2,0,0,0,0,0,0,0,0,0,0,0,0,0,0,1,1,0,0,0,0,1,0,0,0,0,0,0,0,0,0,1,0,0,0,0,0,0,0,0,0,0,0,0,0,1,0,0,0,0,0,0,0,0,0,0,1,0,0,0,0,0,0,0,0,0,0,0,1,0,0,0,0,0,0,0,0,0,0,0,0,0,0,0,1,0,0,0,0,0,0,0,0,0,0,0,0,0,0,0,0,0,0,0,0,0,0,0,0,0,0,0,0,0,0,0,0,0,0,0,0,0,0,0,1,0,0,0,0,0,0,0,0,1,0,0,0,0,1,0,0,0,0,0,0,0,0,0,0,0,0,0,0,0,0,0,0,0,0,0,0,0,0,0,0,0,0,0,0,0,0,0,0,0,0,1,0,0,0,0,0,0,0,0,0,0,0,0,0,0,0,0,0,0,0,0,0,0,0,0,0,0,0,0,0,0,0,0,0,0,0,0,0,0,0,0,0,0,0,0,0,0,0,0,1,0,0,0,0,0,0,0,1,0,0,0,0,1,0,0,0,0,0,0,0,0,0,0,0,0,0,0,0,0,0,0,0,0,0,0,0,0,0,0,0,0,0,0,0,0,0,0,0,1,0,0,0,0,0,0,0,0
Slc17a8,0,0,0,0,0,0,0,0,0,0,0,0,0,0,0,0,0,0,0,0,0,0,0,0,1,0,0,0,0,0,0,0,1,0,0,0,0,0,0,1,0,0,0,0,0,0,0,0,0,1,0,0,0,0,0,0,0,0,0,0,0,0,0,0,1,0,0,0,0,0,0,0,0,0,0,0,0,0,0,0,0,0,0,0,0,0,0,0,0,0,0,0,0,0,0,0,0,1,0,0,0,0,0,0,0,0,0,0,0,0,0,0,0,0,0,0,0,0,0,0,0,0,0,0,0,0,0,0,0,0,0,0,0,0,0,0,0,0,0,0,0,0,0,0,0,0,0,0,0,0,0,0,0,0,0,1,0,0,0,0,0,0,0,0,0,0,0,0,0,1,0,0,0,0,0,0,0,0,0,0,0,0,0,0,0,0,0,0,0,0,0,0,14,0,0,0,0,1,0,0,0,0,1,0,0,0,0,0,0,0,0,0,0,0,0,0,0,0,0,0,0,0,0,0,0,0,0,0,0,0,0,0,0,0,0,0,0,0,0,0,0,0,1,0,0,0,0,0,0,0,0,0,0,0,0,0,0,0,0,1,0,0,0,0,0,0,0,0,0,0,0,0,0,0,0,0,0,0,0,0,0,0,0,0,0,0,0,0,0,0,0,0,0,0,0,0,0,0,0,0,0,0,0,0,0,1,0,0,0,0,0,0,0,0,0,0,0,0,0,0,0,0,0,0,1,0,0,0,1,0,0,1,0,0,0,0,0,0,0,0,0,0,0,1,0,0,0,0,0,0,0,0,0,0,0,0,0,0,0,0,0,0,0,0,0,0,0,1,0,0,0,0,0,0,0,0,0,0,0,0,0,0,0,0,0,0,0,0,1,1,0,0,0,0,0,0,0,0
Ccn2,0,0,0,0,0,0,0,0,0,0,0,0,1,0,0,1,0,4,0,0,0,0,0,0,0,0,0,0,0,0,0,0,0,0,0,0,12,0,0,0,0,0,0,0,0,0,0,0,1,3,0,0,0,0,0,0,0,0,0,0,0,0,1,0,0,0,0,0,0,0,0,0,0,0,0,0,1,0,0,0,0,0,1,0,0,0,0,0,0,0,0,0,0,0,0,0,0,0,0,0,0,0,0,0,0,0,1,1,0,1,0,0,0,2,0,0,0,0,0,0,0,0,0,0,1,0,0,0,0,0,0,0,0,0,0,1,0,0,0,0,0,1,0,0,0,1,0,0,0,0,0,0,0,0,0,0,0,0,0,0,0,0,0,0,0,0,0,0,2,0,0,0,0,0,0,0,0,0,0,0,0,0,0,0,0,0,0,0,0,0,0,0,0,0,0,0,0,0,0,1,0,0,0,0,0,0,0,0,0,0,1,1,0,0,0,0,0,0,1,1,0,0,0,0,0,0,0,0,0,0,0,0,1,1,0,0,0,0,0,0,0,0,0,0,2,0,0,1,0,0,0,0,0,0,0,0,0,0,0,0,0,0,0,0,0,0,0,1,1,0,0,0,0,1,0,0,0,0,2,0,0,0,0,0,0,0,0,0,0,0,0,0,0,0,0,0,0,0,0,0,0,0,0,0,0,1,0,1,0,0,0,0,0,0,0,0,0,0,0,1,0,0,0,0,0,0,0,0,0,0,0,0,0,0,0,1,0,0,0,0,1,0,0,1,0,0,0,0,0,0,0,0,0,0,0,0,1,0,0,0,0,0,0,0,0,0,2,1,0,0,0,0,0,0,0,0,1,0,0,0,0,0,0,0,0,0,2,0,0,0,0,1,1,0,0,0,0,0
Timp3,3,5,13,3,5,12,14,9,1,10,8,1,16,7,5,6,5,5,8,0,0,3,0,5,6,6,7,2,7,4,3,10,9,1,1,3,3,4,4,5,15,3,0,3,2,3,0,6,5,9,12,10,7,10,7,0,11,2,3,0,1,4,3,5,1,0,1,6,4,3,1,1,5,4,4,4,1,4,2,9,3,11,1,1,4,2,0,0,0,4,0,0,12,5,5,5,7,5,8,0,0,1,2,1,1,9,0,2,5,0,2,5,7,2,4,2,2,3,5,3,2,10,2,5,6,3,5,0,4,1,0,5,0,0,1,0,1,6,2,1,1,6,4,10,5,5,6,7,8,6,4,6,4,3,0,6,1,8,6,2,4,1,4,8,1,7,2,7,5,8,0,7,8,6,3,0,4,2,4,2,6,11,2,6,12,8,7,5,9,1,3,2,1,1,7,1,5,8,4,2,4,6,6,11,10,12,6,6,6,3,5,3,1,4,7,7,7,2,4,0,4,0,1,1,2,2,2,0,7,0,4,0,3,4,5,6,0,2,8,10,8,9,3,3,3,4,4,2,0,2,5,3,2,1,11,6,2,2,1,5,1,3,0,1,4,3,1,2,6,5,2,1,1,1,9,4,1,6,3,5,4,2,1,2,6,6,5,1,1,1,2,5,3,2,3,0,7,4,3,3,10,0,0,5,0,4,3,3,1,2,3,0,0,1,3,0,2,1,0,0,0,1,0,17,14,7,2,3,16,4,0,1,0,2,1,8,1,0,5,2,4,1,4,3,1,3,4,1,5,7,1,7,0,8,8,9,2,5,0,4,2,0,9,6,2,9,3,6,4,7,1,1,1,0,0,0,4,6,5,2,3,2,6,5,3,1,1,5,7,3,5,7,3,4,3,0,0,2
Srgn,0,0,0,0,0,0,0,0,1,0,0,0,0,0,0,0,0,0,0,1,0,0,0,0,0,0,0,0,0,0,0,0,1,0,0,0,0,0,0,0,0,0,0,0,0,0,0,0,0,0,0,0,0,0,0,0,0,0,0,0,0,0,0,0,0,0,0,0,0,0,0,0,0,0,0,0,0,0,0,0,0,0,0,1,0,0,0,0,0,0,0,0,0,0,0,0,0,1,2,0,0,0,0,0,0,0,0,0,0,0,0,0,0,0,0,0,0,0,0,0,0,0,0,0,0,0,0,0,0,0,0,0,0,0,0,0,0,0,0,0,0,0,0,0,0,0,0,0,0,0,0,1,0,0,0,0,0,0,0,0,0,0,0,0,0,0,0,0,0,1,0,0,0,0,0,0,0,0,0,0,0,0,0,0,0,0,0,0,0,1,0,0,0,0,0,0,0,0,0,0,0,0,0,0,0,0,0,0,0,0,0,0,0,0,0,0,0,0,0,0,0,0,0,0,0,0,0,0,0,0,0,0,0,0,0,0,0,0,0,0,0,0,0,0,0,0,0,0,0,0,0,0,0,0,0,0,0,0,0,0,0,0,0,0,0,0,0,0,1,0,0,0,0,0,0,0,0,0,0,0,0,0,0,0,0,0,0,0,0,0,0,0,0,0,0,0,0,0,0,0,0,0,0,0,0,0,0,0,0,0,0,0,0,0,0,0,0,0,0,0,0,0,0,0,0,0,0,0,0,0,0,0,0,0,0,0,0,0,0,0,0,0,0,0,0,0,0,0,0,0,0,0,0,0,0,0,0,0,0,0,0,0,0,0,0,0,0,0,0,0,0,0,0,0,0,0,0,0,0,0,0,0,0,0,0,0,0,0,0,0,0,0,0,0,0,0,0,0
Mdm2,1,0,2,2,0,1,2,1,0,1,0,0,2,0,0,0,0,2,0,3,0,1,0,0,0,1,1,2,0,1,0,1,0,0,0,0,0,0,0,0,2,1,1,1,0,3,0,0,0,0,4,0,0,1,1,0,1,0,0,0,0,0,1,0,1,0,2,0,0,1,0,0,0,0,0,0,0,0,2,1,0,0,0,0,0,0,0,0,1,0,0,0,0,2,0,0,3,0,1,0,0,0,0,0,1,0,0,0,0,0,0,0,0,0,1,1,0,0,0,5,0,2,0,1,0,2,1,0,1,1,0,0,0,0,0,0,1,0,0,1,0,1,1,1,0,0,0,1,2,2,3,1,1,1,0,0,1,1,0,1,0,0,2,1,0,1,0,0,1,0,0,2,2,2,2,0,2,1,1,0,1,1,0,1,0,3,0,0,0,0,0,0,0,0,0,2,0,0,0,0,0,0,1,1,1,0,0,0,1,0,1,2,0,0,1,0,1,0,0,0,0,0,0,1,0,0,0,0,0,0,1,0,0,3,1,0,0,0,0,0,0,1,0,0,0,0,1,0,0,0,2,0,0,0,1,0,0,0,0,1,1,0,0,1,0,0,0,0,0,0,2,1,0,1,1,1,1,0,0,1,1,1,0,0,0,2,5,1,0,0,0,0,0,0,0,0,1,0,1,2,0,0,0,1,0,0,0,0,0,0,2,0,0,0,0,0,0,0,0,0,0,0,0,1,1,0,0,1,3,0,3,2,0,2,0,1,0,0,1,3,1,0,0,0,1,1,0,0,0,0,1,1,0,2,3,2,0,2,0,0,0,0,2,0,0,0,1,0,0,0,0,2,0,0,1,0,0,0,1,0,0,0,1,0,0,1,1,1,2,1,2,1,1,0,1,0,0,0
Mpg,0,1,2,0,0,3,0,0,0,1,0,0,1,0,0,0,0,1,2,0,0,0,0,0,1,0,1,0,0,1,0,0,0,1,0,0,1,0,0,0,0,0,0,0,0,0,0,0,0,0,2,0,0,0,0,0,0,0,0,0,0,1,0,0,0,0,0,0,0,0,0,0,1,0,0,0,0,0,0,0,0,1,0,0,0,0,0,0,0,0,0,0,0,0,0,0,1,0,2,0,0,0,0,0,0,0,0,0,0,0,0,0,1,0,0,0,0,0,0,0,0,0,0,1,0,1,0,0,0,2,0,0,0,0,0,0,1,0,0,0,0,0,0,0,0,0,0,0,0,0,0,0,0,0,0,1,0,0,0,0,1,0,0,1,0,0,2,0,1,0,0,0,0,0,0,0,0,0,2,0,1,0,0,2,0,0,1,0,1,0,0,0,0,0,0,0,0,0,0,2,0,0,0,0,1,0,1,0,0,1,1,0,0,0,0,0,0,0,0,0,0,0,0,0,0,1,1,0,0,0,1,1,0,2,0,1,0,0,1,0,1,1,0,0,0,0,1,0,0,0,1,0,1,0,1,0,0,0,0,0,0,0,0,0,0,0,0,1,0,0,1,1,0,0,1,0,0,0,0,1,0,1,0,1,1,0,0,0,1,1,0,0,0,0,0,0,0,0,1,0,1,0,0,0,0,1,0,0,0,0,0,0,0,0,0,0,0,0,0,0,0,0,0,0,0,0,0,1,1,1,0,2,0,2,0,1,0,0,0,0,0,0,0,0,0,1,0,0,0,0,0,0,0,0,1,0,0,0,0,0,0,0,0,1,0,1,0,0,0,0,0,0,1,0,0,0,0,2,0,0,0,0,0,0,0,2,0,0,0,0,0,0,0,0,0,0,0,0
Rad50,0,0,1,1,2,4,0,0,0,0,0,0,0,0,0,0,0,1,0,0,0,0,0,0,0,1,0,0,0,0,0,1,3,0,0,1,0,0,0,0,0,0,0,2,0,0,0,0,0,0,1,0,0,0,0,0,0,0,1,0,0,0,1,0,0,0,0,0,0,1,0,0,0,0,0,0,1,0,0,0,1,0,1,2,0,0,0,0,0,1,0,1,0,1,0,0,1,1,2,0,0,0,0,0,0,0,0,0,1,0,0,0,0,0,2,0,0,0,1,0,0,0,1,1,0,1,0,0,0,0,0,0,0,0,0,0,0,0,0,0,1,2,1,2,1,1,1,1,0,1,0,1,1,2,0,0,0,0,3,0,1,0,0,0,0,0,0,0,0,1,1,0,1,1,0,0,0,0,0,0,1,0,0,3,0,1,0,1,0,1,0,0,0,0,1,1,0,1,0,1,0,0,2,0,0,0,0,0,0,0,2,0,0,0,0,0,0,0,0,0,0,0,1,0,0,0,0,0,1,1,0,0,1,2,0,0,0,0,1,0,0,0,0,0,1,0,0,0,0,0,0,2,0,0,0,0,0,0,0,0,0,0,0,0,1,0,0,0,0,0,0,0,0,0,0,0,1,0,1,0,1,0,0,0,0,0,0,1,0,0,0,0,0,1,0,0,0,0,0,0,0,0,0,0,0,0,1,0,1,0,0,0,0,0,1,0,1,0,0,0,1,0,0,2,0,0,0,2,0,0,0,0,0,0,0,0,0,0,1,1,1,0,0,0,0,0,0,0,0,0,0,1,0,0,1,1,0,0,0,1,0,0,0,0,0,0,0,0,0,0,0,0,1,0,0,0,0,0,0,3,0,0,0,1,0,0,0,0,0,1,1,0,0,0,0,0,0,0
Polm,0,0,0,0,0,1,0,0,0,0,0,0,0,0,0,0,0,0,0,0,0,0,0,0,0,0,1,1,0,0,0,0,1,0,0,1,0,0,0,0,0,0,0,0,0,0,0,0,0,2,3,0,0,0,0,0,0,0,0,0,0,1,0,0,0,0,0,0,0,2,0,0,0,0,0,0,0,0,0,1,0,0,0,0,0,0,0,0,0,0,0,0,1,0,0,0,0,0,0,0,0,0,0,0,0,0,0,0,0,0,0,0,0,0,0,0,0,0,0,0,3,0,0,0,0,0,0,0,0,0,0,0,0,0,0,0,0,1,1,0,0,0,0,0,0,0,1,0,0,0,0,0,0,0,0,0,0,0,1,0,0,0,0,0,0,0,0,0,0,0,0,0,0,0,0,1,1,1,0,0,0,1,0,0,0,0,1,0,1,0,0,0,0,0,0,0,0,0,0,0,0,0,0,0,0,0,0,0,0,0,0,0,0,0,0,0,0,0,0,0,0,0,2,0,0,0,0,1,1,1,0,0,0,0,0,1,0,1,0,1,0,0,0,0,0,0,0,0,0,0,0,0,0,0,1,0,0,0,0,1,0,0,0,0,0,0,0,1,0,0,0,0,0,0,0,0,0,1,0,0,0,0,0,0,0,0,0,0,0,0,0,0,0,0,0,0,1,0,0,0,0,0,0,0,0,0,0,0,0,0,1,0,0,0,0,0,1,0,0,0,0,0,0,0,0,0,0,0,0,0,1,0,0,0,0,0,0,0,0,0,0,0,0,0,0,0,0,0,0,0,0,0,0,1,0,0,0,0,0,0,0,0,0,0,0,0,0,1,0,0,0,0,0,0,0,0,0,1,0,0,0,0,0,0,0,0,0,0,1,0,1,0,0,0,1,0,0,0
Sdc1,0,0,0,0,0,0,0,0,0,0,0,0,0,0,0,0,0,0,0,0,0,0,0,0,0,0,0,0,0,0,0,0,0,0,0,0,0,0,0,0,0,0,0,0,0,0,0,0,0,0,0,0,0,0,0,0,0,0,0,0,0,0,0,0,0,0,0,0,0,0,0,0,0,0,0,0,0,0,0,0,0,0,0,0,0,0,0,0,0,0,0,0,0,0,0,0,0,0,0,0,0,0,0,0,0,0,0,0,0,0,0,0,0,0,0,0,0,0,0,0,0,0,0,0,0,0,0,0,0,0,0,0,0,0,0,0,0,0,0,0,0,0,0,0,0,0,0,0,0,0,0,0,0,0,0,0,0,0,0,0,0,0,0,0,0,0,0,0,0,0,0,0,0,0,0,0,0,0,0,0,0,0,0,0,0,0,0,0,0,0,0,0,0,0,1,0,0,0,0,0,0,0,0,0,0,1,0,0,0,0,0,0,0,0,0,0,0,0,0,0,0,0,0,0,0,0,0,0,0,0,0,0,0,0,0,0,0,1,0,0,0,0,0,0,0,0,0,0,0,0,0,0,0,0,0,0,0,0,0,0,0,0,0,0,0,0,0,0,0,0,0,0,0,0,0,0,0,0,0,0,0,0,0,0,0,0,0,0,0,0,0,0,0,0,0,0,0,0,0,0,0,0,0,0,0,0,0,0,0,0,0,0,0,0,0,0,0,0,1,0,0,0,0,0,0,0,0,0,0,0,0,0,0,0,0,0,0,0,0,0,0,0,0,0,0,0,0,0,0,0,0,0,0,0,0,0,0,0,0,0,0,0,1,0,0,0,0,0,0,0,0,0,0,0,0,0,0,0,0,0,0,0,0,0,0,0,0,0,0,0,0,0,0,0,0,0,0,0
Id2,10,9,12,0,7,7,9,9,2,2,11,0,13,7,8,8,5,1,2,2,1,2,1,4,4,4,13,2,2,13,2,7,7,0,0,3,7,2,1,13,6,2,1,7,8,10,0,1,3,4,16,9,4,12,8,1,8,0,7,1,1,1,8,0,0,0,0,1,3,1,0,0,2,2,2,2,7,2,1,0,2,1,1,2,1,3,1,0,0,2,0,0,6,0,0,1,9,2,10,0,1,0,0,3,0,3,2,1,1,4,0,1,3,0,1,1,8,1,4,3,0,3,0,2,9,10,0,0,1,2,1,3,0,0,0,1,1,1,2,2,6,8,3,7,1,1,3,5,4,5,4,1,0,3,4,7,6,6,7,3,6,4,4,3,2,13,1,2,8,1,0,1,6,2,1,0,1,2,4,2,15,10,1,4,5,9,2,4,6,6,0,0,2,0,0,1,0,4,3,0,2,2,2,3,4,4,7,0,0,3,5,2,0,3,0,2,11,0,1,1,9,0,1,1,4,2,3,5,3,2,2,1,4,5,3,2,1,2,3,1,6,3,1,1,2,4,6,2,1,2,4,2,0,0,5,4,2,0,0,3,0,1,0,0,1,1,0,2,1,1,1,2,1,3,1,1,0,1,0,0,0,0,1,0,1,0,1,0,1,0,1,3,0,0,1,0,1,0,2,1,3,0,0,2,0,0,0,0,0,0,2,0,1,0,1,0,0,0,0,0,0,0,0,14,13,8,0,2,11,2,0,3,0,3,0,9,3,0,6,3,3,1,2,1,3,0,1,0,1,8,0,2,0,12,8,6,1,1,0,4,4,0,8,4,0,4,1,5,1,6,1,1,6,2,1,0,1,3,2,6,4,3,3,0,5,4,5,0,7,3,4,4,2,2,6,1,0,2
P2rx1,0,0,0,0,0,0,0,0,0,0,0,0,1,1,0,0,0,0,0,0,0,0,0,0,0,0,0,0,0,0,0,0,0,0,0,0,0,0,0,0,0,0,0,0,0,0,0,0,0,0,0,0,0,0,0,0,0,0,0,0,0,1,0,0,0,0,0,0,0,0,0,0,0,0,0,0,0,0,0,0,0,0,0,0,0,0,0,0,0,1,0,0,0,1,0,0,0,1,0,0,0,0,0,0,0,0,0,0,0,0,0,0,0,0,0,0,1,0,0,0,0,0,0,1,0,0,0,0,0,0,0,0,0,0,0,0,0,0,0,0,0,0,0,0,0,0,1,0,0,0,0,0,0,0,0,0,0,0,0,1,0,0,2,0,0,0,0,0,0,0,0,0,0,0,0,0,2,1,0,0,0,0,0,0,0,0,0,0,0,0,0,0,0,0,0,0,0,1,0,0,0,0,0,0,0,0,0,0,0,0,0,0,0,0,1,0,0,0,0,0,0,0,0,0,0,0,0,0,0,0,0,0,0,0,0,0,0,0,0,0,0,0,0,0,0,0,0,0,0,0,1,0,0,0,0,0,0,0,0,0,0,0,0,0,0,0,0,0,0,0,0,0,0,0,0,0,0,0,0,0,0,0,0,0,1,0,0,0,0,0,0,0,0,0,0,0,0,0,0,0,0,0,0,0,0,0,0,0,0,0,0,0,0,0,0,0,0,0,0,0,0,0,0,0,2,0,0,1,0,0,0,0,0,0,0,0,0,0,0,0,0,0,0,0,0,0,0,0,0,0,0,0,0,0,0,0,0,0,0,0,0,0,0,0,0,0,0,0,0,0,0,0,0,0,0,0,0,1,0,0,0,0,0,0,0,0,0,0,0,0,0,0,0,0,0,0,0,0
Ntn1,0,0,0,0,0,1,0,1,0,0,1,0,0,0,0,0,0,0,0,0,0,0,0,1,0,0,0,0,0,0,0,0,0,0,0,0,0,0,0,0,0,1,0,0,0,0,0,0,0,0,0,0,0,0,0,2,0,0,0,0,0,0,0,0,0,0,0,0,0,0,0,0,0,1,0,0,0,0,0,0,0,0,0,0,0,0,0,0,0,0,1,0,0,0,0,0,0,0,1,0,0,0,0,0,0,0,0,0,0,0,0,0,1,0,0,0,0,0,0,0,0,0,0,0,0,0,0,0,0,0,0,0,0,0,0,0,0,0,0,0,0,0,0,0,0,0,0,0,0,0,0,0,0,0,0,0,0,0,0,0,0,0,0,0,0,0,0,0,1,0,0,0,0,1,0,0,0,0,0,0,0,1,0,0,0,0,1,0,0,0,0,0,0,0,0,0,0,0,0,0,1,0,0,0,0,0,0,0,0,1,0,1,0,1,0,0,0,0,0,0,0,0,0,0,0,0,1,0,0,0,0,0,0,0,0,0,0,0,0,0,0,0,0,0,0,0,1,0,0,0,0,0,0,0,0,0,0,0,0,0,0,0,0,0,0,0,0,1,1,0,0,0,0,0,0,0,0,0,0,0,0,0,0,0,0,0,0,0,1,1,0,0,0,0,0,0,0,0,0,0,0,0,0,0,0,0,0,0,0,0,0,0,0,0,0,0,0,1,0,0,0,0,0,2,0,0,0,0,0,0,0,0,0,0,0,0,0,0,0,0,0,0,0,0,0,0,0,0,0,0,0,0,0,0,0,0,0,0,0,0,0,0,0,0,0,0,0,0,0,0,0,0,0,0,0,0,0,0,0,0,0,0,0,0,0,1,0,1,0,0,0,0,1,0,0,0,0,0
Pole2,0,0,0,0,0,1,0,0,0,0,0,0,0,0,0,0,0,0,0,0,0,0,0,0,0,0,0,0,0,0,0,0,0,0,0,0,0,0,0,0,0,0,0,0,0,0,0,0,0,0,0,0,0,0,0,0,0,0,0,0,0,0,0,0,0,0,0,0,0,0,0,0,0,0,0,0,0,0,0,0,0,0,0,0,0,0,0,0,0,0,0,0,0,0,0,0,1,0,0,0,0,0,0,0,0,0,0,0,0,0,0,0,0,0,0,0,0,0,0,0,0,0,0,0,0,0,0,0,0,0,0,0,0,0,0,0,0,0,0,0,0,0,0,0,0,0,0,0,0,0,0,0,0,0,0,0,0,0,0,0,0,0,0,1,0,0,1,0,0,0,0,0,0,0,0,0,0,0,0,0,0,0,0,0,0,0,0,0,0,0,0,0,0,0,0,0,0,0,0,0,0,0,0,0,0,0,0,0,0,0,0,0,0,0,0,0,0,0,0,0,0,0,0,0,0,0,0,0,0,0,0,0,0,0,0,0,0,0,0,0,0,0,0,0,0,0,0,0,0,0,0,0,0,0,0,0,0,0,0,0,1,0,0,0,0,0,0,1,0,0,0,0,0,0,0,0,0,0,0,0,0,0,0,0,0,0,0,0,0,0,0,0,0,0,0,0,0,0,0,0,0,0,0,0,0,0,0,0,0,0,0,0,0,0,0,0,0,0,0,0,0,0,0,0,0,0,0,0,0,0,0,0,0,0,0,0,0,0,0,0,0,0,0,0,0,0,0,0,0,0,0,0,0,0,0,0,0,0,0,0,0,0,0,0,0,0,0,0,0,0,0,0,0,0,0,0,0,0,0,0,0,0,0,0,0,0,0,0,0,0,0,0,0,0,0,0,0,0
Ngb,0,3,1,0,0,0,0,1,0,0,0,0,0,1,0,0,0,0,1,0,0,0,0,0,0,0,1,0,0,0,0,1,0,0,0,0,1,0,0,0,0,0,0,0,0,0,0,0,0,0,0,0,0,1,0,0,1,0,0,0,0,0,0,0,0,0,0,0,0,0,0,0,0,0,0,0,0,0,0,0,0,0,0,0,0,0,0,0,0,0,0,0,0,0,0,0,0,0,0,0,0,0,0,0,0,0,0,0,0,0,0,0,0,0,0,0,0,0,0,0,0,0,0,0,0,0,0,0,0,0,0,0,0,0,0,0,1,0,0,0,0,0,0,0,0,0,0,0,0,0,0,0,0,0,0,0,0,0,0,0,0,0,0,0,0,0,0,0,0,0,0,0,0,0,0,0,0,0,0,0,1,0,0,0,0,0,0,0,0,0,0,0,0,0,0,0,0,0,0,0,0,0,0,0,0,0,0,0,0,0,0,0,0,0,1,0,0,0,0,0,0,0,0,0,0,0,0,0,0,0,0,0,0,1,1,0,0,0,1,0,0,0,0,0,0,0,0,1,0,0,0,0,0,0,0,0,0,0,0,0,0,0,0,0,0,0,0,0,0,0,0,0,0,0,1,0,0,0,0,0,0,0,0,0,0,0,0,0,0,0,0,0,0,0,0,0,0,0,0,0,1,0,0,0,0,0,0,0,0,0,0,0,0,0,0,0,0,0,0,0,0,0,0,0,0,0,0,0,1,0,0,0,0,0,0,0,0,0,0,0,0,0,0,0,0,0,0,0,0,0,0,0,0,0,0,0,0,0,0,0,0,0,0,0,0,0,0,1,0,0,0,0,0,0,0,0,0,0,0,0,0,0,0,0,0,0,0,0,0,0,0,0,1,0,1,0,0,0
Mnat1,0,0,0,0,0,0,0,0,0,0,0,0,0,0,0,0,0,0,0,0,0,0,0,0,0,1,0,0,0,2,0,0,0,0,0,0,0,0,0,0,0,0,0,0,0,0,0,0,0,0,0,0,0,0,0,0,2,0,0,0,0,0,0,0,0,0,0,0,0,0,0,0,0,0,0,0,0,0,0,1,0,0,0,0,0,0,0,0,0,0,0,0,1,0,0,0,0,0,0,0,0,0,0,0,0,0,0,0,0,0,0,0,0,0,0,0,0,0,0,1,0,0,0,0,0,0,0,0,0,0,0,0,0,0,0,0,0,0,0,0,0,0,0,0,0,0,0,0,0,0,0,0,0,0,0,0,0,0,0,0,0,0,0,0,0,0,0,0,0,0,0,0,0,0,0,0,0,0,0,0,0,0,0,0,0,0,0,0,0,0,0,0,0,0,0,0,0,0,0,0,0,0,0,0,0,0,0,0,0,0,0,0,0,0,0,0,0,0,0,0,0,0,0,0,0,0,0,0,0,0,0,0,0,1,0,0,0,0,0,0,0,0,0,0,0,0,0,0,0,0,0,0,0,0,0,0,0,0,0,0,0,0,0,0,0,0,0,0,0,0,0,1,0,0,0,1,0,0,0,0,0,0,0,0,0,0,0,0,0,0,0,0,0,0,0,0,0,0,0,0,0,0,0,0,0,0,0,0,0,0,0,0,0,0,0,0,1,0,0,0,0,0,0,0,0,0,0,0,0,0,0,0,0,0,0,0,0,0,1,0,0,0,0,0,0,0,0,0,0,0,0,0,0,0,0,0,0,0,0,0,0,1,0,0,0,0,0,0,0,1,0,0,0,0,0,0,0,0,0,0,0,0,0,0,0,0,0,0,0,0,0,0,0,0,0,0,0,0
Fos,0,0,0,1,1,0,0,0,0,0,0,0,1,0,0,0,0,0,2,0,0,1,0,1,0,0,0,0,0,0,0,0,0,0,0,0,0,0,0,0,0,0,0,0,0,1,0,0,0,1,0,0,0,0,0,0,0,0,0,0,0,0,0,0,0,0,0,0,0,0,0,0,1,0,0,0,0,0,0,0,0,0,0,0,0,0,0,0,0,0,0,0,0,2,1,0,1,0,0,0,0,0,0,0,0,0,0,0,0,0,0,1,0,0,0,0,1,0,0,3,0,0,0,0,0,1,0,0,0,0,0,0,0,0,0,0,0,0,0,0,0,0,0,0,0,0,0,1,1,1,0,0,0,0,0,0,0,0,0,0,1,0,0,0,0,0,0,1,0,0,0,0,0,0,0,0,0,1,0,0,0,0,0,0,0,1,0,0,0,1,0,1,0,0,0,0,0,0,0,0,0,4,0,0,0,0,0,0,0,0,0,0,0,0,0,0,0,1,0,0,0,0,0,0,0,0,0,0,0,0,0,0,0,0,0,0,0,0,0,0,0,0,0,0,0,0,0,0,0,0,0,0,0,0,0,0,0,0,0,0,1,0,0,0,0,0,0,0,0,0,0,0,0,0,1,0,0,0,0,0,0,0,0,0,0,0,1,0,0,0,0,0,1,0,0,0,0,1,0,0,0,0,0,0,0,0,0,0,0,0,0,0,0,0,0,0,0,0,0,0,0,0,0,0,0,1,0,0,1,0,0,1,0,0,0,1,0,0,0,1,0,0,0,1,0,1,0,0,0,4,0,0,0,0,0,0,0,0,0,0,0,0,1,0,0,0,1,0,0,0,0,0,0,0,0,0,0,0,0,0,0,0,0,0,0,0,0,0,0,0,0,1,0,0,0,1,0,0
Gadd45g,3,0,1,0,1,1,1,1,0,0,0,0,0,0,1,4,1,3,0,0,0,2,0,1,0,0,0,1,0,2,1,1,0,0,0,0,0,0,0,2,3,0,0,1,2,0,0,1,0,0,3,0,0,3,0,0,3,0,0,0,0,0,0,1,0,0,0,0,3,0,0,0,1,0,1,2,1,1,0,0,0,0,0,0,0,1,0,0,0,0,0,0,2,0,0,0,0,0,0,0,0,0,0,0,3,1,0,0,1,1,1,4,0,1,2,0,0,0,1,0,0,0,0,0,0,1,0,0,0,0,0,0,0,0,0,0,1,0,0,1,2,1,0,1,0,0,0,0,3,2,4,1,4,5,2,1,1,0,1,1,2,0,0,0,0,1,2,0,1,6,0,3,4,0,0,0,1,4,0,0,0,0,0,0,2,1,0,0,9,1,1,0,0,0,1,1,1,3,0,0,0,0,2,1,0,1,2,0,0,0,1,1,0,0,7,6,0,0,0,0,4,0,1,0,1,1,0,3,3,0,2,0,0,0,0,1,0,0,2,0,1,1,0,1,1,0,3,0,0,1,0,1,0,0,0,1,1,0,1,2,0,0,0,0,1,0,0,2,0,0,0,0,1,1,2,0,2,0,0,0,1,0,0,0,0,0,0,0,1,0,0,1,0,0,0,0,1,0,2,0,0,0,0,0,1,2,1,0,1,0,1,0,0,0,1,1,0,0,1,1,0,0,0,0,0,0,0,0,3,0,0,0,0,0,0,1,1,0,0,1,0,0,2,0,0,0,1,0,0,1,0,0,0,0,1,1,0,0,0,0,0,0,0,1,0,0,0,0,0,0,0,0,0,0,0,0,0,0,0,0,0,0,6,0,1,0,1,1,1,0,0,1,0,1,1,0,0,0
Ccnh,0,0,0,0,0,0,0,0,0,0,0,0,0,0,0,0,0,0,0,0,0,2,0,0,2,0,0,0,0,0,0,0,0,0,0,1,4,0,0,1,0,0,0,0,0,0,0,0,0,0,2,0,1,0,0,0,1,0,0,0,0,1,0,0,0,0,0,0,0,0,0,0,0,0,0,0,0,0,0,0,1,0,0,0,0,0,0,0,0,0,0,0,0,1,0,0,0,0,0,0,0,0,0,1,0,1,0,0,0,1,0,0,0,0,0,0,0,0,0,0,0,1,0,0,0,1,0,0,0,0,0,0,0,0,0,0,0,0,1,2,0,1,0,0,0,0,1,0,1,0,0,0,0,1,0,0,0,0,1,1,0,0,0,2,0,0,0,0,2,0,0,0,1,1,0,0,0,0,0,0,1,0,0,0,0,1,0,0,2,0,0,0,0,0,0,0,0,1,0,0,0,0,0,1,0,0,1,0,0,0,0,0,0,0,0,0,2,0,0,0,0,0,0,0,0,0,0,0,0,0,1,0,0,0,0,0,0,0,1,0,0,0,0,0,0,0,0,0,0,0,1,0,0,1,1,0,1,0,0,0,1,0,0,0,1,0,0,3,0,0,0,0,0,1,1,0,0,0,0,0,0,0,0,0,0,0,0,1,0,0,0,0,0,0,0,0,0,1,0,0,1,0,0,1,0,0,0,0,0,0,0,0,0,0,1,0,1,0,0,0,0,0,0,2,2,0,0,1,0,0,0,0,0,0,0,0,0,0,0,1,0,0,0,0,0,0,0,0,0,2,0,1,0,0,0,0,0,0,0,0,1,0,1,0,0,1,0,0,0,0,0,0,0,0,0,0,0,0,0,0,0,0,0,0,0,2,0,0,0,1,1,2,0,0,0,0,0,0
Sdha,7,17,17,9,4,33,10,12,7,18,10,1,17,12,12,4,11,3,7,1,0,7,1,16,7,14,9,11,9,14,3,14,20,1,0,7,12,1,3,14,13,9,3,8,12,16,1,9,3,22,22,9,13,8,4,0,17,2,10,1,1,8,8,6,5,1,6,4,0,5,1,1,8,2,4,8,5,6,5,3,1,8,7,5,0,0,1,3,1,4,1,3,8,6,14,1,13,6,5,2,3,1,6,2,5,4,0,1,6,8,2,8,7,1,7,5,18,4,23,14,3,14,3,15,9,8,5,0,11,3,0,5,2,0,0,2,6,8,4,4,3,4,7,8,7,7,10,12,7,5,21,9,5,7,2,11,5,18,13,4,9,7,15,6,7,15,12,21,15,14,0,10,23,12,1,0,22,8,1,1,5,12,4,17,8,10,10,5,12,7,4,4,8,0,5,6,4,4,5,11,1,8,5,10,4,9,3,3,2,15,21,8,0,12,6,6,5,4,2,0,4,0,4,1,9,5,3,3,11,4,13,7,9,16,7,5,0,5,7,9,15,5,1,4,5,10,5,5,0,1,5,2,2,0,9,4,6,2,2,4,12,2,5,0,6,8,2,12,2,0,8,7,2,2,11,2,8,5,5,5,10,2,1,5,7,9,7,4,4,2,7,6,8,0,0,0,0,2,3,3,8,0,0,2,1,5,3,1,2,4,5,0,4,2,1,0,3,5,0,0,0,0,1,8,9,8,0,2,8,11,7,12,0,8,0,9,0,2,6,9,5,0,6,6,4,8,2,2,7,11,0,3,0,8,12,4,3,6,1,8,6,0,10,6,0,6,10,11,2,7,0,8,3,1,0,0,1,6,8,8,3,10,13,1,9,16,8,6,3,1,9,8,13,2,6,4,0,3
Slc6a3,0,0,0,0,0,0,0,0,0,0,0,0,0,0,0,0,0,0,0,0,0,1,0,0,0,0,0,0,0,0,0,0,0,0,0,0,0,1,0,0,0,0,0,1,0,0,0,0,0,0,0,0,0,0,0,0,0,0,0,0,0,0,0,0,0,0,0,0,0,0,0,0,0,0,0,0,0,0,0,0,0,0,0,0,0,0,0,0,0,0,0,0,0,0,0,0,0,0,0,0,0,0,0,0,0,0,0,0,0,0,0,0,0,0,0,0,0,0,2,0,0,0,0,0,0,0,0,0,0,0,0,0,0,0,0,0,0,0,0,0,0,0,0,0,0,0,0,0,0,0,0,0,0,0,0,0,0,0,0,0,0,0,0,0,0,0,0,0,0,0,0,0,0,0,0,0,0,0,0,0,0,0,0,0,0,0,0,0,0,0,0,0,0,0,0,0,0,0,0,0,0,0,0,0,0,0,0,0,0,0,0,0,0,0,0,0,0,0,0,0,0,0,0,0,0,0,1,0,0,0,0,0,0,0,0,0,0,0,0,0,0,0,0,0,0,0,0,0,0,0,0,0,0,0,0,0,1,0,0,0,0,0,0,0,0,0,0,0,0,0,0,0,0,0,0,0,0,0,0,0,0,0,0,0,0,0,0,0,0,0,0,0,0,0,0,0,0,0,0,0,0,0,0,0,0,0,0,0,0,0,0,0,0,0,0,0,0,0,0,0,0,0,0,0,0,0,0,0,0,0,0,0,0,0,0,0,0,0,0,0,0,0,0,0,0,0,0,0,0,0,0,0,0,0,0,0,0,0,0,0,0,0,0,0,0,0,0,1,0,0,0,0,0,0,0,0,0,0,0,0,0,0,0,0,0,0,0,0,0,0,0,0,0,0,0,0,0,0
Hapln1,0,3,4,0,1,0,0,4,1,0,2,0,0,2,0,0,0,0,2,0,0,0,0,3,3,1,1,1,1,1,0,0,0,0,0,2,2,0,0,0,1,0,0,2,1,0,0,0,0,1,1,1,2,1,0,2,0,0,0,0,0,0,0,0,0,0,0,2,0,1,0,0,1,0,1,0,0,0,0,0,1,1,0,0,0,0,0,0,0,0,0,0,1,0,0,0,0,0,0,0,0,0,0,0,0,0,0,0,0,0,0,0,0,0,0,1,0,1,0,1,0,0,0,0,0,1,0,0,0,0,0,0,0,1,0,0,0,0,0,0,0,0,1,1,2,0,2,0,0,0,1,1,0,3,0,0,1,4,0,0,1,2,2,0,0,0,0,1,0,1,0,0,0,2,0,0,1,0,1,2,0,1,0,0,0,3,1,0,1,1,1,0,0,0,0,0,0,0,0,1,0,0,0,0,0,1,1,0,0,0,1,1,0,0,0,0,0,0,0,0,0,0,0,0,0,1,0,2,1,1,0,0,0,0,0,0,0,0,0,1,2,2,1,0,0,0,2,1,0,0,1,0,0,0,1,2,0,0,0,1,1,1,0,0,1,1,1,0,0,1,0,0,0,0,1,0,0,0,0,0,1,0,0,0,1,1,0,0,1,1,0,0,0,0,1,0,0,0,0,1,0,0,0,0,0,0,0,0,0,0,1,0,0,0,0,0,0,0,0,0,0,0,0,1,0,0,0,1,1,1,0,0,0,1,0,0,0,0,1,0,0,0,1,0,1,0,0,0,1,0,1,0,0,0,0,0,0,0,0,0,0,0,0,0,0,0,0,1,0,0,0,0,0,0,0,0,1,0,0,1,0,0,0,0,0,1,0,0,1,0,0,4,1,0,1,0,0,0
Xrcc4,0,0,0,2,0,1,0,0,0,1,0,0,0,0,0,0,0,0,0,0,0,0,0,1,0,0,1,1,1,0,0,0,1,0,0,0,0,0,0,0,2,0,0,2,0,0,0,1,0,0,0,1,0,0,0,0,0,1,0,0,0,0,0,0,0,0,0,0,0,0,0,0,0,0,0,0,0,0,0,1,0,0,1,0,0,0,0,0,0,2,0,0,0,0,0,0,2,0,0,0,0,0,0,1,3,0,0,0,0,0,0,0,0,0,1,0,0,0,0,1,1,0,0,0,0,0,0,0,0,0,0,1,0,0,0,0,0,1,0,0,0,0,0,0,1,0,0,0,0,0,0,0,0,1,0,3,0,0,0,0,2,0,1,0,0,0,0,0,0,2,0,0,1,0,1,0,1,0,1,0,2,1,0,1,0,1,0,0,1,1,0,0,0,0,0,0,0,0,0,0,0,0,0,0,0,1,1,0,0,1,0,0,0,0,2,0,0,0,0,0,2,0,0,0,0,0,0,0,1,0,2,0,0,1,0,0,0,1,1,0,2,0,0,0,0,0,0,0,0,0,0,1,0,0,2,0,1,0,0,0,0,0,0,0,0,0,0,0,0,0,0,0,0,0,0,1,1,0,0,0,0,1,0,0,0,1,0,0,0,0,1,1,0,0,0,0,0,0,0,0,1,0,0,0,0,0,1,0,0,0,0,0,0,0,0,0,0,0,0,0,0,0,0,0,0,0,0,2,0,0,0,0,0,1,0,0,0,0,0,0,0,0,1,0,1,1,0,0,0,0,0,0,0,0,3,0,0,1,0,0,0,0,2,0,0,1,1,0,0,0,0,0,0,0,0,0,0,1,0,0,0,0,0,0,0,1,0,0,0,0,1,0,1,0,2,0,0,0
Polk,2,0,0,0,0,0,0,0,0,0,0,0,0,0,0,0,0,0,0,0,0,0,0,0,0,0,0,0,0,1,0,0,0,0,0,0,0,0,0,0,1,1,0,0,0,0,0,0,0,1,0,0,0,0,0,0,0,0,0,0,0,0,1,0,1,0,0,0,0,0,0,0,0,0,0,0,0,0,0,0,0,0,0,0,0,0,0,0,0,0,0,0,0,0,0,0,0,0,0,0,0,0,0,0,0,1,0,0,0,0,0,0,0,0,0,0,0,0,0,0,0,0,0,0,0,0,0,0,1,1,0,0,0,0,0,0,0,0,0,0,0,0,0,0,0,0,0,0,1,1,1,0,0,0,1,0,0,1,1,0,0,0,0,0,0,0,0,0,0,0,0,0,0,0,0,0,0,0,0,0,0,0,0,1,1,0,0,0,1,0,0,0,0,0,0,1,0,0,0,0,0,0,0,1,0,0,0,0,0,1,0,0,0,0,0,0,1,0,1,0,1,0,0,0,0,0,0,0,0,0,0,0,0,0,1,0,0,0,0,0,0,0,0,0,0,0,1,0,0,0,0,0,0,0,0,0,0,1,0,0,0,0,0,0,0,0,0,0,0,0,0,0,0,0,0,0,0,0,0,0,0,0,0,0,0,0,0,0,0,0,0,0,0,0,0,0,0,0,0,0,0,0,0,0,0,0,0,0,0,0,0,0,0,0,0,0,0,0,0,0,0,0,0,0,2,0,0,0,0,0,0,0,0,0,0,0,0,0,1,0,0,0,0,0,0,0,0,0,0,3,0,0,0,0,0,1,0,0,0,0,0,0,0,0,1,0,0,0,0,0,0,0,0,0,0,0,0,1,0,0,0,0,0,0,0,0,0,0,0,0,0,0,0,0,0,0,0,0
Otp,0,0,0,0,0,0,0,0,0,0,0,0,0,0,0,0,0,0,0,0,0,0,0,0,0,0,0,0,0,0,0,0,0,0,0,0,0,0,0,0,0,0,0,0,0,0,0,0,0,0,0,0,0,0,0,0,0,0,0,0,0,0,0,0,0,0,0,0,0,0,0,0,0,0,0,0,0,0,0,0,0,0,0,0,0,0,0,0,0,0,0,0,0,0,0,0,0,0,0,0,0,0,0,0,0,0,0,0,0,0,0,0,0,0,0,0,0,0,0,0,0,0,0,0,0,0,0,0,0,0,0,0,0,0,0,0,0,0,0,0,0,0,0,0,0,0,0,0,0,0,0,0,0,0,1,0,0,0,0,0,0,0,0,0,0,0,0,0,0,0,0,0,0,0,0,0,1,0,0,0,0,0,0,0,0,0,0,0,1,0,0,0,0,0,0,1,0,0,0,0,0,0,0,0,0,0,0,0,0,0,0,0,0,0,0,0,0,0,0,0,0,0,0,0,0,0,0,0,0,0,0,0,0,0,0,0,0,0,0,0,0,1,0,0,0,0,0,0,0,0,0,0,0,0,0,0,0,0,0,0,0,0,0,0,0,0,0,0,0,0,0,0,0,0,0,0,0,0,0,0,0,0,0,0,0,0,0,0,0,0,0,0,0,0,0,0,0,0,0,0,0,0,0,0,1,0,0,0,0,0,0,0,0,0,0,0,0,0,0,0,0,0,0,0,0,0,0,0,0,0,0,0,0,0,0,0,0,0,0,0,0,0,0,0,0,0,0,0,0,0,0,0,0,0,0,0,0,0,0,0,0,0,0,0,0,0,0,1,0,0,0,0,0,0,0,0,0,0,0,0,0,0,0,0,0,0,0,0,0,0,0,0,0,0,0,0,0,0
Htr1a,0,0,0,0,0,0,0,0,0,1,0,0,0,0,0,0,0,0,1,0,1,0,0,0,0,2,0,1,0,0,0,0,1,0,0,0,1,0,1,2,0,1,0,0,0,0,0,0,0,0,0,1,0,0,0,0,0,0,0,0,0,0,0,0,0,0,0,0,0,0,0,0,1,0,0,0,0,0,0,0,0,0,0,0,0,0,0,0,0,0,0,0,0,0,0,0,2,0,0,0,0,0,0,0,0,0,0,0,0,0,0,0,0,0,0,0,0,0,0,0,0,1,0,0,0,0,0,0,0,0,0,0,0,0,0,0,0,0,0,0,0,0,0,0,0,0,0,0,0,0,0,0,0,0,0,0,0,0,0,0,0,0,0,0,0,0,0,0,0,0,0,0,0,0,0,0,0,0,0,0,0,0,0,0,0,0,0,0,0,0,2,0,0,0,1,0,0,0,0,0,0,0,0,0,0,0,0,0,0,0,0,0,0,1,0,0,0,0,0,0,0,1,0,0,0,0,0,0,0,0,0,0,0,0,0,1,0,0,0,0,0,0,0,0,0,1,0,0,0,0,0,0,0,0,0,0,0,0,0,0,0,0,0,0,0,0,1,0,0,0,0,0,0,0,0,0,1,0,0,0,0,1,0,0,2,0,0,0,1,0,0,0,0,0,0,0,0,0,0,0,0,0,0,0,0,0,0,0,0,0,0,0,0,0,0,0,0,0,0,0,0,0,0,0,0,0,0,0,0,0,0,0,0,0,0,0,0,0,0,0,0,0,0,0,0,0,0,0,0,0,0,0,0,0,0,0,1,0,0,0,0,0,0,0,0,2,0,0,0,0,0,0,0,0,0,0,0,0,0,0,0,0,0,0,0,1,0,0,0,0,0,0,0,0,0,1,0,0
Thrb,1,2,0,0,0,0,0,0,2,1,1,0,1,0,0,0,0,0,0,0,0,0,0,0,0,1,0,1,0,0,0,0,0,0,0,1,0,0,0,0,1,0,1,2,0,2,0,0,0,1,3,4,0,0,0,0,1,0,0,0,0,0,0,1,0,0,1,0,0,1,0,0,0,1,1,0,1,2,0,3,0,0,0,0,0,0,0,0,1,0,1,0,1,0,0,1,0,0,1,0,1,0,0,0,0,1,0,0,0,0,0,0,1,0,0,0,0,0,0,1,0,1,0,0,0,0,0,1,0,0,0,0,0,0,0,0,0,2,0,1,0,1,1,0,0,0,1,1,1,1,0,0,2,0,0,1,0,0,0,0,1,0,0,0,0,1,1,0,0,1,0,1,3,1,0,0,0,0,0,0,0,0,0,0,0,0,0,1,0,1,0,0,0,0,0,1,1,0,1,0,0,0,0,0,0,2,0,0,0,0,3,0,0,0,2,0,1,0,0,1,0,0,0,0,1,1,0,0,1,0,2,0,0,1,1,0,0,2,2,1,1,1,0,1,1,0,0,0,0,0,1,0,0,0,0,2,0,0,0,0,0,1,0,0,0,0,0,0,0,0,0,2,0,0,0,0,0,2,0,0,0,0,0,0,1,1,0,1,0,0,1,0,0,0,0,0,0,0,0,0,0,0,0,0,0,0,0,0,0,0,0,1,0,0,0,0,0,0,0,0,0,0,0,1,1,0,0,2,0,1,0,1,0,1,0,0,0,0,0,0,1,0,0,0,0,0,0,0,0,1,0,0,0,0,0,0,0,0,0,0,0,0,0,1,0,1,0,0,0,0,0,0,0,0,1,0,0,0,1,0,0,0,0,0,0,1,0,0,0,0,1,1,0,0,0,0,0,0
Extl3,3,10,2,5,8,10,8,2,2,2,6,0,6,8,1,3,0,3,2,1,2,4,1,3,7,3,9,3,1,1,5,3,5,0,0,1,11,1,0,6,7,2,1,3,5,3,0,6,0,2,7,3,10,10,4,2,10,2,0,1,1,1,1,3,5,0,2,2,2,4,0,1,2,5,0,7,2,7,3,1,2,0,2,5,3,1,1,0,1,3,0,1,5,2,2,1,4,8,5,1,0,0,2,2,5,0,0,1,0,0,1,2,1,1,6,2,7,1,3,7,5,7,6,3,2,5,11,2,4,4,0,4,0,1,1,0,3,1,1,2,4,2,7,1,2,1,2,4,9,4,9,2,4,3,0,5,3,2,5,1,9,4,8,4,4,6,1,3,5,7,0,2,7,7,1,0,4,4,3,1,2,2,1,6,4,3,10,4,4,6,3,1,0,0,5,5,1,1,1,7,0,7,2,3,2,1,5,5,1,4,5,2,1,0,1,5,3,2,0,1,5,2,0,0,3,5,3,4,1,3,5,1,2,3,5,2,1,4,1,10,3,4,1,1,1,2,7,3,0,2,0,1,0,1,5,3,2,3,1,6,2,1,1,2,0,4,1,5,0,1,5,2,6,0,11,5,5,9,2,6,4,6,0,2,6,7,3,3,4,1,5,6,6,1,2,1,1,1,2,2,5,0,1,1,0,3,0,1,3,3,2,3,2,0,1,0,1,0,1,1,1,0,1,4,6,9,0,4,2,1,2,4,0,6,1,4,1,1,3,5,1,2,4,1,3,5,1,0,3,2,0,2,0,1,2,1,1,3,0,5,4,0,4,2,0,2,2,6,2,2,0,2,2,5,2,0,1,12,7,6,0,1,6,1,2,7,2,3,2,1,9,3,1,1,5,5,0,1
Gfra2,1,1,0,0,1,0,0,0,0,4,2,0,1,0,1,0,0,0,3,0,0,1,0,2,2,1,0,1,1,1,1,1,3,1,0,0,0,1,0,0,0,0,0,0,1,0,0,1,0,1,2,2,1,0,0,1,2,0,0,1,0,1,0,2,0,0,0,0,0,1,0,0,2,0,0,0,0,2,3,0,1,1,0,1,0,0,0,0,1,0,0,0,1,1,0,0,0,2,1,0,0,0,0,0,0,0,0,0,0,0,0,0,0,0,1,0,0,0,1,2,0,0,0,1,1,0,0,0,0,0,0,0,0,0,1,0,0,0,0,0,0,2,0,2,0,0,0,0,4,0,4,1,1,0,1,2,3,3,0,0,0,0,0,1,0,2,0,2,1,3,0,0,3,0,0,0,3,1,0,0,1,1,0,0,0,0,1,1,0,0,1,0,1,0,0,1,0,0,0,2,0,4,0,2,0,2,0,1,0,2,0,3,0,1,1,1,0,1,0,1,0,0,1,0,0,0,0,1,0,0,1,0,0,1,1,0,0,0,0,3,0,0,0,0,1,0,0,0,0,0,1,0,0,0,1,0,1,0,0,1,3,1,0,0,1,1,0,1,0,0,0,1,0,0,0,0,2,0,2,0,1,1,1,0,0,0,0,0,0,0,0,2,0,0,1,0,0,0,0,0,0,1,0,0,0,1,0,0,0,0,2,0,0,0,0,0,2,0,0,0,0,0,0,0,0,1,0,1,0,0,1,0,0,0,0,1,0,0,0,0,0,0,1,0,1,0,1,0,2,4,0,0,0,1,1,0,1,0,0,1,0,0,1,1,0,1,0,0,0,0,0,0,1,0,0,0,0,2,0,2,0,1,2,0,1,2,1,0,1,0,0,1,2,0,0,0,0,0
Gdnf,0,0,0,0,0,0,0,0,0,0,0,0,0,0,0,0,0,0,0,0,0,0,0,0,0,0,0,0,0,0,0,0,0,0,0,0,0,0,0,0,0,0,0,0,0,0,0,0,0,0,0,0,0,1,0,0,0,0,0,0,0,0,0,0,0,0,0,0,0,0,0,0,0,0,0,0,0,0,0,0,0,0,0,0,0,0,0,0,0,0,0,0,0,0,0,0,0,0,0,0,0,0,0,0,0,0,0,0,0,0,0,0,0,0,0,0,0,0,0,0,0,0,0,0,0,0,0,0,0,0,0,0,0,0,0,0,0,0,0,0,0,0,0,0,0,0,0,0,0,0,0,0,0,0,0,0,0,0,0,0,0,0,0,0,0,0,0,0,0,0,0,0,0,0,0,0,0,0,0,0,0,0,0,0,0,0,0,0,0,0,0,0,0,0,0,0,0,0,0,0,0,0,0,0,0,0,0,0,0,0,0,0,0,0,0,0,0,0,0,0,0,0,0,0,0,0,0,0,0,0,0,0,0,0,0,0,0,0,0,0,0,0,0,0,0,0,0,0,0,0,0,0,0,0,0,0,0,0,0,0,0,0,0,0,0,0,0,0,0,0,0,0,0,0,0,0,0,0,0,0,0,0,0,0,0,0,0,0,0,0,0,0,0,0,0,0,0,0,0,0,0,0,0,0,0,0,0,0,0,0,0,0,0,0,0,0,0,0,0,0,0,0,0,0,0,0,0,0,0,0,0,0,0,0,0,0,0,0,0,0,0,0,0,0,0,0,0,0,0,0,0,0,0,0,0,0,0,0,0,0,0,0,0,0,0,0,0,0,0,0,0,0,0,0,0,0,0,0,0,0,0,0,0,0,0,0,0,0,0,0,0,0,0,0,0,0,0,0
Lrp10,0,3,0,2,4,1,2,5,4,6,2,1,2,2,1,0,3,2,0,2,1,1,0,1,4,2,6,2,2,12,6,5,3,0,0,2,4,0,3,4,3,0,0,3,0,1,0,7,0,2,1,0,5,4,1,0,4,0,3,2,0,3,3,0,0,1,2,1,0,0,0,0,3,3,0,2,0,0,0,2,3,1,3,4,2,1,1,1,0,0,0,0,0,3,4,1,0,2,1,0,0,0,1,2,2,5,0,1,2,1,1,2,2,1,1,1,0,0,0,2,0,4,0,0,1,0,1,3,0,0,0,0,0,0,0,0,1,2,1,1,0,2,1,1,1,2,5,2,1,1,6,2,0,5,2,4,2,3,6,0,3,2,3,5,1,3,3,1,2,0,1,2,4,2,0,1,3,0,2,0,2,0,1,1,1,1,4,1,4,2,2,0,1,0,0,0,2,3,2,1,1,3,5,3,3,5,5,0,0,0,0,2,1,2,1,0,3,0,4,1,0,0,0,0,0,0,1,1,0,0,2,1,0,2,1,1,1,0,0,4,1,1,1,1,1,0,2,1,0,2,2,0,3,0,2,2,1,0,5,2,3,0,0,0,1,4,1,3,2,0,0,1,0,4,2,0,1,3,2,6,5,0,0,1,0,4,1,2,3,0,1,2,1,0,1,0,3,4,0,1,2,1,0,2,0,0,0,0,0,0,0,0,1,0,0,0,2,0,1,0,0,1,0,5,4,4,0,5,7,2,0,0,0,3,1,1,0,0,5,2,1,0,0,1,2,2,1,0,8,0,0,0,0,1,5,4,0,2,0,3,2,0,4,2,0,4,3,3,1,2,1,4,0,0,0,0,1,1,0,2,1,0,1,1,2,4,1,1,4,0,1,0,1,2,2,1,0,1
Laptm4b,2,5,7,4,3,4,3,6,3,1,4,0,2,5,1,0,4,2,2,0,0,3,0,5,3,1,1,1,0,3,1,5,7,0,0,1,2,1,2,5,4,2,0,1,3,4,0,1,2,2,5,3,3,2,1,1,2,1,0,0,0,3,0,2,2,1,0,0,2,1,0,0,3,3,2,1,1,0,3,1,1,0,0,1,1,0,0,0,0,1,1,1,3,0,0,0,2,1,0,0,0,2,0,0,2,1,0,0,0,1,0,1,0,0,1,0,0,2,4,0,0,0,2,0,4,2,0,1,0,4,0,0,0,0,0,0,0,1,2,0,0,1,2,1,0,2,0,0,0,5,0,1,4,3,2,1,0,4,7,1,0,1,1,1,0,2,0,0,5,2,0,2,3,4,0,0,1,1,1,1,1,2,0,3,3,2,1,4,4,0,1,2,2,0,0,1,0,2,0,7,1,6,3,1,1,4,1,1,0,0,3,0,0,1,2,2,1,3,1,0,1,0,0,0,1,1,1,0,1,3,2,0,0,2,1,0,0,0,0,0,1,1,0,0,0,1,3,1,0,0,1,0,0,0,1,1,3,0,1,0,1,0,0,0,0,2,0,0,2,0,1,1,0,1,1,0,0,0,1,2,5,2,0,1,5,1,1,0,1,2,4,1,0,0,0,0,0,0,1,1,1,0,0,0,0,0,0,2,0,0,0,0,1,0,0,0,0,1,0,1,0,0,0,3,1,1,1,3,1,1,0,4,0,3,1,1,0,0,2,0,2,0,0,2,2,0,2,0,0,0,0,0,0,6,3,3,2,0,0,0,0,1,1,0,1,0,2,1,2,1,0,0,2,2,0,0,1,4,2,1,0,1,2,0,2,0,5,2,3,0,1,3,1,0,0,2,0,0
Sdc2,0,3,2,1,2,4,1,2,0,8,8,0,2,1,1,0,2,1,1,2,0,1,0,1,1,2,3,1,3,6,0,2,0,0,0,2,11,1,1,7,2,3,0,1,0,2,0,2,3,0,5,1,3,3,1,0,3,2,1,0,0,0,0,0,0,0,0,0,0,1,0,0,0,1,1,0,1,0,1,0,0,0,0,0,0,0,0,0,1,0,0,0,1,0,0,4,2,1,2,0,0,0,0,0,2,2,0,0,0,1,0,0,1,0,1,0,1,0,0,0,1,0,0,1,2,0,2,1,0,0,0,0,0,0,1,1,0,0,1,0,0,2,2,1,0,0,2,3,3,3,1,1,3,1,3,0,0,2,10,0,2,0,1,1,0,3,0,0,2,4,0,1,1,5,1,0,1,0,6,4,3,2,0,4,2,0,1,0,0,0,0,1,2,0,0,2,0,3,0,1,1,2,1,4,0,0,0,0,0,1,1,1,3,2,3,4,1,0,0,0,2,0,0,0,3,0,3,2,1,1,3,1,1,2,2,2,0,0,0,0,2,1,0,0,4,0,1,0,0,0,1,0,0,0,0,2,0,0,0,0,0,3,0,0,2,1,0,1,1,1,0,0,1,0,5,0,1,1,0,0,1,0,0,1,0,3,2,1,0,0,1,0,0,0,0,1,2,0,1,0,0,0,0,0,0,0,0,0,0,0,1,0,0,0,0,0,0,0,0,0,0,0,0,1,5,1,0,1,0,0,0,2,0,3,0,3,1,1,5,4,2,0,2,1,0,1,0,0,1,1,0,0,0,3,1,1,0,1,0,1,0,0,0,3,1,1,0,5,0,0,0,0,1,0,0,0,1,1,1,0,0,4,3,0,1,1,4,1,2,0,5,2,2,1,1,3,0,0
Angpt1,0,0,0,0,0,0,0,1,0,0,0,0,0,0,0,0,0,0,0,0,0,0,0,0,0,0,1,0,0,0,0,0,0,0,0,0,1,0,0,0,0,0,0,0,0,0,0,0,0,0,0,0,0,1,0,0,0,0,0,0,0,0,0,0,0,0,0,0,0,0,0,0,0,0,0,0,0,0,0,0,0,0,0,0,1,0,0,0,0,0,0,0,0,0,0,0,0,0,0,0,0,0,0,0,0,0,0,0,0,0,0,0,0,0,0,0,0,0,0,0,0,0,0,0,0,0,0,0,0,0,0,0,0,0,0,1,0,0,0,0,0,0,0,0,0,0,0,0,0,0,0,0,0,0,0,0,0,0,0,0,0,0,0,0,1,0,0,0,0,0,0,0,0,0,0,0,0,0,0,0,0,0,0,0,0,0,0,0,0,0,0,0,0,0,0,0,0,0,0,0,0,0,0,0,0,0,0,0,0,0,0,0,0,0,0,0,0,0,2,0,0,0,0,0,0,0,0,0,0,0,0,0,0,0,1,0,0,0,0,0,1,2,0,0,0,0,0,1,0,0,0,0,0,0,0,0,0,0,0,0,0,0,0,0,0,0,0,0,0,0,1,0,0,0,0,0,0,0,0,0,0,0,0,0,0,1,0,0,0,0,0,0,0,0,0,0,0,0,0,0,0,0,0,0,0,0,0,0,0,0,0,0,0,0,0,0,0,0,0,0,0,0,0,0,0,0,0,0,0,0,0,0,0,0,0,0,0,0,0,0,0,0,0,0,0,0,0,0,0,0,0,0,0,0,0,0,0,0,0,1,0,0,0,0,0,0,0,0,0,0,0,0,0,0,0,0,0,0,0,0,0,0,0,0,0,0,2,0,0,0,0,0,0,0,0,0,0,0
Rbx1,0,0,0,0,0,0,0,0,0,1,1,0,2,0,0,0,0,0,1,0,1,0,0,0,0,0,0,0,0,0,0,0,0,0,0,0,1,2,0,1,1,1,1,0,0,0,0,0,0,0,0,0,0,0,0,0,1,0,0,0,0,1,0,0,1,0,0,0,0,1,0,0,0,0,0,0,0,0,0,0,0,0,0,0,0,0,0,1,0,0,0,0,0,0,0,0,0,0,0,0,0,0,0,0,0,1,0,0,1,2,0,0,2,0,0,0,0,0,0,0,0,0,0,0,0,0,0,0,0,0,0,0,0,0,0,0,0,0,0,0,1,0,0,1,0,0,0,1,0,0,2,0,1,2,0,0,0,1,0,0,0,0,0,0,0,0,0,0,0,0,0,0,2,0,0,0,1,0,1,0,0,0,0,1,1,0,0,0,1,0,0,0,0,0,0,0,1,0,0,2,0,0,0,1,1,1,0,0,0,0,0,0,0,1,0,0,1,0,1,0,0,0,1,0,0,0,0,0,0,0,0,0,0,0,0,0,0,0,0,0,1,0,0,0,0,0,0,0,0,0,0,0,0,0,0,1,0,0,0,0,0,0,0,0,0,0,0,0,0,0,0,1,0,0,0,0,0,0,0,0,0,0,0,0,0,0,0,1,0,1,0,1,1,0,0,0,0,1,0,0,0,0,0,0,0,0,0,0,0,0,0,0,0,0,0,0,0,0,0,0,0,0,0,0,0,0,0,0,0,0,1,0,0,0,0,1,0,0,1,0,0,0,1,0,0,0,0,0,0,2,0,0,0,0,0,1,0,0,0,0,0,0,0,0,0,1,0,0,0,0,0,0,0,0,0,0,0,0,0,0,0,0,0,0,0,0,0,0,0,0,0,0,0,0,0,0,0,0
Ercc4,3,2,2,0,0,0,0,1,0,0,1,0,0,1,1,1,0,0,0,2,0,0,0,0,0,2,0,2,1,1,0,0,0,0,0,0,0,0,0,0,0,0,1,0,0,1,0,0,0,3,1,2,1,1,0,0,2,0,0,0,1,0,1,0,0,0,0,0,0,1,0,0,0,1,0,1,0,0,0,0,0,0,1,0,0,0,0,0,1,1,0,0,0,0,1,0,0,2,1,0,0,0,0,0,0,0,0,0,0,0,0,0,0,0,0,1,0,0,2,1,0,1,0,3,0,0,1,1,1,1,0,0,1,0,0,0,0,1,0,0,0,0,0,0,0,0,0,0,0,1,1,0,0,0,0,0,1,1,0,0,2,0,1,0,0,0,1,2,1,0,0,1,3,0,0,0,1,1,1,2,1,0,0,1,0,0,0,2,0,0,0,0,1,0,2,0,0,1,0,1,1,0,0,1,0,1,0,0,0,1,0,4,0,1,0,1,0,0,0,0,0,0,0,0,3,0,0,1,0,0,0,0,0,0,0,2,0,0,0,0,0,0,0,0,0,0,0,1,0,0,1,0,0,0,0,0,0,0,0,0,0,0,0,0,1,0,0,2,1,0,0,0,0,1,1,3,0,1,0,2,0,0,0,0,0,1,0,0,0,0,0,0,0,0,2,0,0,0,0,0,0,0,1,0,0,0,0,0,0,0,1,0,0,0,1,0,0,1,0,0,0,0,0,1,0,0,0,0,0,1,0,1,0,0,0,1,0,0,0,0,1,0,0,0,1,0,1,0,1,0,0,0,0,2,0,1,0,0,0,0,0,0,1,0,0,1,0,0,0,0,0,0,0,0,0,0,0,0,0,1,0,0,0,0,0,1,1,0,2,0,0,2,1,0,0,0,0,2
Cyc1,4,2,8,4,3,6,9,8,3,7,3,1,3,7,1,0,1,1,3,0,2,2,0,5,7,4,0,5,1,3,1,3,4,0,0,4,8,1,3,5,12,5,0,4,1,3,0,5,0,3,9,1,5,2,3,0,5,1,3,0,0,4,3,2,0,0,2,4,0,3,0,0,0,4,4,2,1,5,1,2,0,3,2,0,0,0,0,0,0,3,0,0,5,2,1,0,3,4,5,0,1,0,0,0,3,0,1,0,2,2,0,0,1,1,1,1,3,2,5,2,0,5,1,3,1,1,0,1,1,0,0,2,0,1,0,0,3,2,3,1,3,1,0,1,2,2,2,5,0,1,5,1,0,2,1,3,2,2,2,1,3,0,3,1,0,4,2,5,1,6,0,2,2,0,1,0,3,0,2,0,2,5,0,3,1,1,4,3,3,0,3,0,3,0,2,1,2,0,0,2,2,8,2,0,4,7,1,0,1,6,7,1,0,2,0,5,2,0,3,0,2,1,2,0,1,0,2,1,3,0,1,0,2,3,2,4,0,4,2,2,4,1,0,1,1,1,0,0,3,0,4,2,0,1,3,4,1,0,3,3,2,0,1,0,0,1,1,7,1,0,2,0,0,0,4,1,2,1,2,2,3,0,0,2,1,2,0,0,3,2,1,3,1,1,0,0,1,1,0,0,1,0,0,1,0,1,1,1,1,1,0,0,0,1,0,1,0,0,1,0,1,0,0,0,4,2,0,3,0,1,0,9,0,4,1,0,0,0,3,3,2,0,4,1,4,4,0,0,1,2,1,1,0,2,4,2,3,0,0,2,0,0,2,1,0,3,3,1,1,3,0,0,2,0,0,0,0,1,1,3,1,3,2,2,1,5,0,0,2,1,1,4,2,0,2,0,0,0
Prkdc,0,0,2,2,0,1,3,2,0,1,2,0,1,0,1,0,0,0,0,0,0,0,0,0,1,2,0,0,0,0,0,1,1,2,0,2,1,0,0,1,1,1,0,2,0,0,0,0,0,0,2,1,1,0,0,0,1,0,0,0,0,0,1,0,0,0,3,0,1,0,0,0,0,0,1,1,1,2,0,1,0,1,0,0,1,0,0,0,0,0,0,0,0,1,1,0,2,0,2,0,0,0,1,0,0,1,0,0,0,1,2,1,2,1,0,0,0,0,1,2,0,0,0,2,0,0,0,0,0,0,0,1,0,0,0,0,0,0,0,1,0,0,0,0,0,0,1,0,0,0,3,1,2,0,0,2,0,0,1,0,3,0,1,0,0,1,0,0,0,0,0,1,4,0,0,0,0,0,2,0,0,2,0,2,0,2,0,0,0,0,1,0,0,0,1,0,0,1,0,0,1,0,4,0,0,0,0,1,0,0,0,0,0,0,0,1,2,0,0,0,0,0,0,0,0,0,0,3,1,1,1,0,0,1,1,2,0,1,0,1,1,1,0,0,0,0,2,0,0,1,1,0,0,0,0,0,2,0,0,0,0,0,0,0,0,0,0,0,0,0,0,1,3,0,1,1,0,0,0,0,0,0,0,0,3,0,0,0,0,1,0,0,1,0,0,0,2,0,0,0,0,1,0,0,0,0,0,0,0,1,0,0,0,0,1,0,0,0,1,0,0,0,0,0,1,0,0,5,0,2,0,0,0,1,0,0,0,1,0,0,3,0,0,0,2,0,0,0,1,0,0,0,0,0,1,1,0,1,0,0,0,0,1,0,0,2,2,0,0,0,0,0,1,0,0,0,0,1,0,1,0,0,2,0,0,0,0,1,0,1,0,1,0,0,2,1,0,0
Tfrc,2,1,1,0,2,1,2,2,0,1,0,1,2,0,1,2,2,1,1,0,0,4,0,3,3,3,5,2,0,1,0,1,2,0,0,2,0,0,2,1,1,4,1,0,1,5,0,2,0,1,2,0,4,2,1,0,0,0,0,1,0,2,1,0,0,0,0,1,0,1,1,0,0,2,0,1,0,0,1,2,0,1,0,0,0,0,0,0,0,1,0,2,1,0,1,0,0,1,2,0,0,0,0,0,1,1,0,1,0,0,0,0,0,0,0,1,1,0,0,4,2,2,0,0,0,2,0,1,2,0,0,0,0,0,0,0,0,0,1,1,0,1,2,2,0,2,5,3,2,6,3,0,3,4,0,2,0,2,4,0,2,1,1,0,0,1,1,0,4,2,0,2,4,1,2,0,1,3,0,0,5,4,1,4,0,1,1,0,1,1,1,0,0,0,0,1,2,2,0,2,1,1,1,4,0,2,1,0,0,3,3,2,0,0,1,0,0,1,1,0,0,0,1,0,1,1,0,3,2,1,0,0,0,2,1,1,1,0,0,0,0,1,0,0,0,2,0,0,0,1,0,4,1,0,3,0,0,0,1,0,2,0,0,1,2,3,0,1,0,1,1,0,1,1,2,0,0,1,3,4,2,2,0,0,1,0,2,1,0,1,0,1,3,0,1,0,0,0,1,0,1,0,1,0,0,1,0,0,0,0,0,0,1,0,0,1,0,0,1,0,0,0,0,2,3,1,0,1,0,1,0,0,0,1,0,1,0,0,0,0,1,0,1,1,1,1,0,0,0,3,2,1,0,3,3,1,0,0,0,2,1,0,2,2,0,1,1,1,1,1,0,1,0,0,0,0,0,0,1,0,0,1,2,2,1,1,1,2,0,1,1,3,1,0,0,1,0,1
Pdia5,0,0,0,0,0,0,1,0,0,0,0,0,0,0,0,0,0,0,0,0,0,0,0,0,0,0,0,0,0,0,0,0,0,0,0,0,0,0,0,0,0,0,0,0,0,0,0,1,0,0,0,0,1,0,0,0,0,0,0,0,0,0,0,0,0,0,0,0,0,1,0,0,0,0,0,0,0,0,0,0,0,0,0,0,0,0,0,0,0,0,0,0,0,0,0,0,0,0,0,0,0,0,0,0,0,0,0,0,0,0,0,0,0,0,0,0,0,0,0,0,0,0,0,0,0,0,0,0,0,0,0,0,0,0,0,0,0,1,0,0,0,0,0,0,0,0,0,0,0,0,0,0,0,0,0,0,0,0,0,0,0,0,0,0,0,0,0,0,0,0,0,0,0,0,0,0,0,0,0,0,0,0,0,0,0,0,0,0,0,0,0,0,0,0,0,0,0,0,0,0,0,1,0,0,0,0,0,0,0,0,0,0,0,0,0,0,0,0,0,0,0,0,0,0,0,0,0,0,0,0,2,1,0,0,0,0,0,0,0,0,0,0,0,0,0,0,0,0,0,0,0,0,0,0,0,0,0,0,0,0,1,0,0,0,0,0,0,0,0,0,0,0,0,0,0,0,0,0,0,0,0,0,0,0,0,0,0,0,0,0,0,0,0,0,0,0,0,0,0,0,0,0,0,0,0,0,0,0,0,0,0,1,0,0,0,0,0,0,0,0,0,0,0,0,0,0,0,0,0,0,0,0,0,0,0,0,0,0,0,0,0,0,0,0,0,0,0,0,0,0,0,0,0,0,0,0,0,1,0,0,0,0,0,0,0,0,0,0,0,0,0,0,0,0,0,0,0,0,0,0,0,0,0,0,0,0,0,0,0,0,0,0,0,0,0,0,0,0
Chodl,0,0,0,0,0,0,0,0,0,0,0,0,0,0,0,0,0,0,0,0,0,0,0,0,0,0,0,0,0,1,0,0,0,0,0,0,0,0,0,0,0,0,0,0,0,0,0,1,1,0,0,0,0,0,0,0,0,0,0,0,0,0,0,0,0,0,0,0,0,0,0,0,0,0,0,0,0,0,0,0,0,0,0,0,0,0,0,0,0,0,0,0,0,0,0,0,0,0,1,0,0,0,0,0,0,0,0,0,0,0,0,0,0,0,0,0,0,0,0,0,0,0,0,0,0,0,0,0,0,0,0,0,0,0,0,0,0,0,0,0,0,0,0,0,0,0,0,0,0,0,0,0,0,0,0,0,0,0,0,0,0,0,0,0,0,0,0,0,0,0,0,0,0,0,0,0,0,0,0,0,0,0,0,0,0,0,0,0,0,0,0,0,0,0,0,0,0,0,0,0,0,0,0,0,0,0,0,0,0,0,0,0,0,0,0,0,0,0,0,0,0,0,0,0,0,0,0,0,0,0,0,0,0,0,0,0,0,0,0,0,0,0,0,0,0,0,0,0,0,0,0,0,0,0,0,0,0,0,0,0,0,0,0,0,0,0,0,0,0,0,0,0,0,0,0,0,0,0,0,0,0,0,0,0,0,0,0,0,0,0,0,0,0,0,0,0,0,0,0,0,0,0,0,0,0,0,0,0,0,0,0,0,0,0,0,0,0,0,0,0,0,0,0,0,0,0,0,0,0,0,0,0,0,0,0,0,0,0,0,0,0,0,0,0,0,0,0,0,0,0,0,0,0,0,0,0,0,0,0,0,0,0,0,0,0,0,0,2,0,0,0,0,0,1,0,0,0,0,0,0,0,0,0,0,0,0,0,0,0,0,0,0,0,0,0,0,0,0
Rfc4,0,0,0,0,0,0,0,0,0,2,0,0,0,0,0,0,0,0,0,0,0,0,0,0,0,0,0,0,0,0,0,1,0,0,0,0,0,0,0,0,0,0,0,0,0,0,0,0,1,0,0,0,0,0,0,0,0,0,0,0,0,0,0,0,0,0,0,0,0,0,0,0,0,1,0,0,0,0,0,0,0,0,0,0,0,0,0,0,0,0,0,1,0,0,0,0,0,0,0,0,0,0,0,0,0,0,1,0,0,0,0,0,0,0,0,0,0,0,0,0,0,0,0,0,0,0,0,0,0,0,0,0,0,0,0,0,0,0,0,0,0,0,0,0,0,0,0,0,0,0,0,0,0,1,0,0,0,0,0,0,0,0,0,1,0,0,0,0,0,0,0,0,0,1,0,0,0,0,1,0,0,0,0,0,0,0,0,0,0,0,0,0,0,0,0,0,0,0,0,0,0,0,0,0,0,0,0,0,0,0,0,0,0,1,0,0,0,0,0,0,0,0,0,0,0,0,0,0,0,0,0,0,0,0,0,0,0,0,0,0,0,0,0,0,0,0,0,0,0,0,0,0,0,0,0,0,0,0,0,0,0,0,0,0,0,0,0,0,0,0,2,0,0,0,0,0,1,0,0,0,0,0,0,0,0,0,0,0,0,0,0,0,0,0,0,0,0,0,0,0,0,0,0,0,0,0,0,0,0,0,0,0,0,0,0,0,0,0,0,0,0,0,0,0,0,0,0,0,0,0,0,0,0,0,0,0,0,0,0,0,0,0,0,0,0,0,0,0,0,0,0,0,0,0,0,0,0,0,0,0,0,0,0,0,0,0,0,0,0,0,0,0,0,0,0,0,0,0,0,0,0,0,0,0,0,1,0,0,0,0,1,0,0,1,0,0,0,1
Rfc2,0,0,1,0,1,1,0,0,0,0,0,0,0,0,0,0,0,0,0,0,0,0,0,0,1,0,0,0,0,1,0,0,1,0,0,0,0,0,0,0,1,0,0,0,0,0,0,0,0,0,1,0,0,0,0,0,0,0,0,0,0,0,0,0,0,0,0,0,0,0,0,0,1,0,0,0,0,0,0,0,0,0,0,0,0,0,0,0,0,0,0,0,0,0,0,0,0,0,0,0,0,0,0,0,0,0,0,0,0,0,0,0,0,0,0,0,0,0,1,0,0,0,0,0,0,0,0,0,0,0,0,0,0,0,0,0,0,0,0,0,2,0,0,0,0,0,0,0,0,1,0,0,0,0,0,0,0,0,0,0,0,0,0,0,0,0,0,0,0,0,0,0,0,0,0,0,0,0,0,0,0,0,0,0,0,0,0,0,0,0,0,0,0,0,0,0,0,0,0,0,0,1,0,0,0,0,0,0,1,0,0,0,0,0,0,0,0,0,0,0,0,0,0,0,0,0,0,0,0,0,0,0,0,0,0,0,0,0,0,0,1,0,0,0,0,0,0,0,0,0,0,0,0,0,0,0,0,0,0,0,0,0,0,0,1,0,0,0,0,0,0,0,0,0,0,0,0,0,0,0,0,0,0,0,0,0,0,0,0,1,0,0,0,0,0,0,0,0,0,0,0,0,0,1,0,0,0,0,0,0,0,0,0,0,0,0,0,0,1,0,0,0,0,0,1,0,0,0,0,0,0,1,0,0,0,0,0,0,1,0,0,0,0,0,0,0,0,0,0,0,0,0,0,0,0,0,1,0,0,0,0,0,0,0,0,0,0,0,0,0,0,0,0,0,0,0,0,0,0,0,0,0,0,0,0,0,0,0,0,0,0,0,0,0,0,0,0,0
Polh,2,0,0,0,0,0,0,0,1,0,1,0,0,0,0,0,0,0,0,0,0,0,0,0,0,2,0,0,0,0,0,0,0,0,0,0,0,0,0,2,0,0,0,0,0,0,0,0,0,0,0,0,0,0,0,0,0,0,0,0,0,0,0,0,0,0,0,0,0,0,0,0,1,0,1,0,0,1,0,0,0,0,0,0,0,0,0,0,0,0,0,0,0,0,0,0,1,0,0,0,0,0,0,0,0,0,0,0,0,0,0,0,0,0,0,0,0,0,0,1,0,0,0,0,0,0,0,0,0,0,0,0,0,0,0,0,0,0,0,0,0,1,0,0,0,0,0,0,0,1,0,0,0,0,0,0,0,0,0,0,0,0,0,0,0,0,0,0,0,0,0,0,0,0,0,0,0,0,1,0,1,0,0,0,0,1,0,0,0,0,0,0,1,0,0,0,0,0,0,0,0,0,0,0,0,0,0,1,0,0,0,0,0,0,0,1,0,0,0,0,0,0,0,0,0,0,0,0,0,0,0,0,0,0,0,0,0,0,0,0,0,0,0,0,0,0,0,0,0,0,0,0,0,0,1,0,0,0,1,0,0,1,0,0,0,0,0,0,0,0,0,0,0,0,0,0,0,0,1,0,0,0,0,0,0,0,0,0,0,0,0,1,0,0,0,0,0,0,0,0,0,0,0,0,0,0,0,0,0,0,0,0,0,0,0,0,0,0,0,1,0,0,0,0,0,0,0,0,0,0,0,0,0,0,0,0,0,0,0,0,0,0,0,0,0,1,0,0,0,1,0,0,0,0,0,0,0,0,0,0,0,0,0,0,0,0,0,0,0,0,0,0,0,0,0,0,0,0,0,0,0,0,0,0,0,0,0,0,0,0,0,1,1,0,0,0,0,0
Galnt14,0,0,0,0,0,0,1,1,0,0,0,0,0,0,0,0,0,0,0,0,0,0,0,0,0,0,0,1,0,0,0,1,0,0,0,0,0,0,0,0,0,0,0,1,0,0,0,0,0,0,0,0,0,0,0,0,0,0,0,0,0,0,0,0,0,0,0,0,0,0,0,0,0,0,0,0,0,0,0,1,0,0,0,0,0,0,0,0,0,0,0,0,0,0,0,0,0,0,0,0,0,0,0,0,0,0,0,0,0,0,0,0,0,0,0,0,0,0,0,0,0,0,0,0,0,0,0,0,0,0,0,0,0,0,0,0,0,0,0,0,0,0,0,0,0,0,1,0,0,0,0,0,0,0,0,0,0,0,0,0,0,0,0,0,0,0,0,0,0,0,0,0,0,0,0,0,0,1,0,0,0,1,0,0,0,0,0,0,0,0,0,0,0,0,0,0,0,0,0,0,0,0,0,0,0,0,0,0,0,0,0,1,0,0,0,1,0,0,0,0,0,0,0,0,1,0,0,0,0,0,0,0,0,0,0,0,0,0,0,1,0,0,0,0,0,0,0,0,0,0,0,0,0,0,0,0,0,0,0,0,0,0,0,0,0,0,0,1,0,0,0,0,0,0,1,0,0,0,0,0,0,0,0,0,0,0,0,0,0,0,1,0,1,0,0,0,0,0,0,0,0,0,0,1,0,0,0,0,0,0,0,0,0,0,0,0,0,0,0,0,0,0,0,0,0,0,0,0,0,0,0,1,0,0,0,0,0,0,0,0,0,0,0,0,0,0,0,0,0,0,0,0,0,0,0,0,0,0,0,0,0,0,0,0,0,0,1,0,0,0,0,0,0,0,0,0,0,0,0,0,0,0,1,0,0,0,0,0,0,0,0,0,0,0,0,0,0,0
Msh2,0,0,0,0,0,0,2,0,0,0,0,0,0,0,0,0,0,0,0,0,0,1,0,0,0,1,0,0,0,0,0,0,1,0,0,0,1,0,0,0,1,0,0,0,0,1,0,0,0,0,0,0,0,0,0,0,2,0,0,0,0,0,0,0,0,0,0,0,0,0,0,0,0,0,1,0,0,0,0,0,0,0,1,0,0,0,0,0,0,0,0,0,0,0,0,0,0,0,0,0,0,0,0,0,0,0,0,0,0,0,0,1,0,0,0,0,0,0,0,0,1,1,0,0,0,0,0,0,0,0,0,0,0,0,0,0,0,0,0,0,0,0,0,0,0,0,0,1,0,1,0,0,0,0,0,0,0,1,0,0,0,0,1,0,1,0,0,0,0,0,0,0,1,0,0,0,0,0,1,0,0,0,0,1,0,1,0,0,0,0,0,0,0,0,0,0,0,1,0,0,0,1,0,0,0,0,0,0,0,0,0,0,0,0,0,0,0,0,0,0,0,0,0,0,0,0,0,0,0,0,0,0,0,0,0,0,0,0,0,0,0,0,0,0,1,0,0,0,0,0,0,0,0,0,0,0,0,0,0,0,0,0,0,0,1,0,0,0,0,0,0,0,0,0,0,0,0,0,0,0,0,0,0,0,0,0,0,0,0,0,0,0,0,0,0,0,0,0,0,0,0,0,0,0,0,0,0,0,0,1,0,0,0,0,0,0,0,0,0,0,0,0,0,0,0,0,0,1,0,0,0,0,0,0,0,0,0,0,0,0,0,0,0,0,0,0,0,0,0,0,0,1,0,0,0,0,0,0,0,1,0,0,0,0,0,0,0,1,0,0,0,0,0,1,0,0,0,0,0,1,0,0,0,0,0,0,0,0,1,0,0,1,0,0,0,0,0,0
Ercc3,1,1,0,1,1,0,1,4,0,0,0,0,2,0,0,0,0,0,0,0,0,5,0,0,0,1,1,0,1,2,0,0,1,0,0,0,1,1,0,3,1,1,0,0,1,1,0,1,0,0,3,2,0,0,2,0,0,0,0,0,0,0,0,0,1,0,0,1,1,1,0,0,1,2,0,0,0,0,0,3,0,0,1,0,0,0,0,0,0,0,0,0,1,1,0,0,2,0,0,0,1,0,0,0,0,1,0,0,0,1,0,0,0,1,0,0,0,1,0,0,1,0,0,1,1,0,0,0,0,0,1,0,0,0,0,0,0,0,0,1,0,0,0,0,0,2,1,1,4,1,0,0,1,0,1,1,0,0,2,0,1,0,1,0,1,1,0,0,1,0,0,0,2,0,1,0,1,2,2,0,0,0,1,0,0,1,0,3,0,2,0,1,0,0,0,2,0,1,0,0,0,1,0,2,0,1,0,0,0,2,1,1,0,1,0,0,1,0,0,0,0,1,0,0,0,0,1,2,0,0,1,0,0,1,1,0,0,0,0,1,2,1,0,0,1,0,0,0,0,1,0,0,0,0,0,0,1,0,0,0,1,0,0,0,2,0,0,0,0,0,0,0,1,0,1,1,0,1,0,0,0,1,0,0,1,3,3,0,0,0,2,0,0,0,0,0,0,0,0,0,0,1,0,0,0,0,0,0,0,0,0,0,0,0,0,0,0,0,0,0,0,0,0,2,0,0,0,0,0,2,0,0,0,1,0,1,0,0,1,0,1,0,0,0,0,1,0,0,0,0,0,0,0,1,2,2,0,0,0,0,1,0,0,0,0,2,1,0,0,0,0,0,0,0,0,0,0,0,1,1,0,0,0,0,0,0,0,0,0,0,1,0,1,0,1,0,0,0
Pdgfrb,2,1,3,9,8,5,5,4,0,2,5,0,7,1,2,3,4,2,1,2,0,1,0,6,6,6,6,2,1,6,5,0,5,0,0,0,0,0,2,6,5,1,2,2,0,3,0,3,1,0,6,3,3,0,1,0,7,1,0,0,0,2,4,4,0,0,1,0,1,5,0,0,3,2,2,1,1,4,0,2,0,2,1,0,2,0,0,1,0,4,0,0,5,0,1,0,3,1,1,0,0,0,0,0,1,1,0,0,1,1,0,2,2,4,0,1,1,2,3,7,1,5,0,6,2,3,2,1,0,2,3,6,1,1,0,0,0,1,0,0,0,1,7,5,2,1,0,2,3,3,2,6,4,1,0,6,1,1,5,0,7,0,6,7,0,6,3,0,0,1,0,8,0,2,0,0,0,0,3,0,1,1,0,7,0,4,0,5,5,2,0,0,0,0,2,5,5,4,3,1,1,2,5,5,1,3,2,0,1,1,2,1,0,1,3,4,2,0,0,0,2,1,1,1,1,1,4,2,3,1,3,0,1,2,4,6,2,4,2,4,5,6,0,0,3,0,4,5,2,0,0,3,1,1,3,2,2,0,0,7,0,0,0,1,2,2,0,3,0,0,5,4,0,2,3,4,3,3,0,2,2,2,0,1,2,2,4,4,1,1,4,1,0,0,0,1,3,0,1,1,2,1,1,1,0,0,1,2,1,0,0,1,1,1,2,0,1,1,1,1,1,0,0,4,3,5,0,2,2,0,1,6,0,2,0,0,0,0,2,1,6,0,1,1,3,0,0,1,3,4,0,1,1,5,4,2,0,2,0,4,3,2,2,2,1,1,1,2,1,2,0,0,0,2,0,0,0,1,1,2,0,1,4,0,1,3,0,0,4,1,4,1,0,3,4,2,0,0
Csf1r,0,0,0,0,1,2,0,1,0,0,0,0,1,0,0,0,1,0,0,1,0,0,0,0,0,1,0,0,0,0,0,2,0,0,0,2,0,0,0,0,0,0,0,1,2,0,0,0,5,0,0,1,0,2,0,0,0,0,0,0,0,0,0,0,0,0,1,0,0,1,0,0,0,0,0,6,0,0,0,0,0,0,0,3,0,0,0,0,0,0,1,0,0,0,0,0,1,0,0,0,0,0,0,0,0,0,0,0,0,0,0,0,0,0,0,1,0,0,0,3,0,0,0,0,0,0,0,2,0,0,0,0,0,0,0,0,0,0,0,0,0,0,0,0,2,0,1,1,0,0,3,0,2,0,0,2,0,3,0,8,0,2,0,0,1,0,0,0,0,0,0,1,3,0,3,0,2,3,0,1,0,0,0,0,1,0,0,2,0,1,0,0,0,0,1,1,0,1,0,0,1,0,0,1,0,0,0,0,0,0,0,0,0,0,0,0,1,1,0,0,0,0,0,0,3,0,0,0,0,0,1,0,0,0,0,0,0,0,0,0,0,3,1,0,3,1,2,0,0,0,2,0,0,0,0,0,0,0,0,0,0,0,1,1,1,0,0,0,0,0,2,0,0,0,0,1,0,0,0,0,0,0,0,0,0,0,1,0,0,1,0,0,1,0,0,0,0,0,1,0,1,0,0,0,0,0,0,0,0,2,0,0,0,0,1,0,0,0,0,0,1,0,0,0,0,3,0,0,0,2,1,0,0,0,0,0,0,0,0,0,0,0,0,0,0,0,1,0,3,0,0,0,0,0,0,1,0,0,0,12,0,2,0,3,0,2,0,0,1,1,0,0,0,1,0,0,0,21,0,0,2,0,0,0,0,0,2,0,0,0,1,0,0,0,1,2,0,0
Fads2,15,11,9,3,8,20,11,4,6,10,10,1,14,5,9,7,8,7,7,1,1,8,0,13,10,11,17,12,13,4,4,10,4,4,0,2,18,1,6,9,5,7,4,10,4,10,0,10,5,19,18,13,4,9,7,0,11,3,5,5,3,8,13,7,1,1,3,8,2,4,0,2,6,5,5,12,4,5,3,11,9,4,5,2,5,4,4,0,2,4,1,2,9,2,5,1,8,5,8,0,1,0,1,0,5,7,3,5,5,4,2,1,4,4,8,4,6,2,10,5,0,8,1,6,2,5,2,5,7,2,0,13,1,1,4,0,3,7,0,7,6,9,11,4,5,9,4,7,4,5,9,5,5,14,1,8,1,3,9,4,8,2,6,9,2,4,13,10,2,6,0,11,16,9,4,0,9,1,4,2,13,5,7,2,11,12,5,11,10,4,5,0,5,1,9,7,6,11,4,8,2,6,14,8,11,6,3,8,1,6,8,11,1,7,7,8,11,3,16,0,8,1,2,5,5,2,4,6,12,8,4,2,5,8,9,8,3,7,3,8,2,7,3,2,9,6,5,6,0,2,17,4,2,1,4,2,7,5,4,5,5,2,2,2,8,6,5,6,5,6,4,8,5,4,7,6,6,6,3,15,16,9,4,1,4,6,7,2,8,3,9,4,2,1,5,1,12,1,3,1,12,0,3,6,1,5,2,3,4,1,5,0,3,4,3,1,1,4,1,3,2,0,1,8,9,7,2,8,8,4,2,4,0,5,1,6,1,0,6,5,6,2,3,8,5,2,3,0,8,9,0,4,1,8,4,11,2,2,0,3,1,2,3,6,0,6,3,6,1,3,0,1,0,1,1,0,1,6,6,6,2,4,8,6,4,4,3,5,6,10,5,12,7,1,11,5,1,2
Ddb1,2,3,2,1,0,4,4,1,0,2,3,1,4,2,2,0,1,0,0,1,1,2,0,1,2,2,4,3,1,4,2,3,5,0,0,3,2,1,0,6,4,0,1,0,3,6,0,2,2,2,3,2,0,5,3,0,8,1,0,1,0,3,1,1,1,0,2,1,0,0,0,0,1,0,4,1,1,0,2,0,1,1,1,0,1,0,0,1,0,2,0,0,1,1,4,1,2,1,1,0,0,0,0,1,1,2,2,0,1,0,0,2,2,1,1,2,3,0,3,2,0,0,1,2,3,1,0,0,1,1,0,2,1,0,0,0,1,1,0,0,0,0,1,1,0,0,0,2,2,3,5,4,2,1,0,2,0,2,2,1,1,3,2,0,1,4,0,0,4,3,0,2,2,1,0,0,3,1,2,0,2,2,1,0,2,3,6,2,2,1,3,0,3,0,1,2,0,1,1,1,0,0,1,1,2,1,0,3,2,0,4,1,0,0,1,1,2,1,3,0,1,0,0,0,0,1,1,1,3,0,1,0,1,2,1,2,0,1,0,2,0,1,0,1,1,1,2,1,0,1,4,0,1,0,2,1,0,2,0,2,1,1,0,1,0,2,0,1,0,0,3,0,0,0,3,2,1,2,1,2,1,2,0,1,0,1,2,4,1,0,1,1,0,0,1,0,1,1,1,0,1,1,0,1,1,1,0,0,0,0,1,0,2,0,0,0,1,0,0,0,0,0,0,3,2,3,1,2,3,2,1,0,0,1,1,1,0,0,1,0,1,2,1,2,1,1,1,1,0,4,0,0,0,0,2,4,1,1,0,2,1,1,1,1,0,0,0,1,0,2,0,0,0,0,0,0,0,2,1,1,0,1,1,0,1,0,1,1,5,0,1,0,1,0,1,0,0,0
Fen1,0,0,0,0,0,1,0,4,0,0,0,0,0,0,0,0,0,0,0,0,0,0,0,0,0,1,0,0,0,0,0,0,1,0,0,0,0,0,0,0,0,0,0,0,0,1,0,0,0,0,0,0,0,0,0,0,0,0,0,0,0,0,0,0,0,0,0,0,0,0,0,0,0,1,0,0,0,0,0,0,0,0,0,0,0,0,0,0,0,0,0,0,0,0,0,0,0,0,0,0,0,0,1,0,0,0,0,0,0,0,0,0,0,0,0,0,0,0,0,0,0,1,0,0,0,0,1,1,0,0,0,0,0,0,0,0,1,0,0,0,0,0,0,0,0,1,0,0,0,0,0,0,0,0,0,0,0,0,0,0,0,0,0,0,1,0,1,0,0,1,0,0,0,1,0,0,0,0,0,0,0,0,0,0,0,1,0,0,0,0,0,0,1,0,0,0,0,0,0,1,0,0,0,0,0,0,0,0,0,0,0,0,0,0,1,0,0,0,0,0,0,0,0,0,1,1,0,0,0,0,1,0,0,0,0,0,0,1,2,1,0,0,0,0,0,0,0,0,0,0,0,0,0,0,0,0,0,0,0,0,0,0,0,0,0,0,0,0,0,0,0,0,0,0,0,1,0,0,0,0,0,0,0,1,0,0,0,0,0,0,0,0,0,0,0,0,0,0,0,0,0,0,0,0,0,0,0,0,0,0,0,0,0,0,0,0,0,0,0,0,0,0,0,0,0,0,0,1,0,0,0,0,0,0,0,0,1,0,0,0,0,0,0,0,0,0,0,0,0,0,0,0,0,0,0,0,0,0,0,0,1,0,0,0,0,0,0,0,0,0,0,0,0,0,0,0,0,2,0,0,0,0,0,0,0,0,0,1,1,0,0,0,0,1,0,0,0,0
Grk2,6,13,11,7,8,25,11,19,10,14,9,0,13,9,13,3,8,2,10,2,0,9,0,7,9,19,16,17,11,8,13,14,9,1,0,11,13,3,3,14,13,10,3,7,12,15,0,19,4,8,24,15,9,15,7,1,18,2,16,4,0,7,15,4,4,1,8,7,5,3,0,4,5,10,12,10,5,7,6,2,7,10,7,8,4,3,4,1,6,3,3,4,11,5,10,8,4,8,13,1,5,0,3,8,12,5,6,5,4,4,3,6,4,4,7,11,18,2,13,21,5,8,1,12,13,12,8,5,6,8,0,7,3,3,12,0,8,3,3,7,7,4,6,20,9,5,4,6,6,8,13,19,11,14,2,15,13,12,11,4,20,14,11,15,9,15,14,41,14,19,1,10,10,10,10,2,14,5,5,3,5,9,4,14,9,4,17,14,14,8,17,1,8,0,12,8,3,8,0,9,4,14,3,8,12,14,3,15,1,18,14,10,1,16,7,8,8,6,14,1,3,2,1,8,2,7,15,5,5,6,15,11,11,12,23,9,4,11,6,12,11,13,6,1,12,15,4,4,2,2,5,4,4,2,11,8,8,1,5,10,9,6,5,1,7,3,1,9,5,3,12,8,4,1,17,6,15,9,9,17,9,4,3,4,14,13,10,7,7,7,16,5,10,3,6,1,4,0,8,13,6,3,4,6,0,3,8,4,7,2,11,2,7,1,9,1,6,9,3,2,3,0,1,3,17,17,1,2,12,5,4,12,0,6,1,11,2,0,7,8,1,6,10,5,7,11,0,0,8,10,0,7,2,4,11,6,3,9,1,13,2,3,7,6,0,8,3,3,3,8,0,4,5,3,0,1,2,13,7,11,5,2,11,5,9,5,4,2,7,12,9,12,6,0,8,3,2,0
Tll2,0,0,0,0,0,0,0,0,1,0,0,0,0,0,0,0,0,0,0,0,0,1,0,0,0,0,0,0,0,0,0,0,1,0,0,0,0,0,1,0,0,0,0,0,0,0,0,0,0,0,0,0,0,0,0,0,0,0,0,0,0,0,0,0,0,0,0,0,0,0,0,0,0,0,0,0,0,0,0,0,0,0,0,0,0,0,0,0,0,0,0,0,0,0,0,1,1,0,1,0,0,0,0,0,1,0,0,0,0,0,0,0,0,0,0,0,0,0,0,1,0,0,0,0,0,0,0,0,0,0,0,0,0,0,0,0,0,0,0,0,0,0,0,0,0,0,0,0,0,0,0,0,0,0,0,0,0,0,0,0,0,0,0,1,0,0,0,0,0,0,0,0,0,0,0,0,0,0,0,0,0,0,0,1,2,0,0,0,0,0,0,0,0,0,0,0,0,0,0,0,0,0,1,0,1,0,0,0,0,0,0,0,0,0,0,0,0,0,0,0,0,0,0,0,0,0,0,0,0,0,0,0,0,0,0,0,0,0,0,0,0,0,0,0,0,0,0,0,0,0,2,0,1,0,0,0,0,0,0,0,0,0,0,0,0,0,0,0,0,0,0,0,0,0,0,0,0,0,0,0,0,0,0,0,0,0,0,0,0,0,0,0,0,0,0,0,0,0,0,0,0,0,0,0,0,0,0,0,0,0,0,0,0,0,0,0,0,0,0,0,1,0,0,0,0,0,0,0,0,0,0,1,0,0,0,0,0,0,0,0,0,0,0,0,0,0,0,0,0,0,0,0,0,0,0,1,0,0,0,0,0,0,0,0,0,0,0,0,0,0,0,0,0,0,0,0,0,0,0,0,0,0,0,0,0,1,0,0,0,1,0,0,0,0,0,0,0,0
Poll,1,0,0,1,1,0,0,1,0,0,3,0,0,0,0,0,0,0,0,0,0,0,0,0,5,0,2,0,0,0,1,1,1,0,0,0,0,0,0,0,0,0,0,0,0,0,0,0,0,0,0,0,1,0,0,0,0,0,0,0,0,2,1,0,0,0,0,0,0,0,0,0,1,0,0,0,0,0,0,0,0,0,0,0,0,0,1,0,0,1,0,0,0,0,1,0,0,1,1,0,0,0,0,1,0,1,0,0,0,0,0,0,0,1,0,0,0,0,0,0,0,2,0,1,0,1,0,0,0,1,0,1,0,0,0,0,1,1,0,0,0,0,1,0,2,0,1,0,0,1,0,2,0,0,0,0,0,1,0,1,2,0,0,0,0,0,2,0,0,0,0,0,4,0,0,0,0,0,0,0,0,5,0,0,0,0,0,2,0,0,1,0,1,0,0,0,0,2,0,1,2,1,0,0,0,1,0,0,1,0,2,5,0,0,0,2,2,0,0,0,0,0,0,0,1,0,1,0,1,0,0,0,0,0,1,1,0,0,0,0,2,1,0,0,0,0,1,0,0,0,1,0,0,0,0,2,1,0,0,0,0,0,0,0,0,0,0,2,0,0,1,0,0,0,1,0,0,0,1,0,1,0,0,2,0,0,0,1,0,2,0,1,0,0,1,0,0,0,0,2,0,0,0,2,0,1,0,0,0,0,1,0,0,0,0,0,0,0,0,0,0,0,0,1,0,0,0,0,0,0,0,2,0,0,0,0,0,0,0,1,0,0,2,0,0,0,0,0,0,1,0,0,1,0,0,0,0,0,0,0,0,0,1,0,0,1,0,0,0,0,0,0,0,0,0,0,0,1,0,1,0,0,0,0,0,0,0,1,0,0,0,0,1,0,0,0,0,1
Apex2,1,0,0,0,0,1,0,0,0,0,1,0,0,0,0,0,0,0,0,1,0,0,0,1,0,2,0,1,0,0,1,1,0,0,0,0,0,0,0,2,1,0,0,0,0,0,0,0,0,1,0,0,0,0,0,0,1,0,0,0,0,0,0,0,0,0,0,0,0,0,0,0,0,0,1,0,0,0,0,0,0,2,0,0,0,0,0,0,0,0,0,0,0,0,0,0,0,0,0,0,0,0,0,0,0,0,1,2,0,0,0,0,0,0,0,0,0,0,0,0,0,0,0,0,0,0,0,1,0,0,0,0,0,0,0,0,1,1,0,0,0,0,0,0,0,2,0,0,0,1,0,0,0,0,0,0,0,0,0,0,1,0,0,0,0,0,0,0,0,0,0,0,1,0,1,0,0,1,0,0,0,0,1,0,0,0,0,0,0,0,0,1,0,0,0,0,2,0,0,0,0,0,0,1,0,0,0,1,0,0,0,0,0,0,0,0,0,0,0,0,0,1,0,0,0,0,0,0,0,1,0,0,0,0,1,0,0,0,2,0,0,2,0,0,0,0,1,0,0,0,0,0,0,0,1,0,0,1,0,0,0,0,0,0,0,1,0,0,0,0,0,0,0,0,0,0,0,0,0,0,0,0,0,0,0,0,1,0,0,0,0,0,0,0,0,0,0,0,0,0,0,0,0,1,0,0,0,0,0,0,0,0,0,0,0,0,0,0,0,0,0,0,0,0,1,0,0,1,0,0,0,1,0,0,0,1,0,0,0,0,0,0,0,0,0,1,1,0,1,0,0,0,0,0,0,0,0,0,0,0,0,0,0,0,0,0,0,0,0,0,1,0,0,0,0,0,0,0,0,0,0,0,0,0,0,0,0,0,0,0,0,0,0,0,0,0,0,0
Atp5b,11,13,9,17,13,24,15,20,9,22,8,1,10,11,8,8,7,7,4,0,1,3,0,15,6,9,16,6,3,10,7,13,15,1,0,7,11,8,3,11,11,16,2,12,12,12,3,14,4,5,25,23,11,21,5,3,21,4,7,1,1,5,9,4,0,0,1,4,0,1,0,1,1,3,7,7,7,2,1,5,4,8,3,1,0,0,1,0,0,1,0,1,8,2,7,2,8,4,5,0,3,1,3,2,7,3,2,2,3,7,1,2,3,1,6,1,12,6,7,15,2,19,5,6,11,11,4,0,5,3,0,6,1,1,2,0,2,2,2,4,1,7,3,11,4,2,2,16,6,7,17,9,2,8,5,9,5,11,15,2,15,8,8,5,5,20,4,11,16,17,2,5,6,12,5,0,10,5,3,4,5,13,5,11,10,11,9,8,5,11,8,3,5,2,8,8,4,6,4,5,2,18,7,8,9,16,5,9,0,9,20,5,1,15,2,2,13,1,4,0,6,2,2,2,13,6,4,5,4,5,8,4,3,8,7,5,0,8,8,8,4,8,4,3,2,11,7,3,0,1,5,1,5,0,2,8,4,1,1,6,3,4,1,2,5,7,4,10,5,2,5,4,0,1,11,7,5,2,1,5,7,4,0,9,7,7,3,7,9,6,11,6,6,0,1,0,4,1,6,0,4,3,0,1,0,1,4,2,4,0,5,1,3,0,1,0,5,1,3,1,0,0,0,15,12,13,0,3,5,12,5,10,0,10,0,9,2,0,1,10,4,4,6,3,5,6,2,1,14,10,2,0,0,11,7,6,5,4,1,5,5,0,1,2,0,8,4,17,5,4,0,0,0,0,2,0,0,10,8,6,5,8,11,1,6,9,9,8,14,1,7,8,8,2,6,5,1,1
Atp5a1,20,39,25,27,14,54,36,36,18,43,24,1,29,24,19,10,15,13,22,4,2,9,0,21,13,24,27,11,7,26,10,35,32,1,0,12,31,9,9,25,26,20,9,13,11,22,2,15,8,25,63,39,25,38,17,0,37,9,14,6,0,14,15,8,8,2,7,6,3,9,0,0,12,8,3,17,4,6,7,8,6,16,24,6,4,1,1,4,5,7,1,11,9,8,16,6,19,19,7,0,2,2,5,10,14,7,8,1,2,14,2,9,9,5,7,8,42,6,26,16,5,29,2,23,21,15,18,10,14,16,0,12,1,4,2,4,14,10,6,7,22,17,11,12,9,18,22,30,16,17,32,16,12,13,10,16,15,27,20,12,27,25,30,22,3,28,17,29,37,28,1,9,26,27,15,0,29,15,24,4,13,29,10,33,13,10,17,6,13,19,24,7,19,1,9,31,4,10,6,26,4,25,21,19,16,32,16,15,10,12,58,19,4,15,13,20,24,7,10,0,12,5,5,0,10,5,9,16,16,9,19,5,5,17,19,8,1,13,7,10,18,18,4,2,7,12,12,2,1,4,5,7,10,2,13,16,15,3,2,11,22,8,4,2,8,22,9,29,5,5,16,9,3,6,35,12,10,9,6,12,13,6,4,4,14,10,15,8,10,17,20,15,11,2,10,3,10,7,11,11,1,3,8,16,3,5,6,6,16,4,6,4,3,4,5,0,14,10,9,1,3,3,0,17,31,32,5,17,17,13,10,16,1,21,0,29,4,4,7,28,8,7,11,4,12,20,14,2,9,24,1,6,1,20,9,12,9,6,2,23,16,9,17,12,1,9,15,21,4,9,0,4,8,4,3,1,2,16,17,23,4,9,18,9,6,15,3,6,12,0,10,15,18,6,13,7,1,11
Rptor,4,3,4,3,5,4,1,8,3,4,2,0,3,3,3,0,2,2,2,0,1,1,0,4,4,5,1,1,2,3,1,1,2,1,0,2,2,1,1,1,3,0,1,2,0,2,0,0,0,6,9,4,2,6,1,0,5,2,0,1,0,2,1,1,1,0,1,1,0,2,0,0,1,4,2,5,2,1,0,4,2,3,2,3,1,0,1,0,0,2,1,2,0,2,1,1,4,0,3,0,0,0,1,0,1,1,0,0,2,1,1,2,2,2,1,2,4,1,3,3,0,5,0,1,1,2,3,2,1,0,0,2,0,0,1,0,1,6,0,0,0,3,2,0,3,2,5,0,2,4,2,3,2,5,1,0,1,3,6,0,5,3,5,2,1,2,1,0,3,4,1,1,10,3,0,0,2,2,4,0,5,3,1,1,2,1,4,3,4,2,2,0,1,0,3,1,1,2,2,0,1,1,4,3,1,4,3,4,2,0,8,5,1,0,3,4,6,0,2,0,2,0,0,1,2,4,2,1,8,0,5,0,5,2,1,3,0,0,1,6,2,3,0,0,1,2,3,1,0,3,2,2,3,0,1,2,2,2,0,1,4,1,0,1,4,0,0,2,1,0,4,0,0,1,3,1,2,4,1,2,9,4,1,0,1,0,8,1,0,0,1,1,1,0,1,0,1,0,1,1,1,0,0,1,1,2,0,0,1,0,0,1,0,0,1,0,3,1,1,0,0,0,0,3,1,2,0,5,2,1,1,1,0,2,0,3,0,3,3,0,3,0,1,1,4,2,1,0,3,7,0,0,0,1,1,0,0,0,0,0,0,1,2,0,0,2,2,2,1,2,0,0,1,1,0,0,0,0,1,2,2,1,2,1,0,5,1,0,3,1,1,0,4,0,2,0,0,0
Uqcrc1,8,18,8,11,5,26,9,19,8,27,14,2,11,24,8,6,9,8,12,1,2,6,0,10,8,8,2,11,6,7,5,15,17,1,1,6,10,4,9,19,21,10,2,6,9,18,0,12,0,12,31,22,11,9,3,2,17,8,3,4,0,7,3,2,5,3,5,9,1,8,1,0,7,5,2,8,5,3,4,1,6,12,6,4,2,0,0,2,2,3,1,0,6,8,5,0,12,9,3,0,4,0,6,2,5,6,3,5,2,6,0,3,2,1,7,2,8,4,12,10,4,10,5,18,10,5,8,1,3,4,0,0,1,1,0,3,2,5,4,8,5,6,7,4,2,2,9,7,5,8,11,7,4,7,1,3,8,8,13,6,20,5,9,7,0,11,4,10,10,14,0,1,14,6,5,1,10,8,6,0,5,7,2,6,6,6,3,10,7,12,7,0,12,0,7,10,1,8,0,5,8,17,0,10,12,23,8,6,1,7,32,7,1,8,3,3,10,4,4,0,5,3,6,1,8,6,4,9,9,3,9,0,10,8,7,7,1,7,4,7,9,10,0,6,5,5,6,1,0,1,5,1,1,0,5,4,2,1,1,5,6,7,2,5,7,7,5,8,1,2,9,5,1,3,26,4,4,5,2,7,3,3,1,2,5,4,13,9,3,5,4,3,4,0,4,0,3,1,2,3,0,1,0,4,0,3,7,0,3,1,3,0,1,0,5,0,5,4,1,2,1,0,0,7,16,8,2,4,7,6,6,12,1,4,1,5,1,0,3,12,1,1,6,3,3,6,4,0,5,6,0,3,2,10,6,3,6,3,2,3,10,2,4,5,0,3,4,9,3,3,1,2,5,2,0,0,0,10,5,6,5,0,8,2,3,6,2,4,14,4,5,5,5,4,9,4,0,2
Nmb,0,0,0,0,0,0,0,0,0,1,0,0,1,0,0,0,0,0,0,0,0,0,0,0,0,1,0,0,0,0,0,0,0,0,0,0,0,0,0,0,1,0,0,0,0,0,0,0,0,0,0,0,0,0,0,0,0,0,0,0,0,0,1,0,1,0,0,1,0,0,0,0,0,0,0,0,1,0,0,0,0,0,0,0,0,0,0,0,0,0,0,0,0,0,0,0,0,0,0,0,0,0,0,0,0,0,0,0,0,0,0,0,0,0,0,0,0,0,1,0,0,0,0,0,0,0,0,0,0,0,0,0,0,0,0,0,0,0,0,1,0,0,0,0,0,0,0,0,0,0,0,0,0,0,0,1,0,0,0,0,0,0,0,0,0,0,0,0,0,0,0,0,0,0,0,0,0,0,0,0,0,0,0,0,0,0,0,0,1,0,0,0,0,0,0,0,0,0,0,0,0,0,0,0,0,0,0,0,0,0,0,0,0,0,0,0,0,0,0,0,0,0,0,0,0,0,0,0,0,0,0,0,0,0,0,0,0,0,0,0,0,0,0,0,0,0,0,0,0,0,0,0,0,0,0,0,0,0,0,0,0,0,0,0,0,0,0,0,0,0,0,0,0,0,1,0,0,0,0,0,0,0,0,0,0,0,0,0,0,0,0,0,0,0,0,0,0,0,0,0,0,0,0,0,0,0,0,0,0,0,0,0,0,0,0,0,0,0,0,0,0,0,0,0,1,0,0,0,0,0,0,0,0,0,0,0,0,0,0,0,0,0,0,0,0,0,0,0,0,0,0,0,0,1,0,0,0,0,0,0,0,0,0,0,0,0,0,0,0,1,0,0,0,0,1,0,0,0,0,0,1,0,0,0,0,0,0,0,0,0,0,0,0,0,0,0,0,0
St8sia2,0,0,0,0,0,0,0,0,0,1,0,0,0,0,0,0,0,0,1,0,0,0,0,0,0,0,0,0,0,0,0,0,0,0,0,0,0,0,0,0,0,0,1,0,0,0,0,0,0,0,0,1,0,0,0,0,0,0,2,1,0,0,0,1,0,0,0,0,0,0,0,0,0,0,0,0,0,0,0,0,0,0,0,0,0,0,0,0,0,0,0,0,0,0,0,0,0,1,0,0,0,0,0,0,0,0,0,0,0,0,0,0,0,1,0,0,0,0,0,0,0,0,0,0,0,0,0,0,0,0,0,0,0,0,0,0,0,0,0,0,0,1,0,0,0,0,0,0,0,0,0,0,0,0,0,1,0,0,1,0,0,0,0,0,0,0,0,0,0,0,0,0,0,0,0,0,0,0,0,0,0,0,0,0,0,0,0,0,0,0,0,0,0,0,0,0,0,2,0,0,0,0,0,0,0,0,0,0,0,1,0,0,0,0,0,0,0,0,0,0,0,0,0,0,0,0,0,0,0,0,0,0,0,0,0,0,0,0,0,0,0,0,0,0,0,0,0,0,0,0,1,0,0,0,1,0,0,2,0,0,0,0,0,0,0,1,0,0,0,0,0,1,1,0,0,1,0,0,0,0,0,0,0,0,0,0,1,0,0,0,0,0,0,0,0,0,0,0,0,0,0,0,0,0,0,0,0,0,0,0,0,0,0,0,0,0,0,0,0,0,0,0,0,0,0,0,0,0,0,0,0,0,0,0,0,0,0,0,0,0,0,0,0,0,0,0,0,0,0,0,0,0,0,1,0,0,0,0,0,0,0,0,0,0,0,0,0,0,0,0,0,0,0,0,0,0,0,0,0,0,0,0,0,0,0,1,0,0,0,0,0,0,0,0,0,0,0,1
Nrp1,2,0,4,0,0,3,2,2,0,4,0,0,0,0,0,0,0,3,1,1,0,0,0,0,0,0,0,2,0,2,2,0,2,0,0,2,1,1,1,0,2,1,1,0,0,2,0,0,1,3,1,2,2,0,0,0,3,1,1,0,0,0,1,0,0,0,0,0,0,0,0,0,1,1,0,0,0,0,0,2,0,0,0,1,0,0,1,0,0,1,0,0,0,2,0,1,1,1,0,0,0,0,2,0,1,0,0,0,2,0,0,0,0,0,3,0,1,0,2,1,0,0,1,0,0,0,0,1,0,1,0,0,1,0,0,0,1,2,0,0,0,0,1,0,1,0,1,0,1,1,2,0,0,0,0,0,0,1,1,1,0,0,1,0,0,1,0,0,0,0,0,1,2,1,0,0,1,1,3,0,1,0,0,1,2,0,0,0,1,0,0,0,0,0,1,2,1,0,0,0,0,1,1,2,2,2,2,0,0,0,0,5,1,0,0,0,2,0,0,0,2,1,1,1,0,0,0,0,0,2,2,0,1,3,0,0,0,1,1,3,1,0,0,0,0,0,0,0,0,2,0,0,1,0,1,2,0,0,1,0,2,0,0,0,0,0,0,1,0,0,1,0,0,0,2,1,1,0,1,0,1,1,0,0,0,0,0,0,0,0,0,0,1,0,0,1,0,0,1,0,0,1,0,0,1,0,1,0,0,0,0,0,2,0,0,0,0,0,0,0,0,0,0,0,1,0,0,1,1,1,0,1,0,0,0,0,0,0,0,1,0,0,0,0,2,0,0,0,2,0,0,0,0,2,2,0,1,0,0,2,0,1,0,0,0,0,0,2,0,0,0,0,0,1,0,0,0,1,0,1,0,1,0,0,0,0,1,1,0,0,1,0,2,0,0,0,0,0
Ercc5,1,1,0,2,2,0,2,3,0,0,1,0,0,3,2,0,0,3,0,0,0,0,1,0,3,1,0,1,1,1,1,1,0,0,0,0,1,0,0,0,3,0,0,2,0,0,0,1,0,0,2,1,0,2,2,0,2,0,0,0,0,0,0,2,2,0,0,0,0,0,0,0,0,0,2,2,0,0,0,0,0,2,1,0,2,0,0,0,0,1,0,0,2,2,0,0,1,1,0,0,0,0,0,0,0,0,0,0,0,0,0,0,1,0,1,1,0,0,1,3,1,1,0,3,2,0,2,1,0,1,0,0,1,0,0,0,0,0,0,0,1,0,0,1,0,0,3,0,3,1,0,1,1,2,0,1,0,0,0,0,1,0,1,0,1,0,0,1,0,0,0,1,3,1,0,0,0,0,3,0,0,1,0,1,0,0,0,1,1,0,0,0,1,0,3,1,0,1,0,0,0,2,0,1,0,0,0,0,0,0,3,2,0,2,0,0,1,0,0,0,2,0,0,0,0,1,2,0,0,0,0,0,0,2,1,1,0,1,0,1,1,0,0,0,1,0,0,2,0,1,2,0,0,0,1,0,0,0,0,2,0,1,0,0,0,0,0,2,1,0,0,0,0,0,2,0,1,1,0,2,0,0,0,0,0,0,1,1,0,0,0,1,0,0,1,1,0,0,0,0,1,0,0,0,0,1,0,0,0,0,1,0,1,0,0,0,2,0,0,0,0,0,0,0,3,1,0,2,1,1,1,1,0,0,0,0,0,0,0,0,1,0,0,0,0,1,0,0,0,2,1,0,0,1,1,0,0,0,0,0,0,0,2,0,0,0,0,0,1,2,0,1,0,0,0,0,0,0,0,0,0,0,2,0,0,3,0,1,0,0,2,0,0,0,0,0,0,0
Chst10,7,4,6,7,5,3,10,6,7,2,7,0,5,3,4,1,2,1,1,0,0,3,0,1,7,2,3,1,2,3,0,6,7,0,0,4,4,1,2,2,5,2,0,4,1,4,0,1,0,4,5,5,2,5,0,0,6,2,0,2,0,1,5,0,2,0,2,3,1,2,0,0,3,1,2,9,5,3,1,1,0,2,3,3,0,1,1,0,1,2,1,1,5,7,1,1,1,2,1,1,0,1,1,1,1,0,2,1,2,4,0,1,0,2,3,1,2,1,4,2,3,6,0,5,1,2,2,0,1,0,0,1,1,0,0,0,2,2,3,3,2,4,8,7,0,2,3,0,2,5,7,0,5,0,0,2,3,4,3,3,2,2,1,1,1,4,1,1,3,4,0,5,4,4,2,0,2,2,2,0,1,2,0,9,2,3,1,2,8,3,0,0,1,0,4,2,1,2,0,2,2,6,0,7,2,4,5,3,5,1,6,5,0,5,0,5,9,0,2,0,3,0,2,0,4,5,2,6,0,3,4,1,1,6,2,1,0,3,2,7,5,4,1,0,2,0,6,1,2,1,4,1,4,0,6,2,4,1,0,10,1,2,0,0,7,4,0,1,2,0,1,0,1,4,8,5,0,4,3,4,3,2,0,0,5,4,2,3,2,1,3,1,1,0,0,2,2,0,1,1,1,1,0,2,2,0,0,0,0,2,1,1,0,1,3,0,2,2,3,0,0,0,0,7,6,2,0,3,2,1,1,5,0,4,1,2,0,0,4,2,0,0,2,8,1,9,1,1,1,3,1,3,0,5,1,2,0,0,0,1,0,3,6,4,0,1,5,0,1,4,1,0,4,1,0,0,1,2,6,1,0,1,3,0,2,7,4,0,3,2,1,2,3,0,6,0,0,0
Rev1,0,1,1,2,2,1,3,1,0,1,2,0,2,0,0,0,0,0,0,1,0,2,0,0,4,2,3,3,1,3,1,0,1,0,0,1,1,0,2,0,0,2,0,3,1,1,0,2,0,0,4,0,0,2,1,0,3,0,0,1,0,2,2,0,0,0,1,1,0,0,0,0,1,1,2,2,0,0,2,0,3,1,1,2,1,2,0,0,0,1,1,0,2,2,0,1,2,1,2,0,0,0,0,2,2,2,1,0,1,1,1,0,0,1,4,1,2,1,0,2,0,2,1,1,0,0,2,0,1,0,0,1,0,0,2,1,0,2,0,0,0,0,3,1,1,1,2,0,4,0,3,3,1,1,0,0,0,0,4,1,0,0,2,1,0,1,0,3,0,0,0,2,2,1,0,0,2,2,2,0,0,3,0,0,0,0,1,2,0,2,4,0,0,0,2,5,0,1,0,2,1,1,2,3,1,1,1,0,1,0,1,3,0,2,0,2,1,0,3,0,1,0,1,0,0,3,2,3,1,0,1,0,2,2,2,0,0,0,1,0,1,0,1,0,1,1,1,1,1,0,2,0,0,0,3,0,0,1,2,1,3,1,0,1,2,1,0,2,3,2,1,2,0,0,0,0,1,5,2,3,1,1,0,1,3,1,3,1,1,1,1,1,0,0,0,1,0,2,1,1,0,1,0,2,0,2,1,0,2,0,0,0,0,3,0,0,1,1,0,1,0,0,0,5,0,0,0,2,0,1,0,4,0,1,0,0,0,0,2,0,1,1,1,0,0,1,0,0,3,0,0,1,0,1,0,3,0,2,0,0,0,0,0,0,0,0,1,3,0,0,0,0,2,0,0,0,0,1,0,1,0,1,2,0,0,3,0,0,2,0,2,0,2,0,0,1,0,0
Xrcc5,1,2,2,0,3,3,2,4,2,1,0,0,1,1,2,0,0,0,0,0,0,0,0,0,2,0,1,0,0,1,0,4,2,0,0,1,0,2,1,1,2,0,0,0,1,0,0,3,0,0,2,3,0,0,0,0,0,0,0,0,0,1,1,0,0,0,0,0,0,0,0,0,0,0,1,0,0,1,0,1,0,0,2,1,0,0,0,0,0,0,0,0,0,0,0,0,2,0,0,0,0,0,0,0,0,0,0,0,0,0,0,0,1,1,0,0,0,0,1,0,0,2,0,1,0,1,0,0,0,0,0,0,0,1,0,1,0,0,0,0,0,1,0,0,0,1,1,0,0,0,0,0,1,0,0,0,0,0,2,0,1,0,0,0,0,0,1,0,0,1,0,0,0,0,0,0,3,1,0,0,0,0,0,1,0,1,0,1,2,1,0,0,2,0,0,0,0,2,0,0,0,0,0,0,0,1,2,2,0,1,1,0,0,0,0,0,0,0,0,0,0,0,1,0,0,1,0,0,0,0,2,0,0,0,1,1,0,0,0,1,0,1,0,0,1,1,1,0,0,0,0,0,0,0,1,1,0,0,0,1,0,0,0,0,0,0,0,1,0,0,1,0,0,0,1,0,0,0,0,0,0,1,0,0,0,1,0,0,0,1,0,0,1,0,0,0,0,0,0,0,0,0,1,0,0,0,0,0,0,1,0,0,1,0,0,0,0,1,0,0,0,0,1,1,1,2,0,1,0,2,0,1,0,0,0,2,0,0,2,0,0,0,0,0,0,0,0,0,0,2,0,0,0,1,0,0,0,0,0,1,0,1,1,0,0,0,0,1,0,0,0,0,0,0,0,0,0,0,2,2,0,0,1,0,0,0,2,0,2,1,2,0,1,0,1,0,0,0
Bok,1,1,2,2,2,0,0,2,1,2,2,0,0,1,0,1,0,0,4,0,0,1,1,1,1,5,4,0,2,2,1,1,6,0,0,0,1,0,2,1,0,1,0,1,1,2,0,1,1,0,0,7,5,2,0,0,2,0,1,1,1,0,0,2,2,0,0,3,0,1,0,0,0,0,2,1,3,1,0,6,2,1,1,2,0,0,0,0,1,2,0,0,3,5,3,0,0,4,4,0,3,0,0,3,4,2,1,0,0,0,0,3,1,0,2,0,3,1,0,3,1,1,0,1,2,0,1,1,0,0,0,1,1,0,0,0,2,0,0,1,1,2,1,1,1,0,0,3,0,1,1,3,2,1,1,0,1,0,0,1,9,2,3,2,0,3,0,3,1,2,0,0,5,0,0,0,0,2,3,0,4,2,0,1,0,0,3,2,4,3,1,0,2,0,2,4,0,0,0,1,1,3,0,1,2,3,0,2,2,0,0,1,1,0,0,0,0,0,1,0,2,0,0,0,0,0,1,3,1,1,3,0,0,1,2,0,0,0,0,1,1,1,0,0,0,2,0,0,0,0,0,3,1,1,2,0,1,0,1,1,2,0,0,2,0,0,0,3,2,2,1,2,0,1,0,0,2,1,0,2,0,1,0,0,0,3,3,0,2,0,5,2,0,1,3,0,0,0,2,4,0,0,0,2,0,0,1,0,0,0,2,1,1,0,0,0,0,0,0,0,0,0,1,0,3,0,0,0,0,3,0,5,0,0,0,4,0,0,0,1,0,2,4,1,0,0,2,0,3,2,0,1,0,0,0,0,1,2,0,3,1,1,4,0,0,2,1,5,0,0,0,0,3,0,0,0,0,1,3,2,0,0,1,0,1,0,0,0,1,0,5,1,2,0,1,3,0,0
Parp1,6,2,1,1,2,6,0,4,0,0,2,0,2,2,4,0,2,0,6,0,1,0,0,0,4,1,0,3,1,2,2,1,5,1,0,1,1,0,1,2,1,0,1,3,1,7,0,4,1,4,2,0,1,1,2,0,2,0,0,0,0,2,2,0,3,0,0,0,0,0,0,0,2,0,0,3,2,1,0,1,1,1,0,0,1,1,1,1,0,0,0,0,1,1,2,0,0,0,0,0,0,0,2,0,0,3,2,1,2,2,0,2,1,1,1,4,2,0,0,1,0,1,0,1,2,1,0,0,0,0,0,4,0,1,0,1,2,1,0,0,0,2,2,1,1,0,1,0,1,3,3,1,0,0,0,0,1,1,2,1,0,2,4,0,0,1,0,0,2,0,0,0,1,3,1,0,2,0,0,0,0,3,1,1,1,1,0,0,4,1,0,2,3,0,1,1,0,0,0,2,0,2,0,4,2,4,2,1,0,0,2,1,0,1,0,0,0,1,0,0,2,0,1,0,1,2,3,0,2,0,2,1,1,2,1,2,0,0,0,1,2,2,0,0,0,1,1,1,0,1,0,0,1,0,4,2,0,2,1,1,4,0,0,0,0,2,0,3,2,0,1,0,0,0,1,0,0,1,1,0,1,0,0,0,4,7,0,1,3,0,0,1,3,0,1,0,2,0,0,0,0,0,0,3,0,0,0,0,1,2,1,1,2,0,0,0,2,1,0,1,0,0,0,3,2,2,0,2,0,2,0,0,0,2,0,1,0,0,1,1,0,0,0,4,1,1,0,0,0,1,0,0,0,0,0,3,0,1,0,1,0,1,2,1,0,1,0,3,2,1,0,1,1,2,0,0,0,2,2,0,0,1,2,0,0,3,1,0,0,0,3,0,2,3,1,1,0,1
Nr5a1,0,0,0,0,0,0,0,0,0,0,0,0,0,0,0,0,0,0,0,0,0,0,0,0,0,0,0,0,0,0,0,0,0,0,0,0,0,0,0,0,0,0,0,0,0,0,0,0,0,0,0,0,0,0,0,0,0,0,0,0,0,0,0,0,0,0,0,0,0,0,0,0,0,0,0,0,0,0,0,0,0,0,0,0,0,0,1,0,0,0,0,0,0,0,0,0,0,0,0,0,0,0,0,0,0,0,0,0,0,0,0,0,0,0,0,0,0,0,0,0,0,0,0,0,0,0,0,0,0,0,0,0,0,0,0,0,0,0,0,0,0,0,0,0,0,0,0,0,0,0,0,0,0,0,0,0,0,0,0,0,0,0,0,0,0,0,0,0,0,0,0,0,0,0,0,0,0,0,0,0,0,0,0,1,0,0,0,0,0,0,0,0,0,0,0,0,0,0,0,0,0,0,0,0,0,0,0,0,1,0,0,0,0,0,0,0,0,0,0,0,0,0,0,0,0,0,0,0,0,0,0,0,0,0,0,0,0,0,0,0,0,0,0,0,0,0,0,0,0,0,0,0,0,0,0,0,0,0,0,0,0,0,0,0,0,0,0,0,0,0,0,0,0,0,0,0,0,0,1,0,0,0,0,0,0,0,1,0,0,0,0,0,0,0,0,0,0,0,0,0,0,0,0,0,0,0,0,0,0,0,0,0,0,0,0,0,0,0,0,0,0,0,0,0,0,0,0,0,0,0,0,0,0,1,0,0,0,0,0,0,0,0,0,0,0,0,0,0,0,0,0,0,0,0,0,0,0,0,0,0,0,0,0,0,0,0,0,0,0,0,0,0,0,0,0,0,0,0,0,0,0,0,0,0,0,0,0,0,0,0,0,0,0,0,0,0,0,0
Lypd6b,0,0,0,0,0,0,0,0,0,1,0,0,0,0,0,0,0,0,0,0,0,0,0,0,0,0,0,0,0,0,0,0,0,0,0,0,0,0,0,2,0,0,0,0,2,0,0,0,0,0,0,1,0,0,0,0,0,0,0,0,0,0,0,0,1,0,0,0,0,0,0,0,0,0,0,0,0,0,0,0,0,0,0,0,0,0,0,0,0,0,0,0,0,0,0,0,0,0,0,0,0,0,0,0,0,0,0,0,0,0,0,0,0,0,0,0,0,0,1,0,0,0,0,0,0,0,0,0,0,0,0,0,0,0,0,0,0,0,0,0,0,0,1,0,0,0,0,0,0,0,0,0,0,0,0,0,0,0,0,2,0,0,0,0,0,0,0,0,0,0,0,0,2,0,0,0,0,0,0,0,0,1,0,0,0,0,0,2,1,0,0,0,0,0,0,1,0,0,0,0,0,0,0,2,1,0,0,1,0,0,0,0,0,0,0,0,0,0,0,0,0,0,0,0,0,0,0,0,0,0,0,0,0,1,0,0,0,0,0,0,0,0,0,0,0,0,0,0,0,0,0,0,0,0,0,0,0,0,0,0,0,0,0,0,0,0,0,1,1,0,0,0,1,0,0,0,0,0,0,0,0,0,0,0,0,0,0,0,0,0,0,0,0,0,0,0,0,0,0,0,0,0,0,0,0,0,0,0,0,0,0,0,0,0,0,0,0,0,0,0,0,0,0,0,0,0,0,0,0,1,1,0,0,0,0,0,0,0,0,0,0,0,0,0,0,0,0,0,0,1,0,0,0,0,0,0,0,1,0,0,0,0,0,0,0,0,0,0,0,1,0,0,0,0,0,0,0,0,0,0,0,0,0,0,0,1,0,0,0,0,0,1,0,0,0,0,0,0
Nr4a2,0,1,2,0,0,4,0,0,0,0,0,0,2,0,0,0,0,0,0,0,0,0,0,2,4,0,0,0,0,0,0,0,0,0,0,0,1,0,0,1,0,0,0,0,0,0,0,0,0,1,2,0,2,0,1,0,0,0,0,0,0,0,0,0,0,0,0,0,0,2,0,0,1,0,0,0,0,0,0,13,0,0,1,0,0,0,0,0,0,0,0,0,1,1,0,0,1,0,0,0,1,0,1,0,0,0,0,0,0,0,0,7,0,0,0,0,1,0,0,2,0,0,0,0,2,0,0,0,0,0,0,1,0,0,0,0,1,0,0,0,0,1,0,0,0,0,0,1,0,1,0,0,0,0,0,0,0,0,0,0,0,0,0,1,0,0,0,0,0,0,0,0,0,0,1,0,0,0,1,0,0,0,0,0,0,0,0,0,2,0,0,0,0,0,1,1,0,1,0,1,0,1,1,0,1,1,0,2,1,0,2,0,0,0,1,0,0,0,1,0,0,0,0,0,0,0,0,0,0,0,0,0,0,1,0,1,0,1,2,0,0,0,0,0,2,0,0,2,0,0,2,1,1,0,1,0,0,0,0,0,0,0,1,1,1,1,0,0,1,0,0,2,0,0,0,1,0,0,0,0,0,0,0,0,0,1,0,0,1,0,0,0,2,0,0,0,0,0,0,0,0,0,0,12,0,0,1,0,0,0,0,0,0,0,0,0,0,1,0,0,1,0,2,0,0,0,0,0,0,3,0,0,0,0,0,0,0,0,0,0,0,0,0,0,0,1,0,0,1,0,0,0,0,0,0,0,0,0,0,0,0,0,6,0,0,3,8,3,0,0,0,0,0,1,0,0,0,0,0,0,1,0,0,0,0,0,0,0,0,0,0,0,0,0,0,0,0,0
Gpd2,6,5,9,2,6,11,8,6,4,6,3,2,4,4,0,0,4,3,1,3,0,3,1,2,5,6,7,8,2,9,4,4,7,0,0,1,5,1,2,4,6,4,1,4,2,4,1,4,2,9,7,4,5,3,0,0,7,0,0,0,0,3,1,0,1,1,1,2,2,3,0,1,2,3,1,0,1,2,2,3,3,1,2,0,1,1,3,0,1,2,0,2,4,3,4,0,5,2,3,0,2,0,0,1,2,4,0,0,0,4,1,3,1,0,3,1,3,3,4,6,1,7,1,1,2,4,1,1,0,1,0,2,0,0,1,0,1,1,2,0,2,4,1,1,3,3,1,3,5,7,6,3,0,3,0,4,2,5,8,1,4,8,3,5,0,6,7,9,4,9,0,4,4,10,2,1,4,1,5,1,5,3,1,7,2,4,0,7,0,4,1,1,0,1,3,2,2,4,0,3,0,3,4,7,6,6,7,4,0,4,3,3,0,3,1,1,2,1,0,0,7,1,0,1,1,2,6,4,4,2,9,3,3,5,7,2,0,1,2,3,5,5,1,0,4,3,3,1,0,2,0,1,0,0,5,2,2,1,1,5,5,2,0,1,3,2,2,1,2,0,6,2,1,6,3,3,3,7,2,2,2,2,0,0,4,0,3,7,0,2,6,4,2,0,0,2,2,3,0,2,1,2,1,1,1,2,0,0,1,0,1,0,1,1,0,1,3,0,1,0,0,2,0,5,5,1,3,0,1,1,1,6,0,2,0,6,0,0,4,2,0,1,1,1,2,3,1,0,3,6,0,1,0,4,5,3,2,1,0,4,2,0,6,1,1,1,7,4,1,2,0,3,1,2,1,0,1,5,8,1,4,3,6,2,1,3,2,0,2,3,1,0,3,0,2,1,0,2
Ext2,3,2,3,2,3,1,3,8,2,0,1,0,3,3,1,0,0,1,1,1,0,3,0,2,3,1,3,2,3,1,0,1,3,1,0,3,3,0,0,4,2,0,1,2,2,1,0,1,0,1,3,3,4,2,2,0,5,0,1,0,0,1,1,1,0,0,1,0,1,1,0,1,2,1,1,0,1,1,0,0,1,0,2,1,1,1,0,0,0,1,0,0,1,4,0,0,0,0,4,0,0,0,0,0,2,1,0,0,0,3,0,2,3,0,0,0,2,0,1,2,1,0,2,1,1,1,0,0,0,1,0,0,1,0,0,0,0,2,0,0,1,0,2,2,0,1,1,3,0,0,2,2,1,3,1,0,0,4,1,2,2,1,2,2,1,0,0,1,2,2,0,2,3,5,0,0,0,1,1,0,2,3,0,2,2,3,0,2,4,1,0,0,1,0,1,1,0,1,1,1,0,4,3,4,3,0,3,1,0,3,2,2,0,0,1,1,1,0,0,0,1,0,0,0,0,0,0,2,0,0,0,0,0,3,1,3,1,0,1,1,2,2,0,1,1,1,4,0,1,0,0,0,0,1,2,1,0,0,0,0,2,0,0,1,1,1,2,1,1,1,1,1,0,0,3,2,0,3,1,0,3,0,0,1,0,0,2,1,0,0,1,3,1,1,2,1,2,0,2,1,1,0,0,2,0,0,0,1,2,2,0,1,0,0,1,0,0,0,0,0,0,0,2,2,5,1,0,7,6,3,2,1,0,1,0,0,0,0,0,0,2,0,1,2,1,2,1,0,2,3,0,0,0,1,2,2,1,0,0,0,2,0,3,1,0,1,0,0,1,1,0,0,1,0,1,0,0,0,1,2,0,0,1,0,0,1,1,3,2,0,3,2,2,0,0,0,0,0
Oxt,0,0,0,0,0,0,0,1,0,0,0,0,0,0,0,0,0,0,0,0,0,0,0,0,0,0,0,0,0,0,0,0,0,0,0,0,0,0,0,0,0,0,0,0,0,0,0,0,0,0,0,0,0,0,1,0,0,0,0,0,0,0,0,0,0,0,0,0,0,0,0,0,0,0,0,0,0,0,0,0,0,0,0,0,0,0,0,0,0,0,0,0,0,0,0,0,0,0,0,0,0,0,0,0,0,0,0,0,0,0,0,0,0,0,0,0,0,0,0,0,0,0,0,0,0,0,0,0,0,0,0,0,0,0,0,0,0,0,0,0,0,0,0,0,0,0,0,0,0,0,0,1,0,0,0,0,0,0,0,0,0,0,0,0,0,0,0,0,0,0,0,0,0,0,0,0,1,0,1,0,0,0,0,0,0,0,0,0,0,0,0,0,0,0,0,0,0,0,0,0,0,0,0,0,0,0,0,0,0,0,0,0,0,0,0,0,0,0,0,0,0,0,0,0,0,0,0,0,0,0,0,0,0,0,0,0,0,0,0,1,0,0,0,0,0,0,0,0,0,0,0,0,0,0,0,0,0,0,0,0,0,0,0,0,0,0,0,0,0,0,0,1,0,0,0,0,0,0,0,0,1,1,0,0,1,0,0,0,0,0,0,0,0,0,0,0,0,0,0,0,0,0,0,0,0,0,0,0,0,0,0,0,0,0,0,0,0,0,0,0,0,0,0,0,0,0,0,0,0,0,0,0,0,0,0,0,0,0,0,0,0,0,0,0,0,0,0,0,0,0,0,0,0,0,0,0,0,0,0,0,0,0,0,0,0,0,0,0,0,0,0,0,0,0,0,0,0,0,0,0,0,0,0,0,0,0,0,0,0,0,1,0,0,0,0,0,0,0
Pcna,0,2,0,0,1,1,0,1,0,2,0,0,0,2,0,2,0,0,0,0,0,0,0,1,0,0,0,1,1,0,1,1,0,0,0,0,2,0,0,0,1,0,0,1,0,1,0,0,0,0,2,0,0,0,0,0,2,1,0,0,0,0,0,0,0,0,1,0,0,1,0,0,0,0,0,0,0,0,0,0,0,0,2,0,0,0,0,0,0,0,0,0,0,0,0,0,0,1,0,0,0,0,0,0,0,0,0,0,0,0,0,0,0,0,0,0,1,0,2,0,0,0,1,1,0,0,0,0,0,0,0,0,0,0,0,0,0,0,0,0,1,0,0,0,1,0,0,2,0,2,1,0,1,0,0,0,0,0,0,0,0,1,3,0,0,1,0,0,1,0,0,0,1,0,0,0,1,0,0,0,0,0,0,1,0,1,0,0,1,0,0,0,1,0,1,0,0,1,0,0,0,3,1,3,1,1,0,0,0,0,1,0,1,0,0,0,0,0,0,0,0,0,0,0,0,0,0,0,0,0,0,0,1,1,0,0,0,0,0,0,1,0,0,0,0,1,1,2,0,0,0,0,0,0,2,0,0,0,0,0,0,0,1,0,1,0,0,0,1,0,0,0,0,0,0,0,0,1,0,0,0,0,0,0,0,0,1,0,0,0,0,1,0,0,0,0,0,0,1,0,0,0,0,0,0,0,0,0,0,0,0,0,0,0,0,0,0,0,0,0,0,0,0,2,1,0,0,0,0,0,0,0,0,0,0,1,0,0,0,1,0,0,0,0,0,1,0,0,0,1,0,0,0,0,1,2,0,0,0,1,1,0,0,0,0,0,0,0,0,0,0,0,0,0,0,0,0,0,0,0,0,0,2,0,1,2,0,1,0,0,0,0,1,0,0,0,0,0
Hdc,2,1,0,0,2,0,0,0,0,0,0,0,0,0,0,0,0,0,0,0,0,0,0,0,0,0,0,0,0,1,0,0,0,0,0,0,0,0,0,0,0,0,0,0,0,1,0,0,0,0,1,0,0,0,0,0,0,0,0,0,0,0,1,0,0,0,0,0,0,0,0,0,0,0,0,0,0,0,0,0,0,0,0,0,0,0,0,0,0,0,0,0,0,0,0,0,0,0,0,0,0,0,0,0,0,0,0,0,0,0,0,0,0,0,0,0,0,0,0,0,0,0,0,0,0,0,0,0,0,0,0,0,0,0,0,0,0,0,0,0,0,0,0,0,0,0,0,0,0,0,0,0,0,0,0,0,0,0,0,0,0,0,0,0,0,0,0,0,0,0,0,0,0,0,0,0,0,0,0,0,0,0,0,0,0,0,0,0,0,0,0,0,0,0,0,0,0,0,0,0,0,0,0,1,0,0,2,0,0,0,0,0,0,0,0,0,0,0,0,0,0,0,0,0,0,0,0,0,0,0,0,0,0,0,0,0,0,0,0,0,0,0,0,0,0,0,0,0,0,0,0,0,0,0,0,0,0,0,0,0,0,0,0,0,0,0,0,0,0,0,0,0,0,0,0,0,0,0,0,0,0,0,0,0,0,0,1,0,0,0,0,0,0,0,0,0,0,0,0,0,0,0,0,1,0,0,0,0,0,0,0,0,0,0,0,0,1,0,0,0,0,0,0,0,0,0,0,0,0,0,0,0,0,0,0,0,0,0,0,0,0,0,0,0,0,0,0,0,0,0,0,0,0,0,0,0,0,0,0,0,0,0,0,0,0,0,0,0,0,1,0,0,1,0,0,0,0,0,0,0,0,0,0,0,0,0,0,0,0,0,1,0,0,0,0,0,0,0
Dok5,0,0,1,0,0,0,1,0,0,1,1,0,0,0,0,0,2,0,0,0,0,1,0,0,0,0,1,0,0,1,0,1,1,0,0,0,1,0,0,0,2,0,0,0,0,3,0,0,0,1,1,1,0,2,0,0,0,0,0,0,0,0,0,0,0,0,0,1,0,0,0,0,0,1,0,0,0,0,0,0,0,0,0,0,0,0,0,0,0,1,0,0,0,0,0,0,1,0,0,0,0,0,0,0,1,0,0,0,0,0,0,0,0,1,0,0,2,0,0,0,0,1,0,0,0,0,2,0,0,0,0,0,0,0,0,0,0,0,0,0,0,0,0,0,0,0,2,1,0,0,0,0,0,0,0,1,0,0,2,0,1,0,0,0,0,0,0,0,0,0,0,0,1,0,0,0,1,0,0,0,1,0,0,0,0,0,1,2,1,2,0,0,0,0,0,0,0,0,0,0,0,0,0,1,1,0,0,0,0,1,0,1,0,1,0,1,1,0,0,0,0,0,0,0,1,0,0,0,1,0,2,0,0,1,1,0,0,1,1,1,0,1,0,0,2,0,0,0,0,0,0,0,0,0,0,0,0,0,0,1,4,0,0,0,0,0,0,0,0,0,0,0,0,1,0,0,0,1,0,0,0,0,0,0,0,0,2,1,0,0,0,0,0,0,0,0,0,0,0,0,0,0,0,0,0,0,0,0,1,0,0,0,0,0,0,0,0,0,0,0,0,0,0,0,0,0,0,0,0,0,0,0,0,1,0,1,0,0,1,0,0,0,0,1,0,0,0,0,0,0,0,0,0,0,0,1,0,1,0,0,0,0,2,0,0,0,0,0,1,1,0,1,0,0,0,0,0,0,1,0,0,0,0,0,0,2,0,0,0,0,0,0,1,0,0,0,1,0
Slc2a2,0,0,0,0,0,0,0,0,0,0,0,0,0,0,0,0,0,0,0,0,1,0,0,0,0,0,0,0,0,0,0,0,0,0,0,0,0,0,0,0,0,0,0,0,0,0,0,0,0,0,0,0,0,0,0,0,0,0,0,0,0,0,0,0,0,0,0,0,0,0,0,0,0,0,0,0,0,0,0,0,0,0,0,0,0,0,0,0,0,0,0,0,0,0,0,0,0,0,1,0,0,0,0,0,0,0,0,0,0,0,0,0,0,0,0,0,0,0,1,0,0,0,0,0,0,0,0,0,0,0,0,0,0,0,0,0,0,0,0,0,0,0,0,0,0,0,0,0,0,0,0,0,0,0,0,0,0,0,0,0,0,0,0,0,0,0,0,0,0,0,0,0,0,0,0,0,0,0,0,0,0,0,0,0,0,0,0,0,0,0,0,0,0,0,0,0,0,0,0,0,0,0,0,0,0,0,0,0,0,0,0,0,0,0,0,0,0,0,0,0,0,0,0,0,0,0,0,0,0,0,0,0,0,0,0,0,0,0,0,0,0,0,0,0,0,0,0,0,0,0,0,0,0,0,0,0,0,0,0,0,0,0,0,0,0,0,0,0,0,0,0,0,0,0,0,0,0,0,0,0,0,0,0,0,0,0,0,0,0,0,0,0,0,0,0,1,0,0,0,0,0,0,0,0,0,0,0,0,0,0,0,0,0,0,0,0,0,0,0,0,0,0,0,0,0,0,0,0,1,0,0,0,0,0,0,0,0,0,0,0,0,0,0,0,0,0,0,0,0,0,0,0,0,0,0,0,0,0,0,0,0,0,0,0,0,0,0,0,0,0,0,0,0,0,0,0,0,0,0,0,0,0,0,0,0,0,0,0,0,0,0,0,0,0,0,0,0,0
Prss12,0,2,0,0,0,7,0,0,0,0,1,0,1,0,0,0,0,2,3,0,0,2,1,1,1,0,1,2,0,1,1,5,0,0,0,0,8,0,0,0,0,0,0,0,0,1,0,0,0,11,0,0,0,1,0,0,1,0,0,0,0,0,6,0,0,0,0,0,0,0,0,0,0,0,0,0,0,0,0,0,0,0,0,0,0,0,0,0,0,0,0,0,1,0,0,0,1,0,0,0,1,0,0,0,0,1,0,1,0,0,0,1,0,0,1,1,0,0,1,1,0,0,0,0,0,1,0,0,0,0,0,1,0,0,0,0,1,0,0,0,0,1,1,2,1,0,0,0,1,2,2,0,0,0,0,0,0,0,0,0,0,0,0,0,0,0,0,5,0,0,0,0,1,0,0,0,0,0,2,0,1,1,0,0,0,2,0,1,0,1,0,0,0,0,0,0,0,1,0,1,0,0,0,2,0,0,0,0,0,2,0,1,0,0,0,0,2,1,0,0,0,0,0,0,0,0,0,1,1,1,0,0,1,2,0,0,0,0,0,0,1,0,0,0,2,0,0,0,0,0,0,0,0,0,1,1,0,0,0,0,3,0,0,1,0,0,0,0,0,0,1,1,0,0,3,0,0,0,0,0,0,0,0,0,1,1,0,0,0,0,1,0,0,0,0,0,0,1,0,0,0,0,0,2,0,0,0,0,0,0,0,0,0,0,0,0,1,0,0,0,1,0,0,0,2,0,0,1,2,0,1,0,0,0,0,0,0,0,2,0,0,0,0,1,0,0,0,0,1,0,0,0,0,1,1,0,0,0,0,0,0,0,1,1,0,0,0,0,0,0,0,0,0,0,0,0,0,1,0,0,0,0,0,0,0,3,2,0,1,0,1,0,0,0,0,0,0,0
Pole3,1,0,0,0,0,0,0,0,0,0,0,0,1,1,1,0,0,0,1,0,0,1,0,0,1,0,1,0,0,1,0,0,0,0,0,0,1,0,0,2,0,0,0,0,1,0,0,0,0,0,0,0,1,1,0,0,0,0,0,0,0,1,0,0,0,0,0,1,0,0,0,0,0,0,0,0,1,1,0,0,1,0,1,0,0,0,0,0,1,0,0,0,0,0,0,0,0,0,0,0,1,0,0,0,0,1,0,0,0,0,0,0,0,1,0,0,2,0,0,0,0,0,0,1,0,0,1,1,0,0,0,0,0,0,0,0,0,1,0,0,0,0,0,0,1,0,0,2,0,0,0,0,0,0,0,0,0,0,2,0,0,1,0,2,0,1,0,0,0,1,0,0,0,0,0,0,0,0,1,0,2,1,1,0,0,2,0,0,0,0,0,0,0,0,0,2,1,0,1,0,1,0,0,0,1,0,0,0,2,0,1,0,0,0,0,0,0,0,0,0,0,0,1,0,1,1,0,0,0,0,0,0,0,0,0,0,0,0,0,0,1,0,0,0,0,0,0,0,0,0,1,1,1,0,1,2,1,0,0,0,2,0,0,0,0,0,0,0,1,0,0,1,0,0,0,0,0,1,1,1,1,0,0,0,1,0,0,0,0,0,0,0,0,0,0,0,0,1,0,0,0,0,0,0,0,0,0,0,0,0,0,0,0,0,0,0,0,0,2,1,0,0,0,1,2,0,0,2,1,0,0,1,0,1,0,0,0,0,0,0,0,0,0,0,0,1,0,0,0,0,0,2,0,0,0,0,0,1,0,2,0,0,0,0,0,1,0,1,0,0,0,0,0,0,0,0,0,0,0,0,0,0,1,0,0,0,0,1,1,0,1,0,0,0,0,0,0,0
Rad23b,3,7,1,2,2,9,0,6,2,3,3,0,1,4,3,0,1,3,1,1,0,2,0,1,2,6,2,3,2,4,3,2,0,0,0,2,7,1,1,2,6,1,1,1,2,5,0,3,2,4,3,1,1,2,3,0,2,1,4,0,0,1,2,0,7,1,3,0,0,1,1,0,3,0,2,4,1,1,0,1,1,1,0,2,1,0,1,0,0,1,1,0,1,2,3,1,7,0,0,0,0,0,2,2,0,2,0,0,2,6,0,1,3,2,4,0,4,1,10,2,1,4,1,3,7,4,4,6,0,1,0,3,1,0,0,0,0,1,1,1,6,2,0,1,2,1,1,1,3,5,7,2,0,2,1,3,4,4,7,3,4,2,2,1,1,0,2,3,1,2,0,2,8,4,0,0,1,2,4,0,4,3,2,5,3,1,3,5,1,2,2,2,2,0,2,3,1,1,1,8,0,8,2,5,3,5,0,1,0,5,10,1,0,1,0,1,0,1,0,0,0,0,0,0,1,4,2,3,0,4,1,1,0,5,3,2,0,2,0,5,1,3,1,0,0,0,1,2,0,0,3,1,4,0,2,0,1,0,1,3,1,0,1,0,1,3,1,5,0,0,1,2,0,0,2,0,2,1,1,1,3,0,0,3,2,4,5,2,1,1,4,2,4,0,3,0,2,0,4,0,1,0,0,4,0,2,0,1,0,0,1,2,0,0,0,0,2,0,0,0,0,0,0,5,6,6,0,1,3,6,0,4,0,6,0,1,0,1,0,4,3,1,1,0,3,2,1,0,3,5,0,2,0,3,3,1,0,1,0,3,0,1,4,1,1,0,1,4,0,1,0,0,4,1,0,0,0,3,4,0,0,1,3,1,1,3,2,0,2,0,3,3,0,2,1,0,0,1
St3gal3,1,3,3,5,0,5,2,2,1,0,6,0,1,0,0,0,0,2,5,2,0,0,0,1,1,1,1,0,0,0,1,2,6,0,0,1,1,2,4,1,1,0,0,1,1,2,0,1,0,1,1,0,3,1,2,0,1,0,0,0,0,1,2,1,1,0,0,1,0,0,0,2,0,2,3,1,0,2,0,0,0,0,1,0,0,3,0,0,0,2,0,0,1,2,1,0,2,1,0,0,0,0,0,1,1,0,0,0,0,0,0,2,0,0,0,0,1,2,1,1,1,3,0,1,1,3,0,0,1,0,0,1,0,0,1,0,0,1,2,0,1,1,1,2,0,0,1,0,1,3,2,0,0,4,0,1,0,4,0,0,0,0,0,1,0,1,4,0,6,3,0,0,2,1,0,0,0,0,2,0,0,2,1,1,0,1,2,2,1,4,2,0,0,0,4,2,1,1,1,2,0,1,0,0,3,4,1,3,0,3,6,1,1,3,0,0,0,0,1,0,1,0,0,2,0,2,1,0,0,0,7,1,0,1,0,1,0,4,0,3,0,3,0,0,0,0,2,1,0,5,2,0,1,0,1,1,0,0,0,2,4,0,0,1,1,1,0,3,1,0,2,0,1,1,1,1,2,0,1,3,1,0,0,2,1,3,1,2,0,1,1,2,0,0,0,0,0,0,0,0,1,2,0,1,0,0,1,1,0,0,0,0,0,0,0,0,5,0,0,0,0,0,0,1,1,0,0,2,0,0,1,4,0,4,0,1,1,0,0,1,3,1,0,0,1,1,0,1,0,1,1,1,0,1,0,0,0,0,1,1,0,0,1,1,0,1,2,0,1,0,0,0,1,0,0,0,1,2,0,3,0,1,1,1,1,1,2,0,0,0,1,1,3,0,0,0,0,1
Slc2a1,0,0,0,0,0,0,0,0,0,1,0,0,0,2,0,0,1,0,0,0,0,0,0,0,0,1,0,0,0,1,0,0,0,0,0,0,0,1,0,0,0,0,0,0,1,0,0,1,0,0,1,0,0,0,0,0,1,0,0,0,0,0,0,0,0,0,0,0,0,0,0,0,0,0,0,0,0,0,0,1,0,1,1,0,0,0,0,0,0,0,0,0,0,0,0,0,0,0,0,0,0,0,0,0,0,0,0,0,0,0,1,0,0,0,0,0,0,0,0,0,0,0,0,0,1,0,0,0,0,0,0,0,0,0,0,0,1,1,0,0,0,0,1,0,0,0,0,0,1,0,1,0,0,0,0,0,0,0,0,0,0,0,0,1,0,0,0,0,0,0,0,0,1,0,0,0,0,0,0,0,0,0,0,1,0,0,0,0,2,0,0,0,0,0,1,0,1,0,0,0,0,0,0,0,0,0,0,0,0,0,0,0,0,0,0,0,0,0,0,0,0,0,0,0,0,0,0,0,0,1,1,0,0,0,1,0,0,1,0,0,0,0,0,1,0,0,1,0,0,0,0,0,0,0,2,0,0,0,1,0,0,0,0,0,0,0,0,0,0,0,0,0,0,0,0,0,0,0,0,0,0,0,0,0,0,0,0,0,0,0,0,0,0,0,0,0,0,0,0,0,1,0,0,0,0,0,0,0,0,0,0,0,0,0,0,0,0,0,0,0,0,0,0,0,0,0,0,1,0,0,0,0,0,0,0,0,0,0,0,0,0,0,0,1,0,1,1,0,1,0,0,0,0,0,0,0,0,0,0,1,0,0,0,0,0,0,0,0,1,0,0,0,0,0,0,0,0,0,1,0,0,0,0,0,0,0,0,0,0,0,0,0,0,0,0,0,0,0
Mfsd2a,8,2,5,1,13,5,3,13,5,7,9,0,11,5,1,1,0,3,2,0,1,3,0,11,5,4,1,1,3,9,3,4,12,0,0,4,0,0,2,9,5,1,0,4,3,6,0,9,1,6,10,4,8,3,3,0,8,0,2,0,0,3,6,2,3,0,2,8,2,0,0,2,1,0,5,8,5,2,0,2,1,2,5,3,0,0,1,0,1,6,0,2,6,4,3,4,4,8,2,0,0,0,0,1,2,2,0,0,4,0,0,1,3,4,2,5,0,1,2,6,0,3,1,4,1,2,1,0,0,3,0,0,4,0,0,0,4,2,2,1,3,4,6,6,1,2,2,2,6,8,7,2,8,10,1,4,2,5,12,0,3,0,6,1,0,1,1,2,6,4,1,8,10,9,0,0,5,0,7,0,4,5,0,7,3,0,1,5,1,2,0,1,0,1,4,1,2,2,1,3,1,0,3,5,5,3,1,6,2,3,7,4,0,2,0,1,2,0,3,0,0,0,1,0,6,5,2,2,3,2,4,1,0,1,2,4,0,10,0,5,5,5,0,0,4,2,4,1,1,2,1,4,3,0,1,2,1,0,1,1,4,1,1,0,1,3,0,4,1,0,3,5,0,4,5,7,6,4,3,8,0,2,1,0,7,8,6,3,10,4,1,4,1,0,0,0,2,3,2,4,2,0,1,5,0,1,0,2,1,1,3,4,1,2,1,1,3,0,1,0,0,0,0,6,8,4,1,6,4,2,0,4,1,1,0,1,1,0,7,1,3,1,2,0,6,0,3,0,5,1,0,0,0,4,3,5,1,0,0,2,1,0,7,1,3,5,3,0,0,1,0,0,5,1,1,0,0,4,1,1,0,2,0,1,3,4,2,0,12,3,2,9,3,4,7,1,0,0
Alpl,0,3,0,1,3,1,3,0,1,4,0,0,1,1,2,0,2,2,1,0,0,2,0,0,0,3,1,0,0,3,0,0,2,0,0,1,1,0,0,0,5,0,0,1,3,1,0,0,0,1,4,1,1,3,1,0,14,0,0,0,0,2,5,1,1,0,0,0,0,0,0,0,2,0,1,0,1,1,0,1,0,1,1,0,0,0,0,0,0,0,0,0,1,1,0,0,0,2,4,0,0,0,0,0,1,0,0,0,0,0,0,0,0,0,1,0,0,0,1,3,0,0,0,0,0,2,0,0,0,0,2,0,2,0,0,0,1,1,0,0,0,0,0,2,0,0,0,1,2,2,3,0,0,0,1,4,0,1,4,0,3,1,1,0,1,0,1,0,0,1,0,1,1,4,0,0,1,1,1,0,3,2,0,1,2,3,1,2,2,0,0,0,0,0,0,3,0,0,0,0,0,3,0,1,1,0,1,3,0,0,2,0,0,3,0,2,0,0,0,0,1,0,0,0,0,1,1,5,1,1,2,0,0,1,1,2,0,0,6,4,0,1,0,0,0,1,1,0,1,2,1,1,0,0,0,1,2,0,0,0,0,0,0,0,1,3,1,1,1,1,0,1,0,0,0,2,1,0,1,3,1,0,1,0,3,1,2,1,3,0,3,0,0,0,0,0,5,2,0,0,0,0,0,0,0,0,0,0,0,1,0,1,0,0,0,0,0,0,0,0,0,0,0,2,1,2,1,0,4,0,0,0,0,2,0,1,0,0,3,0,2,2,0,0,0,0,2,0,1,1,0,1,0,1,2,0,1,0,0,0,0,1,3,0,0,1,0,0,0,0,0,1,2,0,0,0,0,1,1,2,0,1,2,0,1,1,2,1,0,0,0,0,0,1,2,1,0,0
Extl1,1,6,2,1,3,3,1,0,1,7,1,0,2,1,1,3,2,2,1,0,0,1,0,2,1,2,1,0,1,2,2,2,6,1,0,2,1,0,0,2,2,0,2,1,2,1,0,2,0,0,10,4,0,3,0,1,3,0,3,0,0,3,1,0,0,0,1,3,0,0,0,0,2,0,1,2,0,0,0,3,0,2,3,1,0,0,0,0,0,0,0,0,3,1,0,1,2,3,1,0,0,0,1,0,1,1,0,0,0,0,0,0,0,2,1,1,4,1,6,0,0,0,0,2,0,0,2,0,0,6,0,1,0,0,0,0,4,1,0,0,0,1,1,1,2,0,0,0,2,1,0,1,0,3,2,0,2,0,4,0,3,1,3,1,1,0,2,2,0,1,0,0,4,0,0,0,1,2,2,0,0,3,2,1,2,1,2,1,1,2,5,2,1,0,0,3,1,1,0,0,1,4,0,3,1,1,0,3,0,0,2,2,0,2,1,3,2,1,0,0,1,0,1,0,2,0,0,1,1,1,1,2,4,2,0,0,0,3,1,0,0,2,0,0,6,2,2,0,1,1,0,1,0,0,2,0,1,0,0,2,2,0,1,0,5,0,3,1,0,0,2,0,0,1,0,0,1,1,0,0,0,2,0,3,1,3,4,3,0,2,1,1,0,0,1,1,0,0,0,0,1,1,0,2,0,3,0,2,1,0,1,0,1,0,0,0,0,1,0,0,2,0,0,0,0,1,0,0,0,1,0,3,0,0,1,1,0,1,1,3,1,0,0,0,0,0,0,0,0,7,0,0,0,2,2,1,2,0,0,1,0,0,0,0,0,0,1,1,2,0,0,0,3,0,0,0,0,0,2,2,0,3,0,0,2,2,0,0,2,0,1,1,0,0,0,1,0,0
Grik3,0,0,1,0,1,17,0,4,0,4,1,0,9,0,0,1,1,3,5,0,0,0,0,1,1,0,0,0,0,3,7,13,2,0,0,0,8,0,0,0,1,0,0,0,1,0,0,0,0,4,8,0,0,0,0,0,0,0,0,0,0,1,2,0,0,1,0,0,0,1,0,0,7,0,0,1,1,1,0,0,0,0,1,0,0,0,0,0,0,0,0,0,0,0,0,0,0,0,0,0,0,0,0,0,1,0,0,0,0,0,0,0,3,0,0,0,1,0,4,0,0,3,0,0,0,0,0,0,0,1,0,1,0,0,0,0,3,0,3,0,2,2,0,2,0,3,0,0,0,0,0,0,0,0,0,0,0,0,0,1,0,0,0,0,0,1,0,4,2,1,0,4,2,1,0,1,0,2,0,0,2,0,0,0,0,1,1,2,0,0,0,0,1,1,0,1,1,2,0,0,0,2,0,6,1,2,1,0,0,4,1,5,0,1,0,0,0,0,0,0,2,0,0,0,3,0,0,0,1,0,2,1,0,15,1,0,0,0,0,0,0,0,0,0,3,2,0,0,0,0,0,1,0,0,3,0,2,0,0,0,5,0,0,0,2,2,0,0,0,0,0,0,0,1,1,1,0,0,0,0,0,0,0,0,2,0,0,0,0,0,0,4,0,0,0,0,1,0,1,0,1,0,0,2,2,0,1,0,1,0,0,0,0,0,2,0,0,0,0,0,0,0,0,0,5,2,0,0,0,4,0,4,0,0,0,0,0,0,0,0,0,0,2,1,2,0,0,0,0,0,0,0,0,1,0,0,0,0,0,0,0,2,0,1,0,1,0,1,0,0,0,0,0,0,0,0,0,0,0,1,0,2,1,0,0,2,0,1,0,0,0,1,4,0,0,0,0,0
Cd38,1,2,2,1,0,0,0,0,0,0,0,0,0,0,0,1,0,0,0,0,0,2,0,0,0,0,0,0,0,2,1,2,2,0,0,0,2,0,0,0,1,0,0,0,0,0,0,1,0,0,0,2,0,0,0,0,0,0,2,0,0,0,0,0,0,0,0,0,0,0,0,0,0,0,1,0,0,1,0,1,0,0,0,0,0,0,0,0,0,1,0,0,0,0,0,0,0,0,0,0,0,0,0,0,2,0,1,0,0,1,0,0,0,1,0,0,1,0,0,0,0,1,0,1,0,0,0,0,0,0,0,1,0,0,0,0,0,0,0,0,0,0,0,0,0,1,1,0,3,1,0,2,0,0,0,0,0,1,2,0,0,0,0,0,0,0,0,0,1,1,0,1,3,0,0,0,0,0,1,1,2,1,0,0,1,0,0,1,4,0,0,0,0,0,0,0,0,2,0,1,0,0,2,0,0,2,0,0,0,0,0,0,0,0,0,1,0,0,1,0,2,0,0,0,0,0,0,0,0,0,0,0,1,0,2,0,0,1,0,0,0,2,0,0,0,0,1,1,2,0,0,0,0,0,0,0,0,0,0,0,0,0,0,0,0,0,0,0,0,0,0,0,0,0,0,0,0,0,0,0,0,0,0,0,0,0,0,0,0,0,0,0,0,0,0,0,0,0,0,0,0,0,0,0,0,0,0,0,0,0,0,0,0,0,0,0,0,0,0,0,0,0,0,1,1,0,0,0,0,0,0,0,0,0,0,0,0,0,1,0,1,0,0,0,0,0,0,0,0,0,0,0,0,0,1,1,0,0,0,1,0,0,0,2,0,0,0,1,0,0,0,0,0,1,0,0,0,0,0,1,0,0,0,1,0,1,0,0,2,4,2,0,1,1,0,1,0,0
Slc30a3,2,10,0,0,0,1,1,4,5,2,2,0,0,3,1,0,0,0,10,0,0,0,0,1,0,1,0,0,1,3,1,1,0,1,0,1,0,1,2,0,2,1,1,0,1,2,0,0,0,0,0,0,2,3,0,0,0,0,0,1,0,1,2,0,1,0,0,0,0,0,0,0,1,0,0,1,1,0,2,0,0,0,1,0,0,0,0,0,0,0,0,0,1,0,2,1,0,1,0,0,1,0,0,0,0,1,0,0,0,0,0,0,0,0,1,1,2,3,3,2,0,0,0,0,3,0,0,0,0,0,0,0,0,0,0,0,0,0,0,0,1,2,3,0,0,0,0,6,0,1,0,2,0,0,1,0,1,3,2,0,2,0,3,0,3,1,1,0,1,1,0,0,1,1,0,0,0,1,0,0,1,0,0,0,2,1,1,2,1,0,1,1,0,0,0,1,0,0,0,1,1,0,0,0,0,0,0,1,0,0,0,0,0,0,0,0,0,1,0,0,0,0,0,0,0,1,0,0,0,0,1,2,0,0,0,1,0,0,0,0,1,0,0,0,1,1,1,0,0,0,0,0,1,0,0,0,1,0,0,0,1,0,0,1,0,0,0,0,0,1,1,2,0,1,1,0,5,1,0,2,3,2,0,1,0,1,6,3,2,1,0,2,1,0,0,0,0,0,0,0,1,0,0,0,0,1,0,1,0,1,1,1,0,0,0,0,0,1,0,0,0,0,0,1,0,1,0,1,1,0,0,0,0,0,0,2,0,0,0,1,0,0,0,0,0,1,0,0,0,3,0,2,0,0,1,0,0,0,0,0,0,0,0,0,0,0,1,1,0,1,0,0,2,0,0,0,0,1,1,0,0,0,0,3,0,0,0,0,2,1,1,0,0,0,1,0,0,0
Gabrb1,5,6,9,3,9,11,6,8,3,5,7,2,13,6,5,1,5,4,4,0,1,5,1,2,8,11,9,6,8,8,7,2,11,1,0,0,7,1,0,9,10,1,1,6,4,9,0,2,0,2,11,5,1,7,6,0,5,5,3,3,0,8,3,5,7,0,2,2,2,2,0,2,9,6,10,3,2,2,3,5,4,4,2,4,4,2,1,0,0,8,0,2,2,13,2,1,10,2,5,0,0,0,0,3,10,4,4,1,2,4,0,7,9,8,2,3,3,0,3,7,0,5,0,0,5,7,4,4,0,4,0,5,1,0,1,0,1,4,3,3,6,4,9,10,4,2,3,4,4,3,5,6,6,7,2,3,2,2,6,1,5,2,6,2,3,4,5,3,3,4,1,4,11,6,4,0,9,1,0,0,7,16,3,7,4,5,1,3,10,1,2,0,6,1,1,6,0,3,3,1,0,9,9,11,3,5,1,4,2,2,4,3,0,5,6,5,4,0,8,0,5,1,2,0,2,2,3,1,4,4,2,2,5,5,6,3,0,1,1,2,7,2,0,2,1,3,7,2,0,1,2,4,3,0,7,2,1,4,1,1,9,2,0,0,6,1,0,1,1,2,3,6,2,4,7,6,5,10,2,6,1,2,0,1,4,5,8,3,5,4,5,3,1,1,1,1,3,3,4,4,5,5,3,4,2,2,0,1,1,0,0,1,2,1,4,0,5,3,3,0,0,0,0,5,9,7,0,4,4,5,2,4,0,6,1,1,0,0,3,2,6,1,1,6,2,5,0,0,7,7,0,3,0,3,5,10,3,1,0,2,3,0,8,2,1,5,1,4,3,7,1,1,6,2,1,0,3,1,5,3,1,3,3,1,2,11,8,1,6,0,10,4,2,0,7,0,1,2
Tgfbr3,0,0,0,0,2,0,0,1,0,0,0,0,1,0,0,0,0,0,0,0,0,0,0,0,0,1,0,0,0,0,0,0,0,0,0,0,0,0,0,1,0,0,0,0,0,1,0,0,0,0,2,0,0,0,1,0,0,0,0,0,0,0,0,0,0,0,0,0,0,0,0,0,0,1,0,0,0,0,0,0,1,0,0,0,2,1,0,0,0,0,0,0,0,0,0,0,1,0,0,0,0,0,0,0,0,0,0,0,0,1,0,1,0,0,0,0,0,0,2,0,0,1,0,0,0,0,1,0,0,1,0,1,0,0,0,0,0,0,0,0,0,0,0,0,0,0,0,0,0,0,0,0,0,0,0,1,0,0,0,0,0,0,0,0,0,1,0,0,0,0,0,0,0,1,0,0,0,0,0,0,0,0,0,0,0,1,0,0,0,0,0,0,0,0,1,0,0,1,0,0,0,0,0,0,0,1,0,0,0,0,1,1,0,0,1,0,1,0,0,0,0,0,0,0,0,0,0,0,0,0,0,0,0,0,0,2,0,0,0,0,0,0,0,0,0,0,0,0,0,0,0,0,0,0,0,0,0,0,0,1,1,0,0,0,0,0,0,0,0,0,0,0,0,0,0,0,0,0,0,0,0,0,0,0,0,0,0,1,0,0,0,0,0,0,0,0,0,1,0,0,1,0,0,0,0,0,1,0,0,0,1,0,0,0,0,1,0,0,0,0,0,0,0,0,0,0,0,0,0,0,0,1,0,0,0,0,0,0,0,0,0,0,0,1,1,0,0,0,1,0,0,0,0,0,0,0,0,0,0,0,0,0,0,0,0,0,0,0,1,0,0,0,0,0,0,0,0,0,0,0,0,0,0,0,0,0,0,0,0,0,0,0,0,1,0,0,0,0
Bmp3,2,0,0,0,0,5,0,2,2,1,0,0,0,3,0,0,0,0,0,1,0,1,0,0,0,0,0,0,0,1,0,1,0,0,0,0,0,0,0,0,0,0,0,0,0,1,0,0,0,6,0,1,0,0,0,0,0,0,0,0,0,1,0,0,0,0,0,0,0,0,0,0,1,0,0,0,0,0,0,0,0,0,0,0,0,0,0,0,0,0,1,0,0,0,1,0,0,0,0,0,0,0,0,0,0,2,0,0,0,2,0,0,0,0,0,0,0,0,5,0,0,0,0,0,1,0,0,0,0,0,0,0,0,0,0,0,0,0,0,0,0,0,0,0,1,0,0,0,0,1,0,0,0,1,0,0,0,0,0,0,0,0,1,0,0,0,0,0,1,0,0,0,1,0,0,0,0,0,0,0,0,0,1,1,1,0,0,0,0,1,0,0,0,0,0,0,0,0,0,0,0,2,0,1,0,0,0,0,0,0,0,0,1,0,0,0,0,0,0,0,0,0,0,0,0,0,0,0,0,0,1,0,2,3,0,0,0,0,1,0,0,0,0,0,0,0,0,0,0,0,0,0,0,0,1,0,0,0,0,0,0,0,0,0,0,0,0,0,0,0,2,0,0,0,0,0,0,0,0,0,0,0,0,0,0,0,0,0,0,1,0,1,0,0,0,0,0,0,0,0,0,0,0,0,2,0,0,1,0,0,0,1,0,0,0,0,0,0,0,0,0,0,0,3,0,0,0,1,0,0,0,0,0,0,0,0,0,0,0,0,0,0,0,0,0,0,0,0,3,0,0,0,0,0,0,0,0,2,0,0,0,0,4,0,0,0,0,0,0,0,0,0,0,0,0,0,0,0,0,0,0,0,0,0,0,0,0,0,0,0,0,0,0,0,0,0,0,0
Tpst2,0,2,0,0,1,3,8,1,1,3,1,0,0,1,0,0,0,1,1,0,0,0,0,1,3,0,2,2,1,0,0,3,2,0,0,1,4,0,1,4,3,1,0,1,3,1,1,2,2,3,3,1,2,1,2,0,4,0,0,0,0,1,1,1,1,0,0,0,1,0,0,0,0,1,0,1,1,3,0,1,2,0,0,0,0,0,0,0,0,0,0,0,2,1,1,3,2,0,1,0,0,0,1,0,1,1,0,0,0,1,0,3,1,0,1,0,2,0,3,2,2,3,0,1,0,0,3,1,1,1,0,0,0,0,0,0,1,2,0,1,0,0,0,0,1,2,1,0,2,0,2,3,1,1,0,2,0,1,1,1,2,0,1,1,0,0,1,1,2,1,0,2,4,2,2,0,0,3,2,0,0,0,1,2,2,4,0,2,2,0,1,2,1,0,2,0,0,1,1,0,0,1,0,3,2,0,0,1,2,2,0,3,0,0,1,0,3,0,1,0,4,0,0,0,2,1,2,1,5,0,3,1,0,1,1,1,0,2,1,4,2,1,0,0,0,0,1,1,0,0,0,0,1,0,1,4,0,0,0,0,1,0,0,0,0,0,0,3,1,0,1,0,1,0,3,1,2,0,0,3,4,0,0,0,1,0,1,2,3,0,1,0,1,1,0,0,1,0,1,0,0,0,0,1,0,0,1,1,0,0,0,0,0,0,1,0,0,0,1,0,1,0,0,0,0,0,1,0,0,3,0,1,0,1,0,3,1,0,0,1,2,0,0,1,0,1,0,0,2,1,0,0,0,0,0,1,1,0,0,1,2,0,3,0,0,0,1,4,0,0,0,0,0,0,0,0,1,4,0,2,0,0,5,1,0,1,1,0,0,0,3,2,0,0,4,0,0,1
Gtf2h3,0,0,0,0,0,0,0,0,0,0,0,0,0,0,0,0,0,0,0,0,0,0,0,0,0,0,0,0,0,0,0,0,0,0,0,0,0,0,0,0,1,0,0,0,0,0,0,0,0,0,0,0,0,0,0,0,0,0,0,0,0,0,0,0,0,0,0,0,0,0,0,0,0,0,0,0,0,0,0,0,0,0,0,0,0,0,0,0,0,0,0,0,0,0,0,0,0,0,0,0,0,0,0,0,0,0,0,0,0,0,0,0,0,0,0,0,0,0,0,0,0,0,0,0,0,0,0,0,0,0,0,0,0,0,0,0,0,0,0,0,0,1,0,0,0,0,0,0,0,0,0,0,0,0,0,0,0,0,0,0,0,0,0,0,0,0,0,0,0,0,0,0,0,0,0,0,0,0,0,0,0,0,0,0,0,0,0,0,0,0,0,0,0,0,0,0,1,0,0,0,0,0,0,0,0,0,0,0,0,0,0,0,0,0,0,0,0,0,0,0,0,0,0,0,0,0,0,0,0,0,0,0,0,0,0,0,0,0,0,0,0,0,0,0,0,0,0,0,0,0,0,0,0,0,0,0,0,0,0,0,0,0,0,0,0,0,0,0,0,0,0,0,0,0,0,0,0,0,0,0,1,0,0,0,0,0,0,0,0,0,0,0,0,0,0,0,0,0,0,0,0,0,0,0,0,0,0,0,0,0,0,0,0,0,0,0,0,0,0,0,0,0,0,0,0,0,0,0,0,0,0,0,0,0,0,0,0,0,0,0,0,0,1,0,0,0,0,0,0,0,0,0,0,0,0,0,0,0,0,0,0,0,0,0,0,0,0,0,0,1,0,0,0,0,0,0,0,0,0,0,0,0,0,0,0,0,0,0,0,0,0,1,0,0,0,0,0,0
Fezf1,2,0,0,0,0,0,0,0,1,0,0,0,0,0,0,0,0,0,1,0,0,0,0,0,0,0,0,0,0,0,0,0,0,0,0,0,0,0,0,0,0,0,0,0,0,1,0,0,0,0,0,0,0,0,1,0,1,0,0,0,0,0,0,0,0,0,0,0,0,1,0,0,0,0,0,0,0,0,0,0,0,1,0,0,0,0,0,0,0,0,0,0,0,0,0,0,0,0,0,0,0,0,0,0,0,0,0,0,0,0,1,0,0,0,0,0,0,0,0,0,0,0,0,0,0,0,0,0,0,0,0,0,0,0,0,0,0,0,0,0,0,0,0,0,0,0,1,0,0,0,0,0,0,0,0,0,0,0,0,0,0,0,0,0,0,0,0,0,1,0,0,0,0,0,0,0,0,0,0,0,0,0,0,0,0,0,0,0,0,0,0,1,0,0,0,0,0,0,0,0,0,0,0,0,0,0,0,1,0,0,0,1,0,0,0,0,0,0,0,0,0,0,0,0,1,0,0,0,0,0,0,0,1,0,0,0,0,0,0,0,0,0,0,0,0,0,0,0,0,0,0,0,0,0,0,0,0,1,0,0,0,0,0,0,0,0,0,0,0,0,0,0,0,0,0,0,0,0,0,0,0,0,0,0,0,0,0,0,0,0,0,0,0,0,0,0,0,0,0,0,0,0,0,0,0,0,0,0,0,0,0,0,0,0,0,0,0,0,0,0,0,0,0,0,0,0,0,0,0,0,0,0,0,0,0,0,0,0,0,0,0,0,0,0,0,0,0,0,0,0,0,0,0,0,0,0,0,0,0,0,0,0,0,0,0,0,0,0,0,0,0,0,0,0,0,0,0,0,0,0,0,0,0,0,0,0,0,0,0,0,0,0,0,0,0,0,0,0
Npy,2,3,2,0,0,1,0,0,0,1,1,0,0,3,0,0,1,0,0,0,0,0,0,0,1,0,2,0,0,0,0,0,1,0,0,0,0,0,0,2,0,0,0,1,1,0,0,0,0,0,1,0,0,0,0,0,0,0,0,1,0,0,0,0,1,0,0,1,0,1,0,0,1,0,0,0,0,0,0,2,0,0,1,1,0,0,0,0,1,0,0,0,0,0,0,0,1,0,0,0,0,0,0,0,0,0,1,0,0,1,0,0,0,0,0,1,1,0,0,0,0,0,0,0,0,0,0,0,0,1,0,0,0,0,0,0,0,0,0,0,0,0,1,0,0,1,0,1,1,1,0,0,0,0,0,0,0,0,0,0,0,0,2,0,0,2,0,0,1,0,0,0,0,0,0,0,0,0,0,0,0,3,0,0,0,0,0,0,0,0,0,0,1,0,0,1,0,0,0,0,0,0,0,0,0,0,0,0,0,0,1,0,0,0,1,0,2,0,1,0,0,0,0,1,0,1,0,1,0,0,0,0,1,0,0,1,0,0,0,1,0,0,0,0,0,0,0,1,0,0,0,0,0,0,0,0,0,0,0,0,0,0,0,0,1,1,0,1,0,0,0,0,0,0,0,0,0,0,0,0,0,0,0,0,0,0,0,1,0,0,2,0,0,0,0,0,0,0,0,0,0,0,0,0,0,1,0,0,0,0,0,0,0,0,0,0,0,0,0,0,0,0,0,1,0,0,0,1,1,0,1,0,0,1,0,0,0,0,0,0,0,0,0,0,0,0,0,0,0,0,0,0,0,1,0,0,0,0,0,0,0,0,1,0,0,0,0,0,0,0,0,0,0,0,0,0,0,0,0,0,0,0,1,0,0,0,0,0,1,0,0,0,0,0,0,0,0,1
Gkn3,0,0,0,0,0,0,0,0,0,0,0,0,0,0,0,0,0,0,0,0,0,0,0,0,0,0,0,0,1,0,0,0,0,0,0,0,0,0,0,0,0,0,0,0,0,0,0,0,0,0,0,0,0,0,0,0,0,0,0,0,0,0,0,0,0,0,0,0,0,0,0,0,0,0,0,0,0,0,0,0,0,0,0,0,0,0,0,0,0,0,0,0,0,0,0,0,0,0,0,0,0,0,0,0,0,0,0,0,0,0,0,0,0,0,0,0,0,0,0,0,0,0,0,0,0,0,0,0,0,0,0,0,0,0,0,0,0,0,0,0,0,0,0,0,0,0,0,0,0,0,0,0,0,0,0,0,0,0,0,0,0,0,0,0,0,0,0,0,0,0,0,0,0,0,0,0,0,0,0,0,0,0,0,0,0,0,0,0,0,0,0,0,0,0,0,0,0,0,0,0,0,0,0,0,0,0,0,0,0,0,0,0,0,0,0,0,0,0,1,0,0,0,0,0,0,0,0,0,0,0,0,0,0,0,0,0,0,0,0,0,0,0,0,0,0,0,0,0,0,0,0,0,0,0,0,0,0,0,0,0,0,0,0,1,0,0,0,0,0,0,0,0,0,0,0,0,0,0,0,0,0,0,0,0,0,0,0,0,0,0,0,0,0,0,0,0,0,0,0,0,0,0,0,0,0,0,0,0,0,0,0,0,0,0,0,0,0,0,0,0,0,0,0,0,0,0,0,0,0,0,0,0,0,1,0,0,0,0,0,0,0,0,0,0,0,0,0,0,0,0,0,0,0,0,0,0,0,0,0,0,0,0,0,0,0,0,0,0,0,0,0,0,0,0,0,0,0,0,0,0,0,0,0,0,0,0,0,0,0,0,0,0,0,0,0,0,0,0
Gxylt2,0,0,0,0,0,0,0,0,0,0,0,0,0,0,0,0,0,0,0,0,0,0,0,0,0,0,0,0,0,0,1,0,0,0,0,0,0,0,0,0,0,0,0,0,0,0,0,0,0,0,0,0,1,0,0,0,0,0,0,0,0,0,0,0,0,0,0,0,0,0,0,0,0,0,0,0,0,0,0,0,0,0,0,0,0,0,0,0,0,0,0,0,0,0,0,0,1,0,0,0,0,0,0,0,0,0,0,0,0,0,0,0,0,0,0,0,0,0,0,0,0,0,0,0,0,0,0,0,0,0,0,0,0,0,0,0,0,0,0,0,0,0,0,0,0,0,0,0,0,0,0,0,0,0,0,0,0,0,0,0,0,0,0,0,0,0,0,0,0,0,0,1,0,0,0,0,0,0,0,0,0,0,0,0,0,0,0,0,0,0,0,0,0,0,0,0,0,0,0,0,0,0,0,0,0,0,0,0,0,0,0,0,0,0,0,0,0,0,0,0,0,0,0,0,0,0,0,0,0,0,0,0,0,0,0,0,0,0,0,0,0,0,0,0,0,0,0,0,0,0,0,0,0,0,0,0,0,0,0,0,0,0,0,0,0,0,0,0,0,0,0,0,0,0,0,0,0,0,0,0,0,0,0,0,0,0,1,0,0,0,0,0,0,0,0,0,0,0,0,0,0,0,0,0,0,0,0,0,0,0,0,0,0,0,0,0,0,0,0,0,0,0,0,0,0,1,0,0,1,0,0,0,0,0,0,0,0,0,0,0,0,0,0,0,0,0,0,0,0,0,0,0,0,0,0,0,0,0,0,0,0,0,0,0,0,0,0,0,0,0,0,0,0,0,0,0,0,0,0,0,0,0,0,0,0,0,0,0,0,0,0,0,0,0,0,0,0,1
Aldh1l1,17,21,11,7,17,14,23,19,9,12,21,2,29,12,19,5,9,9,13,13,1,8,1,6,13,16,16,5,10,9,4,11,10,0,1,4,16,5,10,21,25,5,3,18,2,22,0,12,7,6,18,20,11,22,5,4,26,7,0,4,1,3,13,3,14,0,4,3,3,8,0,0,14,12,7,15,16,19,6,7,4,8,12,0,3,3,8,2,3,4,0,0,13,10,3,6,12,7,8,2,0,0,1,8,5,3,6,5,12,2,3,8,5,12,3,7,5,2,10,14,3,8,2,9,4,4,7,4,1,7,0,19,0,1,1,0,11,2,0,4,1,2,6,10,9,12,5,6,7,8,9,14,17,15,4,7,5,12,14,2,6,6,7,13,0,10,6,1,9,15,1,8,11,5,1,1,5,6,13,7,8,20,1,13,1,19,6,4,10,4,4,2,6,2,8,11,4,10,1,4,12,9,19,15,13,14,4,6,8,8,14,10,1,5,6,8,14,1,3,1,15,2,3,2,11,9,17,12,11,8,18,1,3,2,8,10,0,13,8,5,9,4,5,4,8,2,12,6,3,2,7,2,1,0,12,11,8,5,1,12,5,7,0,2,10,4,5,9,6,2,14,7,8,2,11,12,18,14,8,12,10,10,3,3,11,5,13,11,1,5,14,6,8,1,8,8,10,6,3,1,9,3,3,4,1,7,4,3,2,2,0,5,2,5,4,0,11,4,4,2,1,1,1,12,11,8,3,6,4,1,4,6,0,12,0,11,2,0,5,15,5,1,5,7,9,7,4,1,3,11,1,1,1,16,12,15,3,1,0,4,9,1,9,5,1,8,7,16,2,2,0,1,4,0,0,0,0,3,6,8,1,2,16,3,1,10,1,6,5,0,10,8,5,0,6,2,0,3
Xpc,0,0,0,1,1,0,0,0,1,0,0,0,0,0,1,0,0,0,0,0,0,0,0,0,0,0,1,1,1,0,0,0,1,0,0,0,0,0,0,0,2,0,0,0,0,1,0,0,0,0,1,2,0,0,0,0,1,0,0,0,0,0,0,0,0,0,0,0,0,0,0,0,0,0,1,0,0,1,0,0,0,0,0,0,0,0,1,0,0,0,0,0,0,1,0,0,0,0,0,0,1,0,0,0,0,0,0,0,0,1,0,0,0,0,0,0,1,0,1,0,0,0,0,0,0,0,0,0,0,0,0,1,0,0,0,0,0,1,1,0,0,1,1,0,0,0,2,0,2,1,1,1,0,0,0,2,0,0,0,0,0,0,0,0,0,0,0,1,0,0,0,0,0,0,0,0,1,0,0,0,0,0,0,1,1,0,1,1,0,0,0,0,0,0,0,0,0,0,0,0,1,0,0,0,0,0,0,0,0,0,0,1,0,1,0,1,0,0,0,0,0,0,0,0,1,0,0,0,0,0,1,0,0,0,0,0,0,0,0,0,0,0,0,0,0,0,0,0,0,1,0,0,0,0,0,0,0,0,0,0,0,0,0,0,0,0,0,0,0,0,0,0,0,0,1,1,0,0,0,0,1,0,0,0,0,0,0,1,0,0,0,0,0,0,0,0,0,0,0,0,0,0,0,0,0,1,0,0,0,0,0,0,0,0,0,0,1,0,0,0,0,0,0,0,0,1,0,1,0,0,0,0,0,0,0,0,0,0,0,0,0,1,0,0,1,0,0,0,0,0,0,0,0,1,0,0,0,0,0,0,0,0,0,1,0,0,0,0,0,0,0,0,0,0,0,0,0,1,0,0,0,0,1,0,0,0,1,0,0,1,0,1,0,0,1,0,0,0
Mgp,0,0,0,0,0,0,0,0,0,0,0,0,0,0,0,0,0,0,0,0,0,0,0,0,0,0,0,0,0,0,0,0,0,0,0,0,0,0,0,0,1,0,0,1,0,0,0,0,0,0,1,0,0,1,0,0,0,0,0,0,0,0,0,0,0,0,0,0,0,0,0,0,0,0,0,0,0,0,0,0,0,0,0,0,0,0,0,0,0,0,0,0,0,0,0,2,0,0,0,0,0,0,0,0,0,0,0,1,0,0,0,0,0,0,0,0,0,0,0,1,0,0,0,0,0,0,0,0,0,0,0,0,0,0,0,0,0,0,0,0,1,0,1,0,0,0,0,0,0,0,0,0,0,0,0,0,0,0,0,0,0,0,0,0,0,0,0,0,0,0,0,0,2,0,0,0,0,0,0,0,0,0,0,0,0,0,0,0,0,0,0,0,0,0,0,0,0,0,0,0,0,0,0,0,0,0,0,0,0,0,0,0,0,0,0,0,0,0,0,0,0,0,0,0,0,0,0,0,0,0,0,0,0,0,0,0,0,0,0,0,0,0,0,0,0,0,0,0,0,0,0,0,0,0,0,0,0,0,0,0,1,0,0,0,0,1,0,1,0,0,0,0,0,0,0,0,0,0,0,0,0,0,0,0,0,0,0,0,0,0,0,0,0,0,0,0,0,0,0,0,0,0,0,0,0,0,0,0,0,0,0,1,0,0,0,0,0,0,0,0,0,0,0,1,0,0,0,0,0,0,0,0,0,0,0,0,0,0,0,0,0,0,0,0,0,0,0,0,0,1,0,0,0,0,0,0,0,0,0,0,0,0,0,0,0,0,0,0,0,0,0,0,0,0,0,0,0,0,0,0,0,1,1,0,0,0,0,0,0,0,0,0,0,0,0,0,0,0
Ogg1,0,1,1,0,0,3,0,0,0,0,0,0,0,0,0,0,1,2,0,0,0,0,0,0,0,2,0,0,1,1,0,0,0,0,0,0,0,0,0,0,1,0,0,0,0,2,0,1,0,1,0,0,1,2,0,0,1,0,0,0,0,1,0,0,0,0,0,0,0,0,0,0,0,0,0,0,0,0,0,0,0,0,0,0,0,0,0,0,0,0,0,0,0,0,0,0,0,0,0,0,0,0,0,0,0,0,0,0,0,0,0,1,0,0,0,0,0,0,0,1,0,0,0,0,0,1,0,0,0,0,0,0,0,0,0,0,1,1,0,0,0,0,0,0,0,0,0,0,1,1,0,0,0,1,0,0,0,1,0,0,0,0,0,0,0,0,0,0,0,0,0,1,0,1,0,0,0,0,0,1,0,2,0,0,0,0,1,0,1,0,0,0,0,0,0,0,0,1,0,0,0,0,0,0,0,0,0,0,0,0,2,0,0,0,0,0,0,0,0,0,0,0,0,1,0,1,1,0,0,0,0,0,0,0,0,0,0,0,0,1,0,0,0,0,0,0,0,0,0,0,0,0,0,0,0,0,0,0,0,0,0,0,0,0,0,0,0,0,1,0,0,1,0,0,0,1,0,0,0,0,0,1,0,0,0,0,0,0,0,4,1,2,0,0,0,0,0,0,0,0,0,0,0,0,0,0,0,0,0,1,0,0,0,0,0,0,0,0,1,0,0,0,0,0,0,0,0,0,0,0,0,1,0,0,0,0,0,0,0,0,0,0,0,0,0,0,0,0,1,0,0,0,0,1,1,0,0,0,0,0,0,0,1,1,0,1,0,0,0,0,0,0,0,0,0,0,0,0,0,0,0,0,1,0,0,0,0,0,0,0,0,0,1,0,0,0,0,0
St8sia1,1,0,0,0,0,1,1,0,0,0,1,0,1,0,0,0,0,0,0,0,0,0,0,0,2,2,1,0,0,0,0,0,1,0,0,0,0,0,0,0,1,2,1,0,0,0,0,2,0,1,3,0,1,0,0,0,0,0,0,0,0,0,1,0,1,0,0,0,0,4,0,0,0,0,0,0,2,0,0,0,1,0,0,1,0,0,0,0,0,0,0,0,1,0,0,0,0,0,0,0,0,0,0,0,0,0,0,0,0,0,0,1,0,0,0,0,0,1,1,0,0,1,2,1,2,0,0,0,0,0,0,0,0,0,0,0,1,0,0,0,1,0,1,0,0,1,1,0,0,2,0,0,0,0,0,0,0,0,0,0,0,0,1,0,0,0,0,0,2,1,0,0,0,0,0,0,2,0,0,0,0,2,0,0,0,1,0,0,0,0,2,0,0,0,0,2,0,1,0,0,0,2,0,4,2,0,2,2,0,0,2,0,0,0,0,0,0,0,0,0,0,0,1,0,0,0,0,0,0,0,0,1,0,1,1,0,0,1,0,2,0,2,0,0,0,1,2,0,0,0,0,0,0,0,1,0,0,0,0,2,2,0,0,0,0,0,0,2,0,0,1,0,0,0,3,0,0,0,0,0,0,0,0,1,0,0,0,1,1,0,0,1,0,0,0,0,0,0,0,0,0,0,0,0,0,0,0,0,2,0,0,0,0,0,0,0,0,0,0,0,0,0,0,1,4,0,0,1,0,0,0,1,0,1,0,0,0,0,0,0,0,0,0,0,0,0,0,0,0,1,0,0,0,1,0,0,0,0,0,0,1,0,0,0,0,0,0,0,2,0,0,0,0,0,0,0,0,0,0,1,0,0,0,0,0,1,0,0,1,1,0,0,1,0,0,0,0,0
Slc6a11,34,27,39,36,61,28,62,39,22,45,16,1,26,22,10,7,10,17,33,1,3,33,9,25,29,24,33,27,36,34,21,15,55,1,1,29,32,16,18,36,48,10,9,19,20,25,0,26,6,27,54,26,31,28,15,2,62,13,10,14,1,21,30,23,12,5,9,18,9,16,1,4,21,15,16,41,24,26,13,29,10,25,20,6,1,2,11,0,6,25,2,6,36,34,11,15,42,27,39,1,5,0,7,9,24,13,7,5,24,14,9,14,18,18,8,21,13,17,53,30,12,34,4,24,25,17,8,11,25,30,0,29,5,10,6,2,22,17,4,9,19,13,31,23,14,31,19,18,21,22,30,28,25,30,8,33,4,25,42,6,26,3,20,39,1,31,19,13,30,31,0,26,44,43,4,2,29,11,43,5,34,39,6,41,13,27,16,11,31,9,11,21,23,3,23,37,7,21,15,15,22,26,16,40,41,41,26,21,5,24,41,14,2,11,36,16,43,5,9,0,24,4,5,7,27,16,26,20,40,14,40,4,11,15,24,21,4,27,13,21,20,24,3,19,17,38,40,12,6,5,9,6,7,4,30,26,25,9,14,52,25,9,6,3,44,46,9,22,11,8,34,21,7,9,55,23,17,53,5,38,23,28,6,13,64,24,21,12,7,18,32,17,14,4,9,19,23,8,10,13,28,16,12,15,9,23,6,7,10,3,12,8,15,8,6,2,33,18,28,4,0,4,5,36,37,30,7,26,31,13,9,25,5,38,6,29,2,3,25,18,31,9,31,8,14,14,16,2,33,32,2,9,1,67,38,28,8,11,1,39,16,3,35,13,3,30,13,15,22,13,1,0,15,9,7,1,7,23,29,41,6,21,39,6,17,22,11,11,46,38,25,40,23,10,34,10,3,5
Mbd4,1,0,1,0,1,3,0,0,0,1,0,0,0,0,0,0,0,0,0,2,0,0,0,0,0,0,0,1,1,0,0,0,0,0,1,0,1,0,0,1,0,0,0,0,0,0,0,0,0,0,0,0,2,1,0,0,0,0,0,0,0,0,0,0,0,0,0,0,0,0,0,0,0,1,0,0,0,0,0,0,0,0,0,0,0,0,0,0,0,0,0,0,2,0,0,0,0,0,0,0,0,0,0,0,0,1,0,0,0,0,0,1,0,0,0,0,0,1,2,0,0,0,0,0,0,0,0,0,0,0,0,1,0,0,0,0,0,0,0,0,0,0,1,1,0,0,1,0,0,2,0,1,0,0,0,0,0,0,0,0,0,1,0,0,0,0,0,0,0,0,0,1,0,1,0,0,1,0,0,0,0,0,0,1,0,1,0,1,0,0,0,0,0,0,0,0,0,0,0,1,0,0,0,1,1,1,0,0,0,0,2,0,0,0,2,0,0,0,0,0,0,0,0,0,1,0,0,1,0,0,2,0,0,0,0,0,0,0,0,0,0,0,0,0,0,1,1,0,0,0,0,0,0,0,0,0,0,0,0,0,0,0,0,0,1,0,0,0,1,0,0,0,0,0,0,0,0,0,1,0,0,0,0,0,0,0,0,0,0,0,0,1,0,0,0,0,0,0,0,0,0,0,0,0,0,0,0,0,0,0,0,0,0,0,0,0,1,1,0,0,0,0,0,0,1,0,0,0,0,2,0,0,0,0,0,0,0,0,0,0,1,0,0,0,1,1,0,0,0,0,0,0,0,0,2,0,0,0,0,0,0,0,0,1,0,0,0,0,0,0,0,0,0,0,0,0,0,0,0,0,0,0,1,0,0,1,0,0,0,0,0,0,0,0,0,0,0,0
Cd9,0,0,0,0,1,1,0,0,0,0,0,1,0,0,0,0,0,2,0,0,0,1,0,1,0,0,0,1,1,1,1,1,0,0,0,1,7,0,0,0,0,1,0,1,0,2,0,0,0,2,1,2,0,0,0,0,0,0,0,0,0,0,1,0,0,0,0,0,0,0,0,0,1,0,0,0,0,0,0,0,0,0,0,0,0,0,1,0,0,0,0,0,0,0,0,0,0,0,0,0,0,0,0,0,0,0,1,0,0,0,0,0,0,2,0,0,0,0,0,0,0,0,0,0,0,0,0,1,0,0,0,0,0,0,0,0,0,0,0,0,0,0,0,0,0,3,0,0,0,0,1,0,1,1,1,0,0,0,1,1,1,1,0,1,0,0,3,0,0,0,0,1,0,0,0,0,0,0,0,0,1,0,0,1,0,0,0,0,0,0,0,0,0,0,0,0,0,0,0,0,0,1,2,1,0,0,0,0,0,0,0,0,0,0,0,1,0,0,1,0,0,0,0,0,0,1,0,0,2,1,0,0,0,0,1,0,0,1,1,0,0,0,0,0,0,0,0,1,0,0,2,1,0,0,0,0,0,2,1,1,0,1,0,0,0,0,0,0,1,0,0,0,0,0,1,1,0,1,0,0,1,0,0,0,0,0,0,0,0,0,0,0,0,0,0,0,0,0,0,0,0,0,0,0,0,0,0,0,1,0,0,0,0,0,0,0,0,0,1,0,0,0,0,0,0,0,0,0,0,0,0,0,0,0,0,0,0,0,0,0,0,0,0,0,0,0,2,0,0,0,0,0,0,0,1,0,0,0,0,0,0,0,2,0,0,0,0,0,0,0,0,0,0,1,0,0,0,1,1,0,0,0,0,2,0,0,1,0,0,0,0,1,0,0,0,0,0,3
Slc17a6,1,0,0,0,0,1,0,0,0,0,0,0,0,0,0,0,0,0,0,0,0,1,0,0,0,1,0,0,0,0,0,0,0,0,0,0,0,0,0,0,0,0,0,0,0,0,0,0,0,0,0,0,1,0,0,0,0,0,0,0,0,0,0,0,0,0,0,0,0,0,0,0,0,0,0,0,0,0,0,0,0,0,0,0,0,0,0,0,0,0,0,0,0,0,0,0,0,0,0,0,0,0,0,0,0,0,0,0,0,0,0,1,0,0,0,0,0,0,0,0,0,0,0,0,0,1,1,0,0,0,0,0,0,0,0,0,0,0,0,0,0,0,0,0,0,0,0,0,0,0,0,0,0,0,0,0,0,0,1,0,1,0,0,0,0,0,0,0,0,0,0,0,1,0,0,0,0,0,0,0,0,0,0,0,0,0,1,0,0,0,0,1,0,0,0,0,0,0,0,0,0,2,0,0,0,0,0,0,0,0,0,0,0,0,0,0,0,0,0,0,1,0,0,0,1,0,0,0,0,0,0,0,0,0,0,0,0,0,0,0,0,0,0,0,0,0,0,0,0,0,0,0,0,0,0,1,0,0,0,1,4,0,0,0,2,1,0,0,0,0,0,0,0,0,0,0,0,0,0,0,0,0,0,0,0,0,0,1,2,0,0,0,0,0,0,0,0,0,0,0,0,0,0,0,0,0,0,0,0,0,0,1,0,0,0,0,0,0,1,0,0,0,0,0,0,0,0,0,0,0,0,0,0,0,0,0,0,0,0,0,0,0,0,0,0,0,0,0,0,0,0,0,0,0,0,0,0,1,0,0,0,0,0,0,0,0,0,0,0,0,0,0,0,0,0,0,0,0,0,0,0,0,1,0,0,0,0,0,1,0,0,0,1,0,0,0,0,0
Chrna7,0,0,0,0,0,2,2,2,0,0,0,0,0,2,0,0,0,2,1,0,0,0,0,1,0,2,0,1,0,0,0,1,0,0,0,1,1,0,0,0,1,0,0,0,1,1,0,0,0,3,2,3,0,1,1,0,1,0,0,0,0,0,1,0,2,0,1,0,0,1,0,0,0,0,0,0,0,0,1,1,0,0,0,0,0,0,0,0,0,0,0,0,1,0,0,0,1,0,0,0,0,0,0,0,0,0,0,0,0,0,0,0,0,0,0,0,1,1,0,1,0,1,0,1,0,0,0,1,0,0,0,0,0,0,0,0,0,0,0,0,1,1,0,0,0,0,2,0,0,0,0,0,0,2,0,0,0,1,1,0,0,0,0,0,0,0,0,0,0,1,0,0,2,0,0,0,0,1,0,0,0,0,0,0,0,0,1,1,2,0,0,0,0,1,0,1,0,0,1,1,0,0,0,1,2,0,0,0,0,0,0,1,0,2,0,0,0,0,0,0,0,1,0,0,1,0,0,0,0,0,0,0,0,1,0,0,0,1,0,0,0,0,0,0,0,1,0,1,0,0,1,0,0,0,2,0,0,0,0,0,0,0,0,0,0,0,0,0,1,0,0,0,0,0,0,0,1,3,0,0,0,1,0,0,0,0,0,0,0,0,1,0,0,0,0,0,0,0,0,0,0,0,0,0,0,0,0,0,0,0,1,1,0,0,0,0,0,0,0,0,0,0,0,0,1,2,0,1,0,0,0,2,0,0,0,0,0,0,0,0,0,0,0,0,1,2,0,0,0,0,0,0,0,0,1,0,1,0,0,0,0,0,0,0,0,0,0,0,0,0,0,0,0,0,0,0,0,0,0,1,0,0,0,0,0,2,0,0,0,0,0,0,0,0,1,0,0,0
Nr2f2,0,0,0,0,0,0,0,0,1,0,0,0,0,0,0,0,0,1,0,0,0,0,0,0,0,0,0,0,0,0,0,0,0,0,0,0,0,0,0,0,0,0,0,0,0,0,0,0,0,0,0,0,0,0,1,0,0,0,0,0,0,0,0,0,0,0,0,0,0,0,0,0,0,0,0,0,0,0,0,0,0,0,0,0,2,0,0,0,0,0,0,0,0,0,0,0,0,0,0,0,0,0,0,0,0,0,0,0,0,0,0,0,0,0,0,1,0,0,0,0,1,0,0,0,0,0,0,0,0,0,0,0,0,0,1,0,0,0,0,0,0,0,1,0,0,0,0,0,1,0,1,0,0,0,0,0,0,0,0,0,0,0,0,0,0,0,0,0,0,0,0,1,0,0,0,0,0,0,0,0,0,0,0,0,0,0,0,0,0,0,1,0,0,0,0,0,0,0,0,0,0,0,0,0,0,0,0,0,0,0,0,0,0,0,0,0,0,0,0,0,0,0,0,0,0,0,0,0,0,1,0,0,0,0,0,0,0,0,0,0,0,0,0,0,0,0,0,0,0,0,0,0,0,0,0,0,1,0,0,0,0,0,0,0,0,0,0,0,0,0,0,0,1,0,1,0,0,0,0,0,0,0,0,0,0,0,0,0,0,0,1,0,0,0,0,0,0,0,0,0,1,0,0,0,0,0,0,0,0,0,0,0,0,0,0,0,0,0,0,0,0,1,0,1,0,0,0,0,0,0,0,0,0,0,0,0,0,0,1,0,0,0,1,0,0,0,0,0,0,0,0,0,0,0,0,0,0,0,0,0,0,0,1,0,0,0,0,0,0,0,0,0,0,0,0,0,0,0,0,0,0,0,0,0,0,0,0,1,0,0,0,0,0,0,0,0,0,0
Xylt1,2,3,10,6,10,11,9,2,1,5,3,0,6,2,5,1,2,5,1,0,0,3,0,2,3,3,3,1,2,8,4,1,3,0,0,4,5,2,0,1,4,1,0,1,2,11,0,2,3,5,4,5,1,3,1,0,6,4,3,3,0,6,1,2,0,0,0,2,2,2,0,0,7,2,1,2,5,2,1,0,1,1,8,0,0,0,2,0,1,0,1,0,6,0,1,1,7,2,3,0,0,0,1,1,4,4,1,1,2,2,1,2,1,1,0,1,5,1,2,2,1,2,0,6,3,1,0,1,0,1,0,5,0,0,0,0,2,3,4,4,3,6,3,3,3,1,1,4,2,4,2,4,3,4,1,2,0,0,5,3,4,0,3,6,0,3,1,1,1,2,0,5,8,6,0,0,3,4,1,0,4,2,0,3,1,3,2,2,5,1,0,0,3,0,3,2,2,1,4,2,3,2,3,3,1,5,4,0,0,1,3,2,1,0,2,0,4,0,2,0,3,0,0,0,2,0,4,4,1,0,2,1,4,5,6,4,0,4,1,4,5,5,1,0,2,3,5,5,0,0,2,3,3,1,5,4,0,0,0,4,1,0,1,4,2,2,0,2,1,2,8,2,2,3,7,3,3,4,2,4,2,0,2,1,2,1,3,6,0,3,2,5,2,1,1,5,9,7,4,2,2,0,1,3,1,4,0,1,2,0,3,1,0,0,3,0,1,2,0,1,0,0,1,2,4,1,1,2,4,1,0,1,0,8,0,4,0,0,1,3,1,3,2,0,0,2,1,0,2,1,1,1,0,10,3,3,3,2,0,4,1,1,8,0,0,2,1,3,2,0,0,0,0,1,1,0,0,2,5,3,2,3,3,1,1,2,0,1,3,1,1,2,2,2,3,1,0,0
Nucb2,0,0,0,0,0,1,0,0,1,0,0,0,1,0,0,0,0,2,0,1,0,0,0,0,0,1,1,0,1,0,0,0,0,0,0,0,0,0,0,2,0,0,0,0,0,0,0,0,0,0,1,0,0,0,1,0,5,0,0,0,0,0,0,0,0,0,0,0,0,0,0,0,0,0,2,0,0,0,0,0,0,0,0,0,1,0,0,0,0,0,0,0,0,0,0,0,2,1,0,0,0,0,1,0,1,0,0,0,0,0,0,0,0,0,0,0,1,0,1,1,0,0,0,0,0,1,0,0,0,0,0,0,1,0,0,0,0,0,1,0,0,0,0,0,0,0,0,0,0,0,0,0,1,1,0,0,0,0,0,1,0,0,1,0,0,0,0,0,1,0,0,1,0,1,0,0,0,0,0,0,0,1,0,0,0,0,0,0,1,0,0,0,3,0,0,0,0,1,0,0,0,0,0,0,0,0,0,0,0,0,1,1,0,0,0,0,0,0,0,0,0,0,0,0,0,0,0,0,0,0,0,0,0,0,0,1,0,0,0,0,1,0,0,0,1,0,0,0,0,0,0,2,0,0,0,1,0,0,0,0,0,0,0,0,0,0,0,0,0,0,0,0,0,1,0,0,0,0,0,0,0,1,0,0,0,0,0,0,0,1,0,0,0,0,1,0,0,1,0,0,1,0,0,1,1,0,0,0,0,0,0,0,0,0,0,0,0,0,0,0,0,0,0,0,0,0,0,0,1,0,0,0,0,0,0,0,0,0,0,2,0,0,0,0,0,2,0,0,0,0,0,0,0,0,0,0,0,0,0,1,0,0,1,0,0,0,2,0,0,0,0,0,1,0,0,0,0,0,0,0,0,0,0,0,0,1,0,0,0,0,0,0,0,0,1,0,0,0
Calca,0,0,0,0,0,0,0,0,0,0,0,0,0,0,0,0,0,0,0,0,0,0,0,0,0,0,0,0,0,0,0,0,0,0,0,0,1,0,0,0,0,0,0,0,0,0,0,0,0,1,0,1,0,0,0,0,1,0,0,0,0,0,0,0,0,0,0,0,0,0,0,0,0,0,0,0,0,0,0,0,0,0,0,0,0,0,0,0,0,0,0,0,0,0,0,0,0,0,0,0,0,0,0,0,0,0,0,0,0,0,0,0,0,0,0,0,0,0,0,0,0,0,0,0,0,0,0,0,0,0,0,0,0,0,0,0,0,0,0,0,0,0,0,0,0,0,0,0,0,0,0,0,0,0,0,0,0,0,0,0,0,0,0,0,0,0,0,0,0,0,0,0,0,0,0,0,0,0,0,0,0,1,0,0,0,0,0,0,0,0,0,0,0,0,0,0,0,0,0,0,0,0,0,0,0,0,0,0,0,0,0,0,0,1,0,0,0,0,0,0,0,0,0,0,0,0,0,0,0,0,0,0,0,0,0,0,0,0,0,0,0,0,0,0,0,0,0,0,0,0,0,0,0,0,0,0,0,0,0,0,0,0,0,0,0,0,0,0,0,0,0,0,0,0,0,0,0,0,0,0,0,0,0,0,0,0,1,0,0,0,0,0,0,0,0,0,0,0,0,0,0,0,0,0,0,0,0,0,0,0,0,0,0,0,0,0,0,0,0,0,0,0,0,0,0,0,0,0,0,0,0,0,0,0,0,0,0,0,0,0,0,0,0,0,0,0,0,0,0,0,0,0,0,0,0,0,0,0,0,0,0,0,0,0,0,0,0,0,0,0,0,0,0,0,0,0,0,0,0,0,0,0,0,0,0,0,0,0,0,0,0,0,0,0,0,0,0,0
Pold3,0,0,0,0,0,1,0,0,0,0,0,0,2,0,0,0,0,0,0,0,0,0,0,0,0,2,0,0,0,1,0,0,2,0,0,0,1,0,0,0,0,1,0,0,1,2,0,0,0,0,1,0,0,1,0,0,2,0,0,0,0,0,1,1,0,0,0,0,0,0,0,0,1,0,0,0,0,0,1,0,0,0,0,1,0,0,0,0,0,0,0,0,0,0,0,0,0,0,0,0,0,0,0,0,0,0,0,0,0,0,0,0,0,0,1,0,0,0,0,0,0,1,0,0,0,1,0,0,0,0,0,1,0,0,0,0,0,0,0,0,0,0,0,1,0,1,0,1,0,0,0,0,0,0,0,0,0,0,1,0,0,0,0,0,1,0,1,0,1,0,0,0,1,0,0,0,0,1,0,0,0,1,0,0,0,0,0,0,0,0,1,0,0,0,0,0,0,0,1,0,1,0,1,1,0,1,1,0,0,0,2,1,0,3,0,0,1,0,0,0,0,0,0,0,0,0,0,1,0,0,0,0,1,1,0,0,0,2,0,0,0,0,0,0,0,0,0,0,0,1,0,0,0,0,0,1,0,0,0,0,1,0,0,0,0,0,0,0,0,0,0,0,0,1,1,0,0,0,0,0,0,0,0,0,0,1,0,0,0,0,0,1,0,0,0,0,0,0,0,0,0,0,0,0,0,0,0,0,0,0,0,0,0,0,0,0,0,0,0,0,0,0,0,0,0,0,0,1,0,1,0,0,0,0,0,1,0,0,1,0,0,0,0,0,0,0,0,0,0,0,0,0,0,0,0,0,0,0,0,0,0,0,0,0,0,0,0,0,0,0,0,0,0,0,0,0,0,0,0,0,0,0,0,0,0,0,0,0,0,0,0,0,1,0,0,0,0,0
Uqcrc2,0,2,1,0,3,7,2,0,0,7,4,0,1,2,3,0,1,0,0,0,0,0,1,0,0,0,1,0,1,0,0,1,3,0,0,2,2,0,1,3,3,0,0,2,1,1,0,0,0,2,1,0,5,3,0,0,1,0,1,0,0,1,2,1,0,0,0,0,0,0,0,1,1,0,0,1,0,2,0,0,0,0,0,1,1,0,0,0,0,0,0,0,1,1,0,1,0,0,1,0,0,0,1,0,1,0,1,0,0,0,0,0,0,1,0,1,1,0,4,0,0,2,0,3,2,1,0,0,0,3,0,1,0,0,0,0,0,0,0,1,0,0,2,1,0,0,0,0,1,4,1,0,1,1,0,0,0,4,1,3,1,1,2,1,0,1,0,1,3,2,0,1,2,2,0,0,1,1,1,0,1,0,0,3,2,1,0,1,0,0,0,0,2,0,0,0,0,0,0,1,0,0,3,4,1,0,1,1,0,0,1,1,0,2,0,0,0,0,0,0,0,0,0,0,0,1,0,0,0,0,1,0,2,0,2,1,0,0,0,0,2,2,0,0,1,0,0,0,0,0,0,0,1,0,1,1,2,0,0,1,2,0,0,0,0,1,0,1,1,0,0,0,0,0,0,0,0,1,1,0,0,1,0,1,0,1,1,0,0,0,0,0,0,0,0,0,0,0,0,1,0,0,0,2,0,0,1,0,0,0,0,0,0,1,0,0,0,0,0,0,0,0,0,1,1,1,1,2,0,0,1,1,0,0,0,0,1,0,0,0,0,0,0,0,0,0,1,0,0,2,0,0,0,0,0,1,0,0,0,0,1,0,0,2,0,1,0,1,2,0,0,0,2,0,0,0,0,2,1,0,0,0,3,0,0,2,1,1,0,0,0,1,4,0,1,2,0,0
Crym,0,0,0,0,0,3,0,0,0,1,0,0,1,0,1,1,0,0,1,0,0,0,0,1,1,0,0,0,0,3,0,1,0,0,0,0,0,0,0,0,0,0,0,1,0,0,0,0,0,0,0,0,0,0,0,0,0,0,0,0,0,0,2,0,0,0,0,0,0,0,0,0,0,0,0,0,0,0,0,0,0,0,1,0,0,0,0,0,0,0,0,0,0,0,0,0,0,0,0,0,0,0,0,0,0,0,0,0,0,0,0,0,0,0,1,0,0,0,0,1,0,0,0,0,0,1,0,0,0,0,0,0,0,0,0,0,0,0,0,0,0,0,0,1,0,0,0,0,0,0,0,0,0,1,1,0,0,0,0,0,0,0,0,0,0,0,0,2,0,0,0,3,0,0,0,0,1,0,0,0,0,0,0,0,0,0,0,0,0,0,0,0,0,0,0,0,0,0,0,0,0,0,0,0,0,1,1,0,0,0,2,1,0,0,0,0,0,0,0,0,0,0,0,0,1,0,0,0,0,0,1,0,0,0,0,0,0,1,0,0,0,0,0,0,1,0,0,0,0,0,0,0,0,0,0,0,0,0,0,0,0,0,0,0,0,0,0,0,0,0,0,0,0,0,0,0,0,0,0,0,0,0,0,0,0,0,0,0,0,0,0,0,0,0,0,0,0,0,0,0,0,0,0,0,0,0,0,0,0,0,0,0,0,0,0,0,0,0,0,0,0,0,0,0,0,0,0,0,1,0,0,0,0,0,0,0,0,0,0,0,0,0,0,1,0,0,0,0,0,0,0,0,0,0,0,0,0,0,0,0,0,0,0,0,0,0,0,0,1,0,0,0,0,0,0,0,0,0,0,0,0,0,0,0,1,1,0,0,0,0,0,0,0,0,0,0,0,0
Gpc4,0,0,0,0,0,1,1,2,0,2,0,0,1,2,1,0,0,0,1,0,0,0,0,0,1,1,0,0,1,0,0,0,2,0,0,1,1,0,0,0,0,1,0,0,0,1,0,1,0,1,1,1,0,2,0,0,0,0,3,0,0,1,0,0,1,0,0,0,1,1,0,0,0,2,2,1,2,1,0,0,0,1,2,0,0,0,0,1,1,0,2,0,0,0,0,1,0,0,1,0,0,0,0,1,0,0,1,0,0,1,0,0,0,0,1,0,0,0,3,0,1,1,0,0,0,0,0,0,1,0,0,0,0,0,0,0,0,0,0,1,0,0,0,0,1,0,0,1,0,0,2,0,0,0,0,3,0,1,1,0,0,0,0,0,0,1,0,0,0,0,0,0,0,0,0,0,2,0,0,0,2,2,0,0,0,3,0,0,2,0,0,0,1,0,1,1,2,1,0,1,1,1,3,2,0,0,1,0,0,0,1,0,0,1,2,0,1,1,0,0,0,0,0,0,0,2,3,2,1,0,0,0,0,0,1,0,0,0,0,1,0,0,0,0,0,1,0,1,0,0,0,1,0,0,0,0,0,0,0,3,1,0,1,0,0,0,0,0,0,0,0,0,0,2,0,0,2,0,0,1,0,0,0,0,0,0,0,0,0,0,1,0,0,0,0,0,1,0,0,1,2,0,0,1,0,0,0,0,0,0,0,1,0,0,0,0,0,0,0,0,0,0,0,1,0,0,0,0,0,0,0,0,0,2,0,0,0,0,0,0,0,0,1,0,0,0,0,0,1,2,0,1,0,2,1,1,0,2,1,0,0,0,1,1,1,1,1,1,1,0,0,0,1,0,0,0,0,3,0,0,1,1,2,1,0,0,0,1,1,0,0,1,0,1,0,1,0,0
Slc38a5,0,0,0,0,1,0,1,0,0,0,0,0,0,0,0,0,0,0,0,0,0,0,0,0,0,0,0,0,0,1,0,0,1,0,0,0,0,0,0,0,0,0,0,0,0,0,0,0,0,0,0,0,0,0,0,0,0,0,1,0,0,0,0,0,0,0,0,0,1,1,0,0,2,0,0,0,0,0,0,0,0,0,0,0,0,0,1,0,0,0,0,0,0,0,0,0,0,0,0,0,0,0,0,0,1,0,0,0,0,0,0,0,0,0,0,0,0,0,0,0,0,0,0,0,0,0,0,0,0,0,0,0,0,0,0,0,0,0,0,0,0,0,0,0,0,0,0,0,3,0,0,0,1,0,0,0,0,0,0,0,0,0,0,0,0,0,0,0,1,0,0,0,0,0,0,0,2,0,0,0,0,0,0,0,0,0,0,0,0,0,0,0,0,0,0,0,0,0,0,0,0,0,0,0,0,0,0,0,0,0,0,0,0,0,0,0,0,0,0,0,0,0,0,0,0,0,0,0,0,0,0,0,0,0,0,0,0,0,0,0,0,2,0,0,0,1,0,0,0,0,0,0,0,0,0,0,0,0,0,0,0,0,0,0,0,0,0,0,0,0,0,0,0,0,0,0,0,0,0,0,0,0,0,0,0,0,0,0,0,0,0,0,0,0,0,0,0,0,0,0,2,0,0,0,0,0,0,0,0,0,0,0,0,0,0,0,0,0,0,0,0,0,0,0,0,0,0,0,0,0,0,0,0,0,0,0,0,0,0,0,0,0,0,0,0,0,0,0,0,0,0,0,0,0,0,0,0,0,0,0,0,0,0,0,0,0,0,0,0,0,0,0,0,0,0,0,0,0,0,1,0,0,0,0,0,0,0,0,0,0,0,0,0,0,0,0,0,0
Gpr165,0,1,0,0,0,0,0,1,0,0,0,0,0,0,0,0,0,0,0,0,0,0,0,0,0,0,0,0,0,0,0,0,0,0,0,0,0,0,0,0,0,0,0,0,0,0,0,0,1,0,0,0,0,0,0,0,0,0,0,0,0,0,0,0,0,0,0,0,0,0,0,0,0,0,0,0,0,0,0,0,0,0,0,0,0,0,0,0,0,0,0,0,0,0,0,0,0,0,0,0,0,0,0,0,0,0,0,0,0,0,0,0,0,0,0,0,0,0,1,0,0,1,0,0,0,0,0,0,0,0,0,0,0,0,0,0,0,0,0,0,0,0,0,0,0,0,1,0,0,1,0,0,0,0,0,0,0,0,1,0,0,0,0,0,0,0,0,0,1,0,0,0,0,0,0,0,0,0,0,0,0,0,0,0,0,0,0,1,0,0,0,0,0,0,0,1,0,0,0,0,0,0,0,0,0,0,0,0,1,0,0,0,0,0,0,0,0,0,0,0,0,0,0,0,0,0,1,0,0,0,0,0,0,0,0,0,0,0,0,0,1,0,0,0,0,0,0,0,0,0,0,0,0,0,0,0,2,0,0,0,0,0,0,0,2,0,1,1,0,0,0,0,0,0,0,0,0,0,0,0,0,0,0,0,0,0,0,0,0,0,0,0,0,0,0,0,0,0,0,0,0,0,0,1,0,0,0,0,0,0,0,0,0,0,0,0,0,0,0,0,0,0,0,0,0,0,0,0,0,0,0,0,0,0,0,0,0,0,0,0,0,0,0,0,0,0,0,0,0,0,0,1,0,0,0,0,0,0,0,0,0,0,0,0,0,0,0,0,0,0,0,0,0,0,0,0,0,1,0,0,0,0,0,0,0,0,1,0,0,1,0,0,1,0,0,0,0,0
Nsdhl,3,4,2,0,4,6,3,2,1,1,9,0,5,2,6,0,1,1,2,1,1,0,0,3,0,3,7,1,1,2,0,2,3,0,0,2,2,1,1,3,4,0,0,1,2,2,0,3,1,0,2,0,4,0,0,0,7,1,1,3,1,1,3,2,1,0,0,2,0,0,1,1,4,1,1,3,2,1,0,0,0,2,0,0,0,0,1,0,0,0,0,0,0,0,2,1,1,0,1,0,0,0,1,0,5,3,0,1,1,0,0,0,0,0,0,0,5,1,2,7,1,0,0,4,2,0,0,0,1,0,0,1,0,0,0,0,0,1,0,0,1,1,4,1,1,3,2,1,1,2,0,2,1,0,0,2,0,2,2,0,4,0,3,1,0,0,0,1,1,1,0,0,2,1,0,0,1,0,1,0,3,6,0,1,1,3,0,0,1,0,0,0,0,0,0,2,1,4,2,0,0,0,2,2,1,1,4,3,1,4,7,1,0,1,1,0,2,0,0,0,4,0,1,0,0,1,1,4,3,1,4,1,1,2,3,3,0,5,0,1,3,3,0,0,2,0,4,0,1,3,1,0,2,0,3,0,0,0,0,1,2,0,0,0,1,1,0,1,1,0,2,1,0,0,3,0,2,3,0,1,4,1,0,0,3,0,3,0,1,0,2,1,0,0,0,0,0,1,0,0,0,0,0,0,0,0,0,0,0,0,0,0,0,0,1,0,1,0,0,0,0,0,0,0,4,0,0,1,5,1,1,2,0,0,1,3,2,0,2,0,3,0,1,0,0,1,1,1,1,1,1,1,0,0,4,1,0,1,0,1,0,0,1,1,0,2,2,2,1,0,0,0,2,0,0,0,0,0,1,0,0,1,1,0,0,5,2,0,0,2,0,1,1,0,0,1,0,0
Vegfc,0,0,0,0,0,0,0,0,0,0,0,0,0,0,0,0,0,0,0,0,0,0,1,0,0,0,0,0,0,1,0,0,0,0,0,0,1,0,0,1,0,0,0,0,0,0,0,0,0,0,0,0,0,1,0,0,0,0,0,0,0,0,0,0,0,0,0,0,0,1,0,0,0,0,0,0,0,0,0,0,1,0,0,0,1,0,0,0,0,0,0,0,0,0,0,0,1,0,0,0,0,0,0,0,0,0,0,0,0,0,0,0,0,1,0,0,0,0,0,0,0,0,0,0,0,0,0,0,0,0,0,0,0,0,0,0,0,0,0,0,0,0,0,0,0,0,0,0,0,0,0,0,0,0,0,0,0,0,0,0,0,0,0,0,0,0,0,0,0,0,0,0,0,0,0,0,0,0,0,0,0,0,0,1,0,0,0,1,0,0,0,1,0,0,0,0,0,0,0,1,0,0,0,0,0,0,0,0,0,0,2,0,0,0,1,0,0,0,0,0,0,1,0,0,0,0,0,1,0,0,0,0,1,0,0,0,0,0,0,0,0,0,0,0,0,0,0,0,0,0,1,0,0,0,0,0,0,0,0,0,0,0,0,0,0,0,0,0,0,0,0,0,0,0,1,0,0,0,0,0,0,0,0,0,0,0,0,0,0,0,0,0,0,0,0,0,0,0,0,0,0,0,0,0,0,0,0,0,0,0,0,0,0,0,0,0,0,0,0,0,0,0,0,0,0,0,0,0,0,0,0,0,0,0,0,0,0,0,0,0,0,0,0,0,0,0,0,0,0,0,0,0,0,0,0,0,0,0,0,0,0,0,0,0,0,0,0,2,0,0,0,0,0,0,0,0,0,0,0,1,0,0,0,0,0,1,0,0,0,0,0,0,1,0,0,0,0,0
Polb,2,1,2,1,0,1,0,0,1,1,1,0,1,0,0,0,0,0,0,0,0,0,1,0,1,0,0,1,2,2,1,1,0,0,0,0,0,0,0,0,0,0,0,0,0,0,0,0,0,0,0,1,1,0,1,0,0,0,0,0,0,0,1,0,0,0,0,0,0,0,0,0,0,1,0,0,0,0,0,0,0,0,0,0,0,0,0,0,0,1,0,0,0,0,0,0,0,1,0,0,0,0,0,0,0,0,0,0,0,0,0,1,0,0,0,0,1,0,0,0,0,0,0,1,1,0,0,0,0,0,0,1,0,0,0,0,1,0,0,0,0,1,0,0,0,0,2,0,1,0,1,0,0,0,0,0,1,0,0,0,0,0,0,0,0,0,0,1,0,1,0,1,1,0,0,0,0,0,1,0,0,0,0,0,0,2,0,0,1,0,0,0,1,0,2,0,0,0,0,1,1,0,0,0,1,0,0,1,0,0,1,2,0,0,0,1,0,0,0,0,0,0,0,0,0,0,0,0,0,1,0,0,0,0,1,0,0,0,0,0,0,0,0,0,0,0,1,0,0,0,0,0,0,0,0,0,0,0,0,0,1,0,0,0,0,1,0,0,1,0,0,0,0,0,0,0,0,0,0,0,0,0,0,0,0,0,0,0,0,0,0,0,1,0,0,0,0,0,1,0,0,0,0,0,0,0,0,0,0,0,0,0,0,0,1,0,0,0,0,0,0,0,0,0,0,1,1,0,0,0,0,0,0,0,0,0,0,0,1,0,0,0,0,0,0,0,1,0,0,1,0,0,0,1,0,0,0,0,0,1,0,0,2,0,0,0,0,1,0,0,0,0,1,0,0,0,0,0,0,0,0,0,0,0,0,1,0,0,1,1,0,0,0,0,0,1,0,1
Msmo1,6,4,7,1,8,6,12,6,3,0,13,2,2,4,6,2,4,0,2,0,0,2,0,9,9,9,13,8,2,14,2,7,10,0,0,5,19,1,4,13,20,0,1,3,8,4,0,5,0,7,13,8,7,9,1,0,18,1,3,1,0,2,6,0,3,0,10,4,0,1,0,0,3,4,2,3,2,2,0,4,1,2,1,1,1,0,4,1,1,3,0,2,7,2,5,1,8,2,8,2,1,0,1,2,3,6,1,2,3,1,0,1,1,2,1,1,4,4,2,4,4,7,1,2,2,4,1,5,5,2,0,4,1,2,0,0,0,0,0,3,0,2,8,1,1,7,5,9,3,11,4,8,13,9,6,12,2,6,9,2,10,0,6,3,1,4,5,0,12,7,0,10,21,8,0,0,8,3,9,1,7,13,2,11,4,2,1,1,5,2,1,0,2,0,0,2,1,0,3,6,3,0,2,5,0,6,0,0,2,3,10,2,1,0,0,0,0,0,1,0,5,0,1,1,0,3,1,3,2,1,4,3,2,3,6,4,0,6,3,5,8,5,2,3,4,4,11,6,0,5,3,4,1,0,17,3,2,1,1,3,2,1,0,1,0,0,0,2,0,0,2,7,1,2,4,3,3,2,0,7,3,2,0,0,3,4,2,3,3,2,0,3,1,0,0,0,2,0,2,1,1,4,1,1,0,0,0,1,3,1,3,0,2,1,0,0,0,0,0,0,0,0,0,11,16,6,2,18,9,3,4,7,0,4,1,7,0,0,2,2,7,2,7,0,2,2,3,1,7,7,0,1,0,7,4,3,0,4,0,3,4,0,2,0,1,14,8,6,1,2,1,1,4,5,2,0,3,5,12,6,2,10,6,0,4,12,10,1,2,1,12,8,6,5,3,0,0,1
Mmp2,1,0,0,1,0,0,0,0,0,0,0,0,0,0,0,0,0,0,0,0,0,0,0,0,0,0,0,0,0,0,0,0,0,0,0,0,0,0,0,0,0,0,0,0,0,0,0,0,0,0,0,0,0,0,0,0,0,0,0,0,0,0,0,0,0,0,0,0,0,0,0,0,0,0,0,0,0,0,0,0,0,0,0,0,0,0,0,0,0,0,0,0,0,1,0,0,0,0,0,0,0,0,0,0,0,0,0,0,0,0,0,0,0,0,0,0,0,0,0,0,0,0,0,2,0,0,0,0,0,0,0,0,0,0,0,0,0,0,0,0,0,0,0,0,0,0,0,0,0,0,0,0,0,0,0,0,0,0,0,0,0,0,0,0,0,0,0,0,0,0,0,0,0,1,0,0,2,0,0,0,0,0,0,0,0,0,0,0,0,0,0,0,0,0,0,0,0,0,0,0,0,0,0,0,0,0,0,0,0,0,0,1,0,0,0,0,0,0,0,0,0,0,0,0,0,0,0,0,0,0,0,0,0,0,0,0,0,0,0,0,0,0,0,0,0,0,0,0,0,0,0,0,0,0,0,0,0,0,0,0,0,0,0,0,0,0,0,0,0,0,0,0,0,0,0,0,0,0,0,0,0,0,0,0,0,0,0,0,0,0,0,0,0,0,0,0,0,0,0,0,0,0,0,0,0,0,0,0,1,0,0,0,0,0,0,0,0,0,0,0,0,0,0,0,0,1,0,0,0,0,0,0,0,0,0,0,0,0,0,0,0,0,0,0,0,0,0,0,0,0,0,0,0,0,0,0,0,0,0,0,0,0,0,0,0,0,0,0,0,0,0,0,0,0,0,0,0,0,0,0,0,0,0,0,0,1,0,0,0,0,0,0,0,0,0,0,0,0
St3gal2,5,3,0,3,2,16,2,5,6,7,7,0,1,3,8,2,0,0,6,0,0,2,0,3,7,7,7,2,0,5,5,9,4,1,0,3,3,2,4,6,3,3,2,3,3,13,0,2,0,2,14,4,5,5,0,1,1,1,4,3,0,5,4,1,0,1,0,6,1,2,0,1,7,4,6,4,4,2,4,2,4,3,2,3,4,2,2,0,4,5,1,1,6,2,2,4,6,4,5,1,1,0,7,3,4,1,0,0,1,1,2,3,1,1,4,4,5,0,9,8,0,1,0,4,1,5,2,0,3,3,0,5,0,0,0,0,3,0,2,1,2,3,1,1,1,2,1,4,4,4,7,3,0,7,1,0,1,7,13,3,17,1,4,3,6,8,7,5,8,6,1,2,2,1,3,0,5,3,1,1,3,3,1,5,3,4,8,1,2,2,7,0,4,2,2,4,1,4,0,8,6,6,9,5,6,8,3,2,2,9,6,5,3,2,6,3,7,1,2,1,3,1,1,2,3,3,3,4,0,7,4,0,4,6,3,0,0,0,1,2,11,5,4,0,3,2,4,5,0,2,3,6,2,1,6,7,3,1,0,4,3,2,0,1,2,5,1,3,3,0,2,3,2,0,12,1,1,2,4,4,4,5,1,4,5,5,2,4,4,4,8,4,6,0,3,0,0,0,7,2,6,1,4,3,2,4,3,2,3,0,1,3,4,0,0,0,3,0,0,0,3,0,1,5,7,6,0,0,1,6,2,7,1,3,0,4,1,0,0,5,1,3,2,7,1,4,1,0,2,7,1,2,0,1,1,5,3,3,0,6,1,1,7,0,0,5,0,3,1,1,0,2,2,0,1,0,0,3,4,5,3,0,4,2,5,4,3,4,1,0,3,2,1,0,5,2,0,0
Gnao1,63,51,33,39,69,63,55,39,45,28,37,0,54,30,32,12,25,14,24,8,9,36,1,22,38,70,45,20,43,42,25,33,49,7,2,39,45,14,20,55,67,11,8,29,24,59,1,39,6,47,83,63,47,62,32,0,68,24,10,7,5,35,33,27,29,2,20,17,10,28,1,1,47,21,28,43,40,25,18,35,26,27,33,12,6,4,9,1,19,38,2,7,35,46,28,10,43,27,32,4,3,2,9,15,21,19,17,6,31,20,13,31,35,28,23,14,36,14,52,32,7,50,4,24,19,28,18,14,15,28,3,31,11,5,4,3,25,33,13,10,16,22,32,31,23,22,21,27,22,31,30,41,33,39,6,41,6,33,55,12,51,14,41,42,11,30,19,30,41,33,3,33,74,56,7,1,38,10,44,7,37,50,17,57,15,45,16,47,58,27,9,0,22,2,22,30,9,34,8,20,5,32,29,45,30,29,35,17,5,38,60,40,1,16,35,29,53,6,17,4,34,3,12,9,25,24,34,39,35,24,50,7,20,32,16,32,2,23,24,32,47,35,17,4,19,25,43,15,10,16,22,13,19,1,31,25,21,4,14,18,23,6,4,5,25,25,5,30,11,7,22,28,10,19,41,31,23,32,13,35,12,16,6,13,27,26,50,28,25,19,32,38,34,4,7,9,18,26,11,21,27,11,9,61,5,24,9,10,14,5,6,10,6,11,6,2,16,9,13,4,2,0,3,40,54,49,7,31,36,35,16,27,2,21,5,24,2,5,52,23,38,4,15,16,34,16,25,0,33,24,2,13,0,43,45,30,4,12,1,36,15,6,23,14,10,23,20,19,8,24,5,11,21,6,1,11,2,31,27,15,8,16,31,14,9,36,7,13,25,2,15,23,18,1,20,2,5,10
Slc27a1,9,7,16,11,8,9,6,16,6,18,11,0,9,9,6,1,5,2,5,1,1,5,0,5,6,9,8,7,9,7,6,9,2,2,0,4,4,1,1,5,11,1,2,7,1,4,1,3,1,7,10,11,5,5,0,0,20,4,5,1,0,2,4,2,5,0,2,5,0,5,0,2,6,3,9,5,1,6,1,1,5,4,2,2,1,0,2,0,2,4,0,1,4,1,1,2,2,3,3,0,0,0,1,1,4,2,1,1,6,3,0,2,1,4,2,1,2,0,5,2,1,2,0,0,3,1,2,0,0,0,0,6,0,2,0,0,2,7,0,1,0,1,4,4,2,0,3,0,7,3,6,4,4,2,1,4,0,3,6,1,8,4,5,2,0,7,0,2,0,3,0,3,2,2,0,0,2,1,3,0,7,4,0,4,4,0,1,5,2,2,0,0,1,0,2,2,0,7,2,2,2,3,4,6,5,11,4,5,0,5,3,7,2,0,3,5,3,0,4,0,4,0,2,1,6,1,4,2,4,6,5,1,0,3,2,5,0,2,1,2,6,9,1,0,1,2,5,1,0,1,1,1,0,1,1,2,2,1,2,3,6,1,1,2,1,2,4,6,3,1,3,6,4,2,4,7,4,6,0,2,8,3,1,3,3,6,9,2,0,2,0,3,4,1,2,2,5,2,1,0,8,1,0,2,0,0,0,0,0,1,3,0,1,0,0,0,2,0,1,0,0,0,0,5,4,8,0,3,4,3,2,5,0,1,0,3,0,0,7,4,3,2,1,4,3,4,3,0,2,3,0,2,0,2,4,5,0,0,1,2,1,1,3,1,0,5,1,3,1,2,0,2,3,1,0,0,0,2,2,3,1,0,2,1,1,3,1,1,6,0,8,8,2,1,4,0,0,0
Chst5,0,0,0,0,0,0,0,0,0,0,0,0,0,0,0,0,0,1,0,0,0,0,0,0,0,0,0,0,0,0,0,0,0,0,0,0,0,0,0,0,0,0,0,0,1,0,0,0,0,0,0,0,0,0,0,0,1,0,0,0,0,0,0,0,0,0,0,0,0,0,0,0,0,0,0,0,0,0,0,0,0,0,0,0,0,0,0,0,0,0,0,0,0,0,0,0,0,0,0,0,0,0,0,0,0,0,0,0,0,0,0,0,0,0,0,0,0,0,0,0,0,0,0,0,0,0,0,0,0,0,0,0,0,0,0,0,0,0,0,0,0,0,0,0,0,0,0,0,0,0,0,0,0,0,0,0,0,0,0,0,0,0,0,0,0,0,0,0,0,0,0,0,0,0,0,0,0,0,0,0,0,0,0,0,0,0,0,0,0,0,0,0,0,0,0,0,0,0,0,0,0,0,0,0,0,0,0,0,0,0,0,0,0,0,0,0,0,0,0,0,0,0,0,0,0,0,0,0,0,0,0,0,0,0,0,0,0,0,0,0,0,1,0,0,0,0,0,0,0,0,0,0,0,0,0,0,0,0,0,0,0,0,0,0,0,0,0,0,0,0,0,0,0,0,0,0,0,0,0,0,0,0,0,0,0,0,0,0,0,0,0,0,0,0,0,0,0,0,1,0,0,0,0,0,0,0,0,0,0,0,0,0,0,0,0,0,0,0,0,0,0,0,0,0,0,0,0,0,0,0,0,0,0,0,0,0,0,0,0,0,0,0,0,0,0,0,0,0,0,0,0,0,0,0,0,0,0,0,0,0,0,0,0,0,0,0,0,0,0,0,0,0,0,0,0,0,0,0,0,0,0,0,0,0,0,0,0,0,0,0,0,0,0,0,0,0,0,0
St3gal4,5,3,4,6,2,0,3,1,4,4,6,0,3,4,5,2,3,2,2,1,0,3,0,6,4,2,4,3,7,6,2,2,0,0,0,0,3,3,1,4,7,0,2,3,3,3,0,4,0,3,7,4,9,2,1,0,6,1,2,2,0,0,4,1,3,0,2,1,0,3,0,0,1,0,1,4,1,3,1,2,2,1,2,4,0,1,1,0,0,1,1,0,3,2,0,2,5,0,3,0,1,0,1,1,1,0,0,1,0,1,1,1,0,2,2,1,1,2,3,4,1,4,1,0,0,2,0,2,1,1,0,1,1,0,0,0,1,2,0,1,1,2,2,0,2,1,1,4,2,5,3,3,1,1,0,1,0,1,3,1,6,0,1,4,0,1,1,4,3,6,0,0,2,4,0,0,1,1,4,1,0,5,0,4,3,3,0,0,4,0,0,0,0,1,1,1,0,3,1,0,3,1,1,1,3,2,1,0,0,3,4,4,0,1,5,0,0,0,0,0,4,1,1,0,1,1,2,3,1,2,1,0,3,2,2,4,0,5,0,2,4,2,1,0,3,0,3,1,0,4,3,2,0,0,0,3,1,0,2,0,1,0,0,1,0,1,1,3,0,1,2,4,0,2,1,1,0,1,1,1,0,0,1,1,2,3,1,2,1,0,3,2,2,0,0,0,2,2,0,0,3,0,1,2,0,0,0,0,0,1,0,1,1,0,2,0,2,1,0,0,0,0,0,3,1,0,0,3,2,1,2,0,0,3,0,0,1,0,2,1,2,0,0,1,1,4,0,0,1,1,0,1,0,4,2,0,0,2,1,1,0,0,5,2,0,4,1,0,2,1,0,0,4,0,0,0,0,1,2,3,1,0,4,0,0,1,0,1,4,0,4,3,2,1,2,2,1,3
Tagln,0,0,0,1,0,0,0,0,1,0,0,0,0,0,0,0,0,0,0,1,0,0,0,0,0,1,0,0,2,0,0,0,1,0,0,1,0,0,1,0,0,0,0,0,0,0,0,0,0,1,1,0,0,0,0,0,1,0,0,1,0,0,0,0,0,0,0,0,0,0,0,0,0,0,0,0,0,0,0,0,0,0,0,0,0,0,0,0,0,1,0,0,0,1,0,0,0,0,0,0,0,0,0,0,0,0,0,0,0,1,0,0,0,0,0,0,0,0,0,0,0,0,0,0,0,0,0,0,0,0,0,0,0,0,0,0,0,0,0,1,0,0,0,0,0,1,0,0,0,0,0,0,0,0,0,1,0,0,0,0,0,0,0,1,0,0,0,0,0,0,0,0,0,1,0,0,0,0,0,0,0,0,0,0,0,1,0,0,0,0,0,0,0,0,0,0,0,0,0,0,0,1,0,0,0,0,0,1,0,0,0,0,0,0,0,0,0,0,0,0,0,0,0,0,0,0,0,0,0,0,0,0,0,0,0,0,0,0,0,0,0,0,0,0,0,0,0,0,0,0,0,0,0,0,0,0,0,0,0,0,0,0,0,0,0,0,0,0,0,0,1,0,0,0,0,0,0,0,0,0,0,0,0,0,1,0,0,0,0,0,0,0,0,0,0,0,0,0,0,0,0,0,0,0,0,0,0,0,0,0,0,0,1,0,0,0,1,0,1,0,0,0,0,1,1,0,0,0,0,0,0,0,0,0,0,0,0,0,0,0,0,0,0,0,1,0,0,0,0,0,0,0,0,0,0,0,0,0,0,0,0,0,0,0,0,0,0,0,0,0,0,0,1,0,0,0,0,1,0,1,0,0,0,0,0,1,0,0,0,0,0,0,0,0,0,0,0,0
Bace1,0,0,0,0,1,2,0,0,0,0,0,0,0,1,1,0,0,0,1,0,0,1,0,0,0,0,1,1,0,1,0,0,1,0,0,0,0,0,0,1,0,0,0,0,0,0,0,0,0,0,0,0,0,0,0,0,1,0,0,0,0,0,0,0,1,0,0,0,0,0,0,0,1,0,0,1,1,0,1,0,0,0,0,0,0,1,0,0,0,0,0,0,0,1,0,2,0,0,0,0,0,0,0,0,0,0,0,0,0,0,0,0,0,0,0,0,0,0,1,0,0,1,0,0,0,0,0,0,0,0,0,1,0,0,0,0,0,1,0,0,0,0,0,2,0,0,0,1,0,0,2,2,0,4,0,0,0,0,1,0,0,0,2,1,0,0,0,0,0,0,0,0,0,0,0,0,0,0,0,0,0,0,0,1,0,0,0,0,1,2,0,0,0,0,0,1,0,1,0,2,0,1,1,1,0,0,0,0,0,1,0,0,0,0,0,0,1,0,0,0,1,0,0,0,0,0,0,0,0,2,1,0,0,0,0,0,1,0,0,1,0,0,0,0,0,1,0,0,0,0,2,1,0,0,2,0,0,0,0,1,0,0,0,1,0,0,0,1,1,0,0,0,0,0,1,0,1,0,0,0,0,0,0,0,0,0,1,0,0,0,1,0,0,0,0,0,0,0,0,0,0,0,0,0,0,0,0,0,0,0,0,0,0,0,0,0,0,0,0,1,0,0,0,1,2,0,0,0,1,0,0,0,0,0,0,0,0,0,0,0,0,0,1,0,1,0,0,0,0,1,0,0,0,1,0,0,0,0,0,1,0,1,2,0,0,0,0,1,0,0,0,0,0,0,0,0,0,0,0,2,0,0,1,0,0,0,0,0,2,0,0,0,0,1,0,0,0,1
Ldlr,4,1,3,4,5,2,4,5,0,4,14,0,3,1,5,1,0,1,1,1,0,1,0,2,1,3,4,0,1,7,2,2,2,0,0,2,3,3,1,2,1,0,1,1,0,7,0,3,0,2,3,8,2,1,0,0,13,0,0,1,0,4,3,0,0,0,0,0,1,0,0,0,0,1,1,0,1,2,0,0,3,1,1,0,1,0,2,0,0,0,0,0,0,1,1,0,2,1,1,0,0,0,0,0,1,0,0,1,3,0,0,0,1,0,1,0,1,1,5,1,0,6,0,5,0,1,0,2,1,2,0,1,0,0,0,0,1,0,1,0,2,1,2,1,0,2,1,3,0,1,1,1,3,0,0,1,1,1,0,0,4,0,0,1,0,1,0,0,1,0,0,5,5,0,1,0,2,0,0,1,0,2,0,1,0,0,1,2,0,0,0,0,1,0,1,2,0,0,1,2,0,2,0,2,0,0,0,0,0,2,4,0,0,2,1,0,1,0,0,0,2,1,0,0,0,4,3,3,2,0,4,0,2,2,1,1,0,1,1,1,1,0,0,0,3,4,2,2,0,0,2,2,4,0,3,5,1,0,0,1,0,1,0,1,0,0,0,1,0,2,2,1,0,1,0,0,0,0,0,0,2,1,0,0,1,0,2,0,0,0,0,0,0,0,0,0,2,1,0,0,1,1,0,1,0,0,0,1,0,0,1,0,0,1,1,0,2,0,1,0,0,0,0,0,6,2,0,2,5,0,2,4,0,5,1,1,0,0,1,2,4,1,2,1,1,1,0,1,2,1,0,2,0,2,0,2,0,0,0,1,0,0,1,0,1,4,1,0,1,0,0,0,2,0,0,0,1,0,1,1,1,2,3,0,1,2,1,2,1,2,0,3,0,0,1,1,0,0
Gsta4,1,0,0,0,0,0,1,1,0,3,0,0,0,0,1,0,1,1,1,0,0,1,1,0,0,0,1,0,0,2,0,0,0,0,0,0,1,0,0,0,0,0,0,0,0,0,0,0,0,0,1,1,0,1,0,0,2,0,0,0,0,0,1,0,0,0,0,2,0,0,0,1,0,0,0,0,0,0,0,1,0,0,0,0,0,0,0,0,0,0,0,0,0,0,0,0,0,1,0,0,0,0,0,0,0,3,1,0,0,1,0,1,0,0,0,0,2,0,1,0,0,0,0,1,0,0,0,0,0,1,0,0,0,0,0,0,0,0,0,0,0,0,0,0,0,2,0,2,3,0,0,0,0,0,1,0,1,0,0,0,0,0,3,1,0,1,0,0,0,0,0,1,0,0,0,0,0,0,0,0,0,0,0,1,1,0,0,0,0,0,0,0,0,0,0,0,1,1,0,0,0,1,0,0,0,0,0,0,0,1,0,0,0,0,0,0,1,0,0,0,1,0,0,0,0,0,0,0,0,0,0,0,1,0,0,0,0,0,0,0,1,0,0,0,0,0,0,1,0,1,1,0,0,0,1,0,0,0,0,0,0,0,0,0,0,0,1,0,0,0,0,0,0,1,0,0,0,1,0,0,0,0,0,0,0,0,0,0,0,0,0,3,0,0,0,0,0,0,0,0,0,0,0,1,0,0,0,0,1,0,0,1,0,0,0,1,0,0,1,0,0,0,0,0,1,2,0,1,0,0,0,0,0,0,0,0,0,1,0,0,0,0,1,2,0,3,0,0,0,2,0,0,0,0,1,1,1,0,0,0,1,0,1,0,0,0,3,0,0,0,0,0,0,0,0,0,0,0,0,1,0,0,0,0,0,0,0,0,1,0,1,0,0,0,4,0,0,1
Zic1,0,0,1,0,0,0,0,0,0,0,0,0,0,0,0,1,1,0,0,0,0,1,0,0,0,0,0,0,1,0,0,0,0,0,0,0,1,0,0,0,0,0,0,0,0,0,0,0,0,1,0,0,0,1,0,0,0,0,0,0,0,0,0,1,0,0,0,0,0,0,0,0,0,0,0,0,0,0,0,0,0,0,0,0,0,0,0,0,0,0,0,0,0,0,0,0,0,0,0,0,0,0,0,0,0,0,0,0,0,0,0,0,0,0,0,0,0,0,0,1,0,0,0,0,1,0,0,0,0,0,0,0,0,0,0,0,0,0,0,0,0,1,0,0,0,0,0,0,1,0,0,0,0,0,1,0,0,0,0,0,0,0,0,0,0,0,0,0,0,0,0,1,0,2,0,0,0,0,0,0,0,0,0,0,0,0,0,0,0,0,0,0,0,0,0,0,0,0,0,0,0,0,0,0,0,0,0,0,0,0,0,0,0,0,0,0,1,0,0,0,0,0,0,0,0,0,0,0,0,0,0,0,0,0,0,0,0,0,0,0,0,0,0,0,0,0,0,0,0,0,0,0,0,0,0,0,0,2,0,0,0,0,0,0,0,0,0,0,0,0,0,0,0,0,0,0,0,0,0,0,0,0,0,0,0,0,0,0,0,0,0,1,1,0,0,0,0,1,0,0,0,0,0,0,0,0,0,0,0,0,0,0,0,0,0,0,0,0,0,0,0,0,0,0,0,0,0,0,0,0,0,0,0,0,0,0,0,0,0,0,0,0,0,0,0,0,0,0,0,0,0,0,0,0,0,0,0,0,0,1,0,0,0,0,0,0,0,0,0,0,0,0,0,0,0,0,0,0,0,0,0,0,0,0,0,0,0,0,0,0,0,0,0,0,0,0,0,0
Ptgs2,0,0,0,0,0,0,0,0,0,0,1,0,0,0,0,0,0,0,0,0,0,0,0,0,0,0,0,0,0,0,0,1,0,0,0,0,0,0,0,0,0,0,0,0,0,1,0,0,0,0,0,0,1,0,0,0,0,0,0,0,0,0,0,0,0,0,0,0,0,0,0,0,0,0,0,0,0,0,0,0,0,0,0,0,0,0,0,0,0,0,0,0,0,0,0,0,0,0,0,0,0,0,0,0,0,0,0,0,0,1,0,0,0,0,0,0,0,0,0,0,0,0,0,0,0,0,0,2,1,0,0,0,0,0,0,0,1,0,0,0,0,0,0,0,0,0,0,1,0,1,0,0,0,0,0,0,0,0,0,0,0,0,1,0,0,0,0,0,0,0,0,0,0,0,0,0,0,0,0,0,0,0,0,0,0,0,0,0,0,0,0,0,0,0,0,0,0,0,0,0,0,0,0,1,0,0,0,1,0,0,0,0,0,0,0,0,0,0,0,0,0,0,0,0,0,0,0,0,0,1,0,0,0,0,0,0,0,0,0,0,0,0,0,0,0,0,0,0,0,0,0,0,2,0,0,0,0,0,0,0,1,0,0,0,1,0,0,0,0,0,0,0,0,0,0,0,0,0,0,0,0,0,0,0,0,1,0,0,0,0,0,0,0,0,0,0,0,0,0,0,0,0,0,0,0,0,0,0,0,0,0,1,0,0,0,0,0,0,0,0,0,0,0,1,0,0,0,2,1,0,0,0,0,0,0,0,0,0,0,0,0,0,0,0,0,0,0,0,0,0,0,0,0,0,0,0,0,0,0,0,0,0,2,0,0,0,0,0,0,0,0,0,0,0,0,0,0,0,0,0,0,0,0,0,0,0,0,0,0,0,0,0,0,0,0,0,0,0
Mlh1,0,0,0,0,0,0,0,0,0,0,0,0,0,0,0,0,0,0,0,0,0,0,0,0,0,0,0,0,0,0,0,0,1,0,0,0,0,0,0,0,1,0,0,0,0,0,0,0,0,0,0,0,0,0,0,0,1,0,0,0,0,0,0,0,0,0,0,0,0,0,0,0,0,0,0,0,0,0,0,0,0,0,0,0,0,0,0,0,0,0,0,0,0,0,0,0,0,0,0,0,0,0,0,0,0,0,0,0,0,0,0,0,0,0,0,0,0,0,0,0,0,0,0,0,0,0,0,0,0,0,0,0,0,0,0,0,1,0,0,0,0,0,0,0,0,0,0,0,0,0,0,0,0,0,0,0,0,0,0,0,1,0,0,0,0,0,0,0,0,0,0,0,0,0,0,0,0,0,0,0,0,0,0,0,0,0,0,0,0,0,0,0,0,0,0,0,0,0,0,0,0,1,0,0,0,1,0,0,0,0,0,0,0,0,0,0,0,0,0,0,0,0,0,0,0,0,0,0,0,0,0,0,0,1,0,0,0,0,0,0,0,0,0,0,0,0,0,0,0,0,0,0,0,0,0,0,0,0,0,0,0,0,0,0,0,0,0,0,0,0,0,0,0,0,0,0,0,1,0,0,1,0,0,0,0,0,0,0,0,0,0,0,0,0,0,0,0,0,0,0,1,0,0,0,0,0,0,0,0,0,0,0,0,0,0,0,0,0,0,0,0,0,0,1,0,0,0,0,0,0,0,0,0,0,0,0,0,0,0,0,0,0,0,0,0,0,0,0,0,0,0,0,0,0,0,0,0,0,0,0,0,0,0,0,0,0,0,0,0,0,0,0,0,0,0,0,0,0,0,0,0,0,0,0,0,0,0,0,0,0,0,0,0,0,0,0,0,0
Il17rd,0,0,1,0,0,0,0,0,0,0,0,0,0,0,0,0,0,0,0,1,0,0,0,0,0,0,0,2,0,2,0,1,0,0,0,0,1,0,0,0,0,0,0,1,0,0,0,0,0,0,0,1,0,0,0,0,0,0,0,0,0,0,3,0,0,0,0,0,0,0,0,0,0,0,0,0,0,0,0,0,0,0,0,0,0,0,1,0,0,0,0,0,0,0,0,0,0,0,0,0,0,0,0,0,0,0,0,0,1,0,0,0,0,0,4,0,0,0,0,1,0,0,0,0,0,0,0,0,0,0,0,0,0,0,0,0,0,0,0,0,0,0,1,0,0,0,0,0,0,0,0,2,2,0,0,0,0,1,0,0,0,0,0,0,0,0,0,0,0,0,0,3,0,0,0,0,0,0,0,1,2,2,0,0,1,1,0,0,0,0,0,0,0,0,0,0,0,0,0,0,0,0,0,0,0,0,0,0,0,0,0,0,0,0,0,0,0,0,0,0,0,0,0,0,0,0,1,1,0,0,0,0,0,0,0,0,0,0,0,1,0,1,1,0,0,0,0,0,0,0,0,0,0,0,0,0,0,0,0,0,2,0,0,0,0,0,0,0,0,0,0,0,0,0,1,1,0,0,0,0,0,0,0,0,1,0,0,0,0,0,0,0,0,0,0,0,0,0,0,0,0,0,0,0,0,0,0,0,0,0,0,0,0,0,0,0,0,0,0,0,0,0,0,0,0,0,0,0,0,0,0,0,0,0,0,0,0,1,0,0,0,0,0,0,0,0,0,0,0,0,0,0,0,0,0,0,0,0,0,0,0,0,0,0,0,0,0,0,0,0,0,0,0,0,0,0,0,0,0,0,0,0,0,0,0,0,0,0,1,0,0,0,0,0,0,0,0,0
Chrm1,3,18,1,0,2,7,0,12,3,3,2,0,6,3,0,1,2,1,3,0,0,2,0,4,4,4,3,7,0,3,2,3,4,0,0,0,3,3,2,0,0,0,0,2,0,5,0,3,2,2,8,7,6,11,0,0,5,0,6,1,0,0,1,0,2,0,0,2,0,2,1,2,7,3,1,1,1,0,7,2,2,0,1,0,0,0,0,0,0,1,0,4,3,0,3,2,1,3,0,0,2,0,0,0,2,2,1,0,1,3,0,1,1,0,0,0,4,0,11,1,2,3,0,0,2,1,1,3,0,0,0,1,0,0,1,0,3,2,2,1,2,0,1,2,2,0,3,4,1,3,4,2,1,6,0,2,3,8,5,0,14,2,5,2,0,3,6,10,1,1,0,0,5,2,0,0,3,1,1,0,0,1,1,5,4,4,0,5,2,1,0,0,2,0,1,1,2,5,0,1,0,9,1,3,0,3,0,5,1,1,3,2,1,1,0,0,1,0,2,0,0,0,0,0,3,2,1,0,4,0,2,0,2,11,1,4,0,0,3,6,8,1,0,3,2,3,0,0,0,1,1,2,3,0,2,8,2,0,0,4,5,1,0,1,0,5,0,4,0,0,7,2,0,0,6,1,4,0,1,3,3,0,0,1,0,8,3,6,2,3,2,5,8,0,1,0,1,0,0,2,3,2,0,7,2,0,2,1,0,1,3,1,1,0,1,0,1,2,0,0,0,0,0,7,1,0,0,2,2,4,2,6,0,2,0,1,1,4,1,0,3,0,0,0,0,3,1,0,1,3,0,2,0,0,0,0,0,0,0,0,0,0,1,1,0,4,0,2,0,0,0,1,1,0,0,0,0,2,2,0,0,0,1,1,0,4,0,1,0,1,3,1,4,4,2,3,0,0
Lama1,0,0,0,1,0,1,0,0,0,0,0,0,1,0,0,0,0,0,0,1,0,1,0,0,0,0,0,0,0,0,0,0,0,0,0,0,0,0,0,0,0,0,0,0,0,0,0,0,0,0,0,0,0,0,0,0,0,0,0,0,0,0,0,0,0,0,0,0,0,0,0,0,0,0,0,0,0,0,0,0,0,0,0,0,0,0,0,0,0,0,0,0,0,0,0,0,0,0,0,0,0,0,0,0,0,0,0,0,0,0,1,0,0,0,0,0,0,0,0,0,0,1,0,0,0,0,0,0,0,0,0,0,0,0,0,0,0,0,0,0,0,0,0,0,0,0,0,0,0,0,0,0,0,0,0,1,0,0,0,0,0,0,0,0,0,0,0,0,0,0,0,0,0,0,0,0,0,0,0,0,0,0,0,0,0,0,0,0,0,0,0,0,0,0,0,0,1,0,0,0,0,0,0,0,0,0,0,0,0,0,0,0,0,0,0,0,0,0,0,0,0,0,0,0,0,0,0,0,1,0,0,0,0,0,0,0,0,0,0,0,0,0,0,0,0,0,0,0,0,0,0,0,0,0,0,0,0,0,0,0,0,0,0,0,0,0,0,0,0,0,0,0,2,0,0,0,0,0,0,0,0,0,0,0,0,0,0,0,0,0,0,0,0,0,0,0,0,0,0,0,0,0,0,0,0,0,0,0,0,0,0,0,0,0,0,0,0,0,0,0,0,0,0,0,0,0,0,0,0,0,0,0,0,0,0,0,0,0,0,0,0,0,0,0,0,0,0,0,0,0,0,0,0,0,0,0,0,0,0,0,0,0,0,0,0,0,0,0,0,0,0,0,0,0,0,0,1,0,0,0,0,0,0,0,0,0,0,0,0,0,0,0,0,0,0,1,0,0
Cspg4,0,0,0,0,0,0,2,2,0,0,0,0,0,0,0,0,0,0,0,1,0,0,0,0,0,1,0,0,0,0,0,0,0,0,0,1,1,0,0,2,0,0,0,0,0,1,0,0,0,2,1,0,0,0,0,0,2,0,1,0,0,0,0,0,0,0,0,0,0,0,0,0,0,0,1,0,0,0,0,0,0,0,1,0,0,0,0,0,0,0,0,0,0,0,0,0,0,0,0,0,0,0,0,0,0,0,0,0,1,0,0,0,0,0,0,0,0,0,0,0,2,0,0,0,0,0,0,0,0,1,0,0,0,0,0,0,0,0,1,0,0,0,0,1,0,0,0,0,0,1,0,0,0,0,0,0,0,0,0,0,0,0,0,0,0,0,0,0,0,0,0,0,0,0,0,1,0,0,1,0,0,0,0,0,1,2,0,0,0,0,0,0,0,0,0,0,1,0,0,0,0,0,0,0,0,0,0,0,0,0,0,0,0,0,0,0,1,0,0,0,0,0,0,0,1,0,0,0,0,0,0,0,0,0,0,0,0,0,0,0,0,0,0,0,2,0,1,0,0,0,0,0,0,0,0,0,0,0,0,0,0,0,0,0,0,0,0,0,0,0,0,1,0,0,0,0,0,0,1,0,0,0,0,0,1,0,0,0,0,0,0,0,0,0,0,0,0,1,1,0,0,0,0,1,0,0,0,0,0,0,0,0,0,0,0,0,0,0,0,0,0,1,0,1,1,0,0,0,1,0,0,0,0,0,0,0,0,0,0,0,0,0,0,0,0,0,0,0,0,0,0,0,0,0,1,0,0,0,0,0,1,0,0,0,0,0,0,0,0,0,0,0,0,0,0,0,0,0,0,2,0,0,0,0,0,0,0,0,0,0,0,1,0,0,0,0,0,0
Parp2,0,0,1,1,0,1,0,0,0,1,1,0,1,0,1,0,1,0,0,0,0,0,0,0,2,0,1,0,0,0,0,0,0,0,0,1,0,0,0,0,1,0,0,0,1,0,0,0,0,1,1,0,0,0,0,0,1,0,0,0,0,1,0,0,0,0,0,1,0,0,0,0,0,0,0,0,0,0,0,0,0,0,0,0,0,1,0,0,0,1,0,0,1,0,1,0,0,0,0,0,0,0,0,0,0,0,0,0,0,0,0,1,0,0,0,0,0,0,1,1,0,0,0,0,0,0,0,0,0,0,0,0,0,0,0,0,0,2,0,0,0,0,0,0,0,1,0,0,0,0,1,1,0,0,1,0,0,0,0,0,1,0,0,0,0,0,0,0,0,0,0,0,0,0,0,0,0,0,1,0,0,0,0,0,1,0,0,0,1,0,1,0,0,0,2,1,0,0,0,0,0,0,1,1,0,0,0,0,0,0,0,4,0,0,0,2,1,0,0,0,0,0,0,0,0,0,1,0,0,0,0,0,0,0,0,0,0,0,0,0,0,0,0,0,0,0,0,0,0,0,1,0,0,0,0,0,0,0,0,0,2,0,0,0,0,0,0,0,0,0,0,1,0,0,0,0,0,0,1,0,0,1,0,0,0,0,0,0,0,0,1,1,0,0,0,0,0,0,0,0,0,0,0,0,0,0,0,0,0,0,0,0,0,0,0,0,1,0,0,0,0,0,0,0,0,0,0,0,0,0,0,0,0,0,0,1,0,0,0,0,0,0,0,0,1,0,0,0,1,0,0,0,0,0,0,0,0,0,0,0,0,0,0,0,0,0,0,0,0,0,0,1,0,0,0,0,0,0,1,0,0,1,0,0,1,0,0,0,0,0,1,0,0,0,1,0,0,0
Chst2,30,41,36,22,14,15,18,35,14,16,33,6,33,13,13,10,18,12,17,3,3,19,1,25,25,31,24,14,38,31,16,18,27,1,4,13,29,9,16,30,37,16,6,14,11,30,0,20,7,19,45,26,25,24,11,4,27,6,14,6,1,18,26,17,12,1,10,18,21,15,3,3,12,19,14,14,10,20,2,9,11,9,12,5,10,2,14,2,17,10,3,3,29,26,29,15,23,12,11,2,10,2,4,11,10,12,10,4,8,12,6,18,14,6,6,9,20,5,18,29,1,18,6,12,9,12,7,2,4,9,2,14,5,2,9,0,2,11,6,2,6,8,24,10,13,9,7,14,15,18,9,21,12,15,12,15,6,11,25,5,32,9,35,9,4,21,7,20,10,27,1,16,25,25,5,2,15,0,10,4,8,16,4,20,18,18,8,13,22,9,3,5,9,1,9,8,10,17,3,8,8,5,11,26,8,17,11,15,4,5,23,12,2,3,16,12,22,2,12,2,20,4,2,7,28,23,17,27,18,10,28,6,9,17,11,13,3,9,9,14,22,2,7,2,7,15,12,6,3,7,11,7,8,4,13,21,9,11,7,22,10,3,2,4,18,18,2,12,12,6,8,11,18,8,16,6,15,21,4,28,23,12,5,1,10,14,20,13,20,13,16,16,22,3,9,5,15,8,6,5,14,10,5,12,1,9,1,13,5,4,6,4,7,9,8,2,5,12,5,3,1,0,0,14,23,25,8,16,8,4,11,10,1,4,5,9,4,0,12,18,7,9,6,7,9,1,12,0,33,11,0,2,1,14,15,18,4,3,1,18,6,1,10,9,4,9,14,12,13,12,0,7,4,3,3,0,4,10,21,12,5,14,21,12,6,6,7,2,13,10,16,6,8,1,23,8,2,13
Htr2c,0,1,1,0,0,0,0,0,0,0,0,0,0,0,0,0,0,0,0,0,0,0,0,0,0,0,0,0,0,1,0,1,0,0,0,0,0,0,0,0,0,0,0,2,0,0,0,0,0,0,0,0,0,0,0,0,0,0,0,0,0,0,0,0,0,0,0,0,0,0,0,0,0,0,0,0,0,0,0,0,0,0,0,1,0,0,0,0,0,1,0,0,0,0,0,0,0,0,0,0,0,0,0,0,0,0,0,0,0,0,0,0,0,0,0,0,0,0,0,0,0,0,0,0,0,0,0,0,0,0,0,0,0,0,0,0,0,0,0,1,0,1,0,0,0,0,0,1,0,0,0,0,0,1,0,0,0,0,0,0,0,0,0,0,0,0,0,0,0,2,0,0,0,0,0,0,0,0,0,0,0,1,0,0,0,0,0,1,0,0,0,0,0,0,0,0,0,1,0,0,0,0,1,0,0,1,0,0,0,0,0,1,0,1,1,0,1,0,0,0,0,0,1,0,0,1,0,0,0,0,0,0,0,0,0,0,0,0,0,1,0,0,0,0,0,0,0,0,0,0,0,0,0,0,0,0,0,0,0,2,0,0,0,0,0,1,0,1,0,0,0,0,0,0,0,0,0,0,0,0,0,0,0,0,0,0,0,0,0,0,0,0,0,0,0,0,0,0,1,0,0,0,0,1,0,0,0,0,0,0,0,0,0,0,0,0,0,0,0,0,0,0,0,1,0,0,0,0,2,0,0,0,0,0,0,0,0,0,0,1,0,0,0,0,0,0,0,0,0,1,0,0,0,0,0,0,0,0,0,0,0,0,0,0,0,0,0,0,0,0,0,0,0,0,0,0,0,0,0,0,0,0,0,0,0,0,0,0,0,0,1,0,0,0,0,0,0,0
Gria1,2,6,1,9,5,29,2,5,2,5,3,0,3,3,2,2,5,1,4,6,1,0,1,8,6,0,3,4,0,2,1,13,4,0,0,0,2,0,1,4,4,2,0,8,5,2,0,1,0,7,10,1,2,1,0,0,18,1,4,2,0,2,1,3,2,0,1,3,0,2,0,0,1,1,7,4,1,0,0,4,2,2,1,1,0,0,1,1,0,0,0,0,1,2,1,0,1,2,1,0,1,0,2,0,2,0,1,3,1,0,0,0,0,1,3,2,5,1,17,7,0,3,1,2,2,0,5,0,2,5,0,2,1,0,0,1,8,2,2,0,1,5,1,1,2,0,36,4,0,2,6,2,2,3,3,0,1,1,1,1,6,5,4,2,0,2,1,8,8,5,0,4,7,1,0,0,1,3,1,0,1,4,4,0,1,0,3,1,3,1,3,0,3,0,2,2,2,2,0,4,1,9,1,6,10,7,4,5,0,8,27,9,4,4,32,1,9,0,0,4,1,0,1,0,8,6,1,5,2,1,3,1,0,4,5,2,0,9,4,8,2,2,2,1,3,3,2,1,0,0,2,0,0,0,4,8,6,5,1,2,2,0,0,1,1,3,0,2,2,1,6,0,3,1,12,1,2,1,0,5,0,1,0,4,1,6,5,1,2,2,3,7,1,0,1,2,0,1,4,2,0,0,0,4,0,1,7,4,2,0,1,2,1,1,1,0,4,2,0,0,0,0,0,4,14,10,0,0,2,1,1,9,1,4,0,2,0,0,0,2,3,0,4,0,2,9,1,3,4,5,0,1,0,2,6,1,2,0,2,2,0,2,3,0,0,0,0,1,0,1,0,1,0,0,0,0,1,1,1,5,0,1,1,0,1,6,2,2,2,2,5,2,10,2,0,1,0,10
Chsy1,1,2,3,3,3,5,3,5,4,0,3,0,4,3,1,1,1,1,1,2,2,2,0,4,3,3,1,1,4,3,0,1,3,0,0,3,2,1,0,4,6,2,0,0,0,0,0,0,1,2,0,2,3,0,3,0,2,0,1,0,0,1,1,0,1,0,0,0,1,2,0,0,3,1,2,4,0,2,1,2,0,0,2,2,0,1,2,0,0,0,3,0,0,3,0,3,0,2,1,0,0,0,0,1,1,0,0,2,0,0,1,0,1,0,2,0,0,0,8,4,0,0,0,0,1,0,0,0,3,0,0,2,1,0,2,0,0,0,2,1,0,1,4,3,1,1,3,0,2,1,5,1,2,1,0,0,1,2,4,0,2,0,3,0,1,1,0,0,0,1,0,3,3,1,0,0,1,0,2,1,0,3,1,1,5,3,1,0,6,3,2,0,2,0,1,3,1,1,1,5,0,1,4,3,1,1,4,1,0,4,4,3,0,1,0,2,1,0,0,1,0,0,1,0,0,1,1,1,2,1,1,0,1,3,0,1,0,3,2,2,1,0,1,1,2,1,3,1,0,0,1,1,0,0,6,0,3,0,0,1,2,1,0,1,2,3,0,1,0,0,1,1,0,0,4,3,1,2,0,2,3,0,0,1,3,1,1,1,1,3,0,1,1,0,0,0,0,2,1,2,2,2,0,2,0,1,1,0,0,2,0,1,0,0,1,0,3,0,0,0,0,0,0,0,2,3,0,2,3,1,0,1,0,0,0,0,0,0,1,1,1,0,1,2,2,0,0,0,5,2,0,0,2,0,2,5,0,0,0,1,0,0,1,0,0,4,0,1,2,0,0,0,1,0,0,2,2,3,0,0,0,1,1,0,0,2,0,1,0,4,0,2,0,0,2,0,0,0
Htr2a,0,0,0,0,0,0,1,0,1,1,1,0,0,0,1,0,0,0,0,0,0,0,0,0,0,1,0,2,0,1,0,0,0,0,0,0,2,0,0,0,1,0,0,1,1,1,0,0,0,3,1,0,0,1,0,0,0,0,1,0,0,0,2,0,1,0,2,0,0,0,0,0,0,0,0,0,1,0,0,0,0,0,0,0,0,0,0,0,0,0,0,0,1,1,0,0,0,0,0,0,0,0,0,0,0,0,0,0,0,2,0,0,0,0,0,0,1,0,0,0,1,1,0,0,0,0,0,0,0,0,0,0,0,0,0,0,0,0,0,0,0,0,0,1,0,0,0,0,0,2,0,0,0,0,0,2,0,0,1,0,2,0,0,0,1,1,0,0,0,0,0,0,0,0,0,0,1,1,1,0,0,0,0,0,0,0,0,0,1,0,0,0,0,0,0,0,0,0,0,0,0,0,0,0,0,0,0,0,0,0,1,0,0,0,0,0,1,0,0,0,0,0,0,0,0,0,1,0,0,0,0,0,0,0,0,0,0,0,0,2,0,0,0,0,0,0,0,0,0,0,0,1,0,0,0,0,0,0,1,1,0,0,0,0,0,0,0,3,0,0,3,0,0,0,0,0,0,0,1,1,0,0,0,0,0,0,0,0,0,1,1,0,0,0,0,0,0,0,0,1,0,0,0,0,0,0,0,0,0,0,0,0,0,0,0,0,0,1,0,0,0,0,0,0,0,1,0,0,0,0,0,0,0,0,0,0,0,0,0,0,0,0,0,0,0,0,1,0,0,0,0,0,0,0,0,0,0,0,0,0,0,0,0,0,0,0,0,0,0,0,0,0,0,0,0,0,0,0,0,0,0,0,0,0,1,1,0,0,1,0,1,0,0,1,0,0,0,0
Rfc3,1,0,0,0,0,0,0,0,0,0,0,0,0,0,0,0,0,0,1,0,0,0,0,0,0,0,0,0,0,0,0,1,0,0,0,0,0,0,0,0,0,0,0,0,0,0,0,0,0,0,1,0,1,0,0,0,0,0,0,0,0,1,0,0,0,0,0,0,0,0,0,0,0,0,0,0,0,0,0,0,0,0,0,0,0,0,0,0,0,0,0,0,0,0,0,0,0,2,0,0,0,0,0,0,0,0,0,1,0,0,0,0,0,0,0,0,0,0,0,0,0,0,0,0,0,1,0,0,0,0,0,0,0,0,0,0,0,0,0,0,0,0,0,0,0,0,0,0,0,0,0,0,0,0,0,0,0,0,1,1,0,0,0,0,0,0,0,0,0,0,0,0,0,1,0,0,1,0,1,0,0,0,0,0,0,0,0,0,0,0,0,0,0,0,0,0,0,0,0,0,0,0,1,0,0,0,0,0,0,0,0,0,0,0,0,0,0,0,0,0,0,0,0,0,0,0,0,0,0,0,0,0,0,0,0,0,0,0,0,0,0,0,0,0,0,0,0,0,0,0,0,0,0,0,0,0,0,0,0,0,0,0,0,0,0,0,0,1,0,0,0,0,0,0,0,0,0,0,0,0,0,0,0,0,0,0,0,0,0,0,0,0,0,0,0,0,0,0,0,0,0,0,0,0,0,0,0,0,0,0,0,0,0,0,0,0,0,0,0,0,0,0,0,0,0,0,0,0,0,0,0,0,0,0,0,0,0,0,0,0,0,0,0,0,0,0,0,0,0,0,0,0,0,0,0,0,1,0,0,0,1,0,0,0,0,0,0,0,0,1,0,0,0,0,0,0,0,0,0,0,0,0,0,0,0,1,0,0,0,0,0,0,0,0,0,0,0,0
Lum,1,0,0,0,0,0,0,0,0,0,0,0,0,0,0,0,0,0,0,0,0,2,0,0,0,0,0,0,1,0,0,0,0,0,0,0,0,0,0,0,0,0,0,1,0,1,0,0,0,1,0,0,0,0,0,0,0,0,0,0,0,0,0,0,0,0,0,0,0,0,0,0,0,0,0,0,0,0,0,0,0,0,0,0,0,0,0,0,0,0,0,0,0,1,0,0,0,0,0,0,0,0,0,0,0,0,0,0,0,0,0,0,0,0,0,0,0,0,0,0,0,0,0,0,0,0,0,0,0,0,0,0,0,0,0,0,0,0,0,0,0,0,0,0,0,0,0,1,0,0,0,0,0,0,0,0,0,0,0,0,0,0,0,0,0,0,0,0,0,0,0,0,0,0,0,0,0,0,0,0,0,1,0,0,0,0,0,0,0,0,0,0,0,0,0,0,0,0,0,0,0,0,0,0,0,0,0,0,0,0,0,0,0,0,0,0,0,0,0,0,0,0,0,0,0,0,0,1,0,0,0,0,0,0,0,0,0,0,0,0,1,0,0,0,0,0,0,0,0,0,0,0,0,0,0,0,0,0,0,0,0,0,0,0,0,0,0,0,0,0,0,0,0,0,0,0,0,0,0,0,0,0,0,0,0,0,0,0,0,0,0,0,0,0,0,0,0,0,0,0,0,0,0,0,0,0,0,0,0,0,0,0,0,0,0,0,0,0,0,0,0,0,0,0,0,0,0,0,0,0,0,0,0,0,0,0,0,0,0,0,0,0,0,0,0,0,0,0,0,0,0,0,0,0,0,0,0,0,0,0,0,0,0,0,0,0,0,0,0,0,0,0,0,0,0,0,0,0,0,0,0,0,0,0,0,0,0,0,0,0,0,0,0,0,0,0,0,0
Ackr1,1,0,1,0,0,3,0,2,1,1,0,0,1,0,0,0,0,1,3,0,0,1,0,0,1,0,0,2,0,1,0,1,0,0,0,0,1,0,0,1,0,0,1,1,2,0,0,0,0,1,3,1,2,0,0,0,1,0,0,0,0,2,0,0,0,0,0,0,0,0,0,0,0,0,0,0,1,0,1,1,0,2,0,0,0,0,0,0,1,0,0,0,1,0,1,0,0,0,0,0,0,0,0,0,1,0,0,0,0,1,0,1,0,0,0,0,0,0,1,1,0,0,0,1,0,0,0,0,0,0,1,0,0,0,0,0,0,0,0,0,1,0,0,0,0,1,0,1,1,0,1,0,1,0,0,0,0,1,0,0,0,0,0,1,0,0,0,0,0,0,0,0,1,1,0,0,0,1,0,0,0,1,1,0,2,0,0,0,0,0,0,0,0,1,0,0,0,1,0,0,1,0,0,0,1,0,1,0,0,2,1,0,0,0,0,0,0,0,0,0,0,0,0,0,0,0,0,0,0,0,0,0,0,0,1,0,0,1,0,0,3,0,0,0,0,0,0,0,0,0,0,2,0,0,0,1,1,0,0,0,0,0,0,0,0,0,0,1,0,0,1,1,0,0,0,1,0,0,1,0,0,0,0,0,0,1,0,0,0,0,1,0,1,0,1,0,0,0,0,1,0,0,0,3,0,0,0,0,0,0,0,0,0,0,0,1,0,0,0,0,0,0,1,3,1,1,0,0,1,0,0,0,1,3,0,0,1,0,0,0,0,0,0,0,0,3,0,0,0,0,0,0,0,0,0,2,0,0,0,0,0,0,0,0,0,1,0,1,0,0,0,0,0,0,0,0,0,0,0,1,0,0,0,0,1,0,1,0,1,0,0,0,0,0,0,0,0,0
Neil2,0,0,0,0,0,0,0,0,0,0,0,0,0,0,0,0,0,0,0,0,0,0,0,0,0,0,0,0,0,0,0,0,0,0,0,0,0,0,0,0,0,0,0,0,0,0,0,0,0,0,1,1,0,0,0,0,0,0,0,0,0,0,0,0,0,0,0,0,0,0,0,0,0,0,0,0,1,0,0,0,0,0,0,0,0,0,0,0,0,0,0,0,0,0,0,0,0,0,0,0,0,0,0,0,0,0,0,0,0,0,0,0,0,0,0,0,1,0,0,1,0,0,0,0,0,0,0,0,0,0,0,0,0,0,0,0,0,0,0,0,0,0,0,0,0,0,0,0,0,0,0,0,0,0,0,0,0,0,0,0,0,0,0,0,0,0,0,0,0,0,0,0,0,1,0,0,1,0,0,0,1,1,0,0,0,0,0,1,0,0,0,0,0,0,0,0,0,0,0,0,0,1,0,0,0,0,0,0,0,0,0,0,0,0,0,0,0,0,0,0,0,0,0,0,0,0,0,0,0,0,0,0,0,0,0,0,0,0,0,0,0,0,0,0,2,0,0,0,0,0,0,0,0,0,0,0,0,0,0,0,0,0,0,0,0,0,0,0,0,0,0,0,0,0,0,0,0,0,0,0,0,0,0,0,0,0,0,0,0,0,0,0,0,0,0,0,0,0,1,0,1,0,0,0,0,0,0,0,0,0,0,0,0,0,0,0,0,0,0,0,0,0,0,0,0,1,0,0,0,0,0,0,0,0,0,1,0,0,0,0,0,0,0,0,0,0,0,0,0,0,0,0,0,0,0,0,0,0,0,0,0,0,1,0,0,1,0,0,0,0,0,0,0,0,0,0,0,0,0,0,0,0,0,0,0,0,0,0,0,0,1,0,0,0,0,0,0,0
Btg1,0,3,1,1,0,3,1,0,2,1,0,0,0,0,1,0,1,1,1,1,0,2,0,1,0,5,4,1,2,0,0,3,2,0,0,0,2,0,1,4,1,0,0,2,0,0,0,0,0,1,1,1,1,2,2,0,5,0,2,0,0,0,0,1,0,0,0,0,0,2,0,0,3,2,1,2,1,1,0,0,0,0,2,0,1,1,1,0,0,0,1,0,1,1,1,1,1,0,0,0,1,0,0,0,0,0,1,0,2,0,0,2,1,0,1,2,0,0,0,0,0,0,0,1,0,0,0,0,0,2,0,2,0,0,0,0,0,1,0,0,0,0,0,0,1,1,0,1,4,0,3,1,4,3,0,1,0,2,2,0,2,1,0,2,0,1,0,1,1,1,0,1,2,1,0,0,0,0,0,0,0,1,1,2,2,3,2,0,0,0,0,0,0,0,0,2,0,0,0,0,0,3,2,0,0,2,0,1,1,2,0,1,0,0,1,8,1,0,1,0,1,1,0,1,2,2,1,1,1,2,0,0,0,0,2,1,0,0,0,3,1,1,2,0,1,0,1,0,0,0,2,0,0,0,0,1,0,0,0,1,2,0,0,0,0,0,0,1,0,0,0,2,0,1,0,1,1,2,2,1,1,0,0,0,1,0,2,1,1,0,0,1,1,0,0,0,1,1,0,0,1,0,0,0,0,0,0,0,0,0,2,1,0,0,0,0,0,1,0,0,0,0,0,4,0,1,0,0,4,0,0,1,1,0,0,1,0,1,1,3,0,1,0,1,0,1,3,0,1,0,0,0,0,0,1,3,0,0,0,0,1,0,0,1,0,0,0,0,0,2,0,1,0,0,0,0,0,1,1,0,1,0,0,0,0,1,3,0,1,1,0,0,2,0,1,0,0,0
Adrb1,2,6,0,6,2,5,1,2,3,3,2,0,0,2,1,0,0,1,0,0,0,0,0,1,1,0,2,4,2,0,4,4,4,0,0,3,3,0,3,4,1,1,0,1,0,2,0,4,0,1,6,1,3,3,4,0,6,0,3,1,0,2,3,1,2,0,0,1,0,0,0,0,2,3,2,2,0,0,5,1,0,1,1,0,0,0,0,0,0,0,0,0,4,1,3,3,1,2,1,0,0,0,1,1,1,2,0,0,1,3,0,1,1,0,2,0,2,0,1,1,2,0,0,3,1,0,1,2,2,0,0,1,1,0,0,0,1,0,0,1,2,0,1,1,2,0,3,1,0,0,1,1,1,0,0,0,1,2,1,0,0,0,3,0,0,2,2,4,0,3,0,0,2,0,1,0,3,0,1,0,2,1,0,2,1,1,1,6,4,1,3,0,0,0,1,1,0,0,1,1,0,3,0,3,0,3,1,1,1,4,5,0,0,1,1,1,3,1,2,0,4,0,0,1,0,3,4,1,0,1,2,2,1,0,2,0,0,0,5,4,4,0,0,1,2,5,1,0,0,3,1,1,0,1,2,1,3,1,0,2,2,0,1,0,2,2,1,4,0,0,2,2,0,0,1,1,4,2,0,3,5,1,0,1,4,1,2,1,0,3,6,2,2,0,0,1,0,2,2,0,0,0,0,4,0,2,0,0,0,0,2,2,0,0,2,0,1,1,0,0,0,0,0,2,2,2,0,2,1,1,1,2,0,1,0,2,0,0,0,2,0,3,0,0,5,6,0,0,1,3,0,2,0,0,1,1,0,0,0,1,2,0,0,1,0,0,0,1,0,1,0,0,0,0,0,0,0,0,3,3,0,0,3,2,0,1,0,0,1,0,0,0,4,0,1,1,0,0
Npy1r,0,1,0,0,0,0,0,0,0,0,0,0,0,0,0,0,0,0,0,0,0,0,0,0,0,0,0,1,0,0,0,1,0,0,0,1,0,0,0,0,0,0,0,0,0,0,0,0,0,0,3,0,1,1,0,0,0,0,0,0,0,0,0,0,0,0,0,0,0,0,0,0,0,1,0,0,0,0,0,0,0,0,0,0,0,0,0,0,0,0,0,1,0,0,0,0,0,0,0,0,0,0,0,0,0,0,1,0,0,0,0,0,0,0,0,0,0,0,0,0,0,1,0,0,0,0,0,0,0,0,0,0,0,0,0,0,0,0,0,0,0,0,0,0,0,0,0,0,0,1,0,0,0,0,0,1,0,0,1,0,0,0,0,0,0,0,0,0,0,0,0,0,0,0,0,0,1,0,0,0,0,0,0,0,0,0,0,2,0,0,0,0,0,1,0,1,0,1,0,0,0,0,0,0,0,0,0,0,0,0,0,0,0,1,0,0,0,0,0,0,0,0,0,0,0,0,0,2,0,0,0,0,0,0,0,0,0,0,0,0,0,0,0,0,0,0,0,0,0,0,0,0,0,0,0,0,0,0,0,0,0,0,0,0,0,0,0,0,0,0,0,0,0,0,0,0,0,0,0,1,0,0,0,0,0,0,0,0,0,1,0,0,0,0,1,0,0,0,0,0,0,0,0,0,0,0,0,0,0,0,0,0,0,0,0,0,0,0,0,0,0,0,0,0,0,0,0,1,0,0,0,1,0,0,0,0,0,1,0,0,0,0,0,0,0,0,0,0,0,0,0,0,0,0,0,0,0,0,0,0,0,0,1,0,0,0,0,0,0,0,0,0,0,0,0,0,0,0,0,0,0,0,0,0,0,0,0,0,0,0,0,0,0,0,0,0,0,0
Acta2,0,0,1,0,0,0,0,0,0,0,1,0,0,0,0,0,0,0,0,0,0,0,0,0,1,0,0,0,0,0,0,0,0,0,0,0,0,0,0,0,1,0,0,0,0,0,0,0,0,0,0,0,0,0,0,0,0,0,0,0,0,0,0,0,0,0,0,0,0,0,0,0,0,0,0,0,0,0,0,0,0,0,0,0,0,0,0,0,0,0,0,0,0,0,0,0,1,0,0,0,0,0,0,1,0,0,0,0,0,0,0,0,0,0,0,0,0,0,0,0,0,0,0,0,0,0,0,0,1,0,0,0,0,0,0,0,0,0,0,0,0,0,0,0,0,0,0,0,0,0,0,0,0,0,0,1,0,0,1,0,0,0,0,0,0,0,0,0,0,0,0,0,0,0,0,0,0,0,0,0,0,0,0,0,0,0,0,0,0,1,0,0,0,0,0,1,0,0,0,0,0,1,0,0,0,0,0,0,0,0,0,0,0,0,0,0,0,1,0,0,0,0,0,0,0,0,0,0,0,0,0,0,0,0,0,0,0,0,0,0,0,0,0,0,0,0,0,0,0,0,0,0,0,0,0,0,0,1,0,0,0,0,0,0,0,0,0,0,0,0,0,0,0,0,0,0,0,0,0,0,0,0,0,0,0,0,0,0,0,0,0,0,0,0,0,0,0,0,0,0,0,0,0,0,0,0,0,0,0,0,0,0,0,0,0,0,0,0,0,0,1,0,0,0,0,0,0,0,0,0,0,0,0,0,0,0,0,0,1,0,0,0,0,0,0,0,0,0,0,0,0,0,0,0,0,0,0,0,0,0,0,0,0,1,0,0,0,0,0,0,0,0,0,0,0,0,0,0,0,0,0,0,0,0,0,0,0,0,0,0,0,0,0,0,0,0,0,0
Exo1,0,0,0,0,0,0,0,0,0,0,0,0,0,0,0,0,0,0,0,0,0,0,0,0,0,0,0,0,0,0,0,0,0,0,0,0,0,0,0,0,0,0,0,0,0,0,0,0,0,0,0,0,0,0,0,0,0,0,0,0,0,0,0,0,0,0,0,0,0,0,0,0,0,0,0,0,0,0,0,0,0,0,0,0,0,0,0,0,0,0,0,0,0,0,0,0,0,0,0,0,0,0,0,0,0,0,0,0,0,0,0,0,0,0,0,0,0,0,0,0,0,0,0,0,0,0,0,0,0,0,0,0,0,0,0,0,0,0,0,0,0,0,0,1,0,0,0,0,0,0,0,0,0,0,0,0,0,0,0,0,0,0,0,0,0,0,0,0,0,0,0,0,0,0,0,0,0,0,0,0,0,0,0,0,0,0,0,0,0,0,0,0,0,0,0,0,0,0,0,0,0,0,0,1,0,0,0,0,0,0,0,0,0,0,0,0,0,0,0,0,0,0,0,0,0,0,0,0,0,0,0,0,0,0,0,0,0,0,0,0,0,0,0,0,0,0,0,0,0,0,0,0,0,0,0,0,0,0,0,0,0,0,0,0,0,0,0,0,0,0,0,0,0,0,0,0,0,0,0,0,0,0,0,0,0,0,0,0,0,0,0,0,0,0,0,0,0,0,0,0,0,0,0,0,0,0,0,0,0,0,0,0,0,0,0,0,0,0,0,0,0,0,0,0,0,0,0,0,0,0,0,0,0,0,0,0,0,0,0,0,0,0,0,0,0,0,0,0,0,0,0,0,0,0,0,0,0,0,0,0,0,0,0,0,0,0,0,0,0,0,0,0,0,0,0,0,0,0,0,0,0,0,0,0,0,0,0,0,0,0,0,0,0,0,0,0,0,0
Tox,0,1,2,1,2,7,0,3,0,2,0,0,1,1,1,0,0,1,0,0,0,1,0,0,1,2,0,0,1,0,1,2,1,0,0,0,1,0,3,1,2,1,0,1,0,3,0,0,0,2,1,0,0,0,0,0,0,0,0,0,0,1,0,1,1,0,0,0,0,1,0,0,2,0,0,0,0,0,0,0,0,1,1,0,0,0,0,0,0,1,0,0,0,1,0,0,1,0,0,0,0,0,0,0,3,1,0,0,1,0,0,0,0,0,0,2,0,1,0,1,0,1,0,0,1,0,0,0,0,0,0,2,1,0,0,0,0,0,0,0,1,0,1,2,0,0,1,0,0,1,1,1,0,1,0,1,2,3,1,0,0,0,0,0,0,3,0,1,2,1,0,0,1,1,0,0,0,0,0,0,0,2,0,1,0,0,0,2,1,0,0,0,0,0,0,0,0,1,0,1,0,0,2,0,1,3,0,1,0,1,1,1,0,3,0,0,1,1,0,0,0,0,0,0,0,0,0,1,0,1,0,0,0,0,1,2,1,0,2,2,1,0,0,0,0,0,0,0,0,1,1,1,0,0,0,0,1,0,0,0,1,0,0,0,0,0,0,1,0,1,0,0,0,0,0,0,2,0,0,1,0,0,0,0,0,0,0,0,0,0,0,0,0,0,0,0,0,0,0,0,0,0,0,0,0,0,0,0,0,0,2,0,0,0,0,0,0,0,0,0,0,0,0,0,2,0,0,1,0,0,0,0,0,0,0,0,0,0,1,0,0,0,0,0,0,0,0,0,1,0,0,0,0,0,2,1,0,1,0,0,1,0,0,0,0,0,1,0,1,0,0,1,0,0,0,0,0,1,0,0,0,0,0,0,0,0,0,0,0,1,0,0,1,0,0,0,0,0
Chst11,1,3,0,1,1,3,5,5,3,2,6,0,0,5,4,1,0,1,2,1,0,1,0,2,1,3,1,3,1,4,0,7,2,0,0,2,3,4,1,6,1,2,0,2,1,2,0,2,0,3,4,2,0,5,0,1,4,4,3,1,0,0,3,1,0,1,1,0,0,1,0,0,1,0,2,2,0,4,0,0,1,1,0,0,0,1,0,0,0,0,0,0,2,0,0,1,3,0,2,0,1,0,0,0,0,0,0,0,1,1,0,2,0,0,2,2,2,1,8,1,0,2,1,1,0,2,4,0,3,0,0,3,1,0,0,0,0,0,0,0,0,2,2,3,2,4,2,0,3,0,1,1,1,1,1,1,1,4,2,2,2,0,4,3,0,4,0,0,2,3,0,2,5,2,0,0,1,0,3,0,4,1,0,1,1,1,3,2,3,2,1,0,1,0,0,0,0,1,1,1,0,1,2,1,1,2,3,1,0,0,2,1,0,1,0,2,1,3,0,0,0,0,0,1,0,2,1,0,4,3,0,0,1,1,4,3,0,0,1,2,0,4,1,3,2,3,2,3,0,0,3,0,0,0,2,1,0,0,0,4,0,0,0,0,0,2,0,2,2,0,0,0,1,0,1,2,0,1,2,2,2,3,0,0,1,2,4,1,0,0,0,0,2,0,0,1,1,0,1,0,3,0,0,2,1,0,0,0,0,2,0,0,0,1,1,1,0,1,0,0,1,0,0,1,0,2,0,2,1,2,0,2,0,5,2,3,1,0,1,3,1,0,1,0,0,0,1,0,2,1,0,2,0,0,2,0,4,0,0,3,2,1,6,0,0,2,2,2,2,0,0,1,0,0,0,0,0,0,0,1,1,1,1,0,1,1,2,0,2,2,1,2,2,1,1,0,0,0
Tpst1,1,2,0,0,1,1,1,0,0,0,0,0,0,0,0,0,0,2,1,0,0,0,0,0,0,1,1,0,1,1,0,0,2,0,0,0,1,0,0,0,2,1,0,0,0,3,0,0,0,0,4,0,2,0,0,0,2,0,0,0,0,0,1,0,0,0,0,3,0,0,0,0,0,1,0,0,0,0,2,0,1,0,0,0,0,0,0,0,0,0,0,0,0,0,0,0,1,0,0,0,0,0,0,0,0,0,0,0,0,1,0,0,1,0,0,0,0,0,1,0,0,0,0,0,0,0,0,1,1,0,0,0,0,0,0,0,0,0,0,1,0,0,1,0,0,0,0,1,0,1,0,0,2,0,0,1,0,0,1,0,1,0,0,0,0,1,0,0,0,2,0,1,1,0,0,0,0,0,1,0,0,0,0,0,1,0,2,0,0,0,1,0,1,0,1,1,0,0,0,0,0,1,0,3,1,0,0,2,0,0,0,0,0,1,1,0,0,0,0,0,1,0,0,0,0,1,0,1,0,0,1,0,0,1,0,0,0,1,0,0,0,0,2,0,0,0,0,0,0,0,2,0,0,0,0,0,0,0,0,0,3,0,0,0,1,2,1,1,0,0,0,1,1,0,0,0,0,0,1,0,0,0,0,0,0,3,0,0,0,0,0,1,0,0,0,0,0,0,0,0,0,0,0,0,0,0,0,0,0,0,0,0,0,0,0,0,0,1,0,0,0,0,0,1,2,0,0,0,1,2,0,2,0,1,0,0,0,0,0,0,0,0,0,0,0,0,0,0,0,0,0,0,0,0,1,0,0,0,0,0,0,0,0,0,0,0,0,0,0,0,0,0,0,0,0,0,0,1,0,0,0,0,1,0,0,0,0,1,1,0,0,0,0,0,0,0,0,0
Sostdc1,0,0,0,0,0,2,0,0,1,0,0,0,1,0,0,0,0,1,0,1,0,0,0,0,1,0,1,0,0,0,0,1,0,0,0,0,0,0,0,1,0,0,0,0,0,1,0,0,0,0,0,0,0,1,0,0,1,0,0,0,0,0,0,0,0,0,0,0,0,0,0,0,0,0,0,1,0,0,0,0,0,0,0,0,0,0,0,0,0,0,0,0,0,0,1,0,0,0,0,0,2,0,0,0,1,0,0,0,1,0,0,0,0,0,0,0,1,0,0,0,0,0,0,0,0,1,0,0,0,0,0,0,0,0,0,0,0,0,0,0,1,0,0,0,1,0,0,0,0,0,0,0,0,0,0,0,0,1,0,0,0,0,0,0,0,0,0,0,0,0,0,0,0,0,0,0,0,0,0,0,0,0,0,0,0,1,0,0,0,0,1,0,0,0,0,0,1,0,0,0,0,0,1,0,0,1,0,1,0,0,0,0,0,0,1,0,2,0,0,0,0,0,0,0,0,0,1,0,0,1,0,0,0,0,0,0,0,0,0,0,0,1,0,0,0,0,0,0,0,0,0,0,0,0,0,0,0,0,0,0,0,0,0,0,0,0,0,0,0,0,0,0,0,0,0,0,1,0,0,0,1,0,0,0,0,0,0,0,0,0,0,0,0,0,0,1,1,0,0,0,0,0,0,0,0,0,0,0,0,0,0,0,0,0,0,0,0,0,0,0,0,0,0,0,0,2,0,0,1,0,0,0,0,1,0,0,0,0,1,0,0,0,0,0,1,1,0,0,0,0,0,1,0,1,1,1,0,1,0,0,0,0,0,0,0,0,0,0,1,0,0,0,0,0,0,0,0,1,0,0,0,0,2,0,0,0,0,0,0,0,1,0,0,0,1,0,0,0
Enc1,5,79,7,0,5,36,0,22,6,17,1,1,5,4,7,4,0,0,13,0,0,9,0,2,7,12,8,8,0,6,1,18,10,1,0,10,4,2,0,4,5,2,0,4,2,17,0,0,3,4,12,9,3,19,14,0,1,1,11,1,0,4,5,0,4,1,0,4,2,1,0,0,11,7,1,4,3,0,0,6,1,2,1,1,0,0,1,0,1,3,1,3,9,3,4,4,4,2,2,0,2,0,3,0,5,6,0,0,3,4,2,2,2,0,1,2,11,0,29,0,0,3,1,12,6,2,0,1,1,5,0,6,4,0,0,1,0,9,1,0,0,4,10,3,7,7,0,21,9,7,4,3,1,14,0,7,4,22,20,1,7,20,37,3,5,7,3,11,9,0,0,1,17,10,11,0,0,2,0,1,11,5,1,15,16,3,0,22,4,3,0,0,0,0,1,3,5,0,4,3,0,2,0,2,4,12,2,1,0,6,22,3,5,4,0,0,0,0,0,0,1,0,0,0,6,0,2,7,7,3,12,2,4,13,0,6,0,2,5,5,5,3,2,0,0,0,1,1,0,2,0,2,3,0,5,11,1,1,1,4,11,0,0,0,1,3,0,7,3,1,6,2,0,7,17,2,0,2,2,10,13,4,0,3,1,22,9,16,12,6,1,3,20,0,2,0,0,2,16,2,4,2,2,6,3,1,2,1,3,8,6,5,0,0,0,1,6,2,0,1,1,0,0,21,6,4,0,16,5,2,7,2,0,0,2,1,1,4,0,0,0,10,0,2,3,2,0,2,9,11,0,0,2,2,2,0,2,5,0,1,0,2,14,2,0,4,0,5,0,0,0,0,2,1,0,0,1,1,0,3,2,3,0,7,4,21,1,3,2,0,2,4,0,0,1,4,0,0
Fbl,0,0,0,0,0,0,0,0,0,0,0,0,0,0,0,0,0,0,0,0,0,0,0,0,0,0,0,0,0,0,0,0,0,0,0,0,0,0,0,0,0,0,0,0,0,0,0,0,0,0,0,0,0,0,0,0,0,0,0,0,0,0,0,0,0,0,0,0,0,0,0,0,0,0,0,0,0,0,0,0,0,0,0,0,0,0,0,0,0,0,1,0,0,0,0,0,0,0,1,0,0,0,0,0,0,0,0,0,0,1,0,0,0,0,0,0,0,0,0,0,0,0,0,0,0,0,0,1,0,0,0,0,0,0,0,0,0,0,0,0,1,0,0,1,0,0,0,0,0,0,0,0,0,0,0,0,0,0,0,0,0,0,0,0,0,0,0,0,0,0,0,0,0,0,0,0,1,0,0,0,0,0,0,0,0,0,0,0,0,0,0,0,0,0,0,0,0,0,0,0,0,0,0,0,0,0,0,0,0,0,0,0,0,1,0,0,0,0,0,0,0,0,0,0,0,1,0,0,0,0,0,0,0,0,0,0,0,0,0,0,0,0,0,0,0,1,0,0,0,0,0,0,0,0,0,0,0,0,0,0,0,0,0,0,0,0,0,0,0,0,0,0,0,0,0,0,0,1,0,0,0,0,0,0,0,0,0,0,0,0,0,0,0,0,0,0,0,0,0,0,0,0,0,1,0,0,0,0,0,0,0,0,0,0,0,0,0,0,0,0,0,0,0,0,0,0,0,0,1,0,0,0,0,0,0,0,0,0,0,0,0,0,0,0,1,0,0,0,0,0,0,0,0,0,0,0,0,0,0,0,0,0,0,0,0,0,0,0,0,0,0,0,0,0,0,0,0,0,0,0,0,0,0,0,0,1,0,0,0,0,0,1,0,0,0,0,0,0
Mlc1,6,11,14,5,11,10,20,15,9,15,11,2,9,10,4,1,3,4,11,2,2,10,2,6,9,14,11,10,18,13,6,8,9,0,3,4,20,2,12,5,8,7,1,2,4,9,0,2,3,8,10,13,6,16,10,2,19,4,7,2,0,3,5,5,3,0,5,2,1,0,0,2,10,8,8,5,6,4,0,3,3,7,5,3,3,4,1,2,3,5,2,3,12,7,10,7,6,8,5,0,1,1,3,1,5,7,7,3,3,2,4,4,7,6,5,7,10,2,8,7,3,9,2,3,5,5,6,5,4,4,0,4,2,0,6,0,1,3,3,6,5,11,7,7,8,5,6,8,11,8,8,3,10,8,2,9,4,7,17,1,3,4,7,8,5,12,7,11,15,12,1,8,8,16,5,1,8,2,5,3,7,14,3,14,4,21,10,5,9,4,6,2,4,0,10,8,0,7,1,4,4,7,11,15,4,10,6,10,2,8,4,8,0,4,18,9,7,2,8,2,3,3,2,0,3,12,4,4,9,7,9,1,4,7,7,4,0,6,4,7,13,8,2,4,3,5,8,3,0,4,6,3,0,3,5,8,7,7,5,7,4,3,3,0,4,12,1,3,7,3,2,2,3,3,10,1,8,5,0,8,7,5,0,1,9,5,8,4,2,2,7,5,6,1,1,4,6,1,3,3,7,1,1,1,1,2,0,0,2,1,3,3,1,1,2,1,1,4,2,2,0,0,0,9,9,12,2,9,5,4,4,8,0,11,1,8,1,2,6,6,6,3,8,9,6,2,5,1,15,6,1,3,1,10,5,6,5,2,1,8,5,2,4,8,1,6,1,9,1,5,0,4,5,2,0,1,1,9,7,3,1,6,9,6,5,7,1,7,5,6,4,9,4,0,6,2,0,7
Plcl1,1,4,2,0,0,2,4,0,0,3,1,0,1,0,0,0,0,2,0,1,0,0,0,3,1,1,3,0,1,1,0,1,2,0,0,0,3,0,1,2,3,0,3,1,0,3,0,1,0,0,1,1,0,1,0,1,7,1,0,1,0,1,1,1,0,0,1,2,0,0,0,0,0,1,1,0,1,2,0,1,1,3,2,1,1,0,0,0,0,0,1,1,1,2,2,0,0,0,1,0,0,0,0,0,0,0,1,0,1,0,0,0,4,0,2,0,1,3,1,0,0,4,0,2,2,0,0,0,3,0,0,4,0,0,0,0,1,0,0,1,1,0,0,0,1,0,0,3,0,1,0,2,0,2,2,1,0,1,1,0,2,2,2,2,0,0,1,0,1,0,0,0,7,1,0,0,0,1,0,0,0,0,0,6,1,0,0,0,1,5,2,0,0,1,5,0,0,3,0,1,1,1,0,1,5,1,2,3,0,1,0,2,0,1,1,1,0,1,0,0,1,0,2,0,2,0,0,1,2,0,1,1,1,1,0,0,0,2,1,2,1,3,0,1,0,0,0,0,0,0,6,0,0,0,1,0,0,0,1,0,1,5,0,0,1,0,0,0,1,0,2,0,0,0,2,1,0,1,2,1,0,0,0,0,1,0,1,1,0,3,2,0,0,0,0,0,0,0,2,1,1,0,0,0,0,0,2,0,0,0,2,0,1,0,0,0,2,2,0,0,0,0,0,2,0,2,1,0,2,0,1,0,0,0,0,0,0,0,0,0,0,2,0,0,0,1,0,0,1,5,0,1,0,2,0,0,0,0,0,0,1,1,1,1,0,2,0,1,0,1,0,0,1,0,0,0,0,1,0,1,0,1,2,1,1,2,1,0,2,0,1,0,0,0,0,1,0,0
Chst12,0,3,0,0,3,1,2,0,0,0,0,0,0,0,0,0,0,0,0,0,0,1,0,0,1,0,0,2,4,2,0,1,0,0,0,0,1,0,0,1,2,0,0,1,0,1,0,3,0,1,1,0,0,0,0,0,1,0,1,3,0,0,1,0,1,0,0,1,0,0,0,0,0,1,0,1,1,0,0,0,0,0,1,0,0,0,0,0,0,0,0,0,0,0,1,2,0,0,1,0,1,0,0,0,1,0,0,0,0,1,0,0,2,2,0,0,0,0,1,0,0,2,0,1,0,1,0,1,0,1,0,3,0,0,0,0,0,0,0,0,0,1,1,0,0,1,0,0,1,1,0,0,1,0,0,0,0,2,1,0,2,0,0,1,0,0,0,0,0,1,0,0,1,0,0,0,0,0,0,0,0,3,0,1,0,0,1,2,0,0,0,0,1,0,0,0,1,0,0,0,0,0,0,1,0,0,1,1,0,1,0,1,0,0,0,1,1,0,0,0,1,0,0,0,0,1,0,0,0,0,0,0,0,0,0,2,0,1,0,0,2,0,0,0,1,0,1,0,0,0,1,0,1,0,0,1,1,0,0,1,0,0,0,0,2,0,0,1,1,0,0,1,0,0,2,1,0,3,2,0,1,0,0,0,1,1,1,0,1,0,0,1,2,0,0,0,1,0,0,0,0,0,0,0,0,0,0,0,0,1,2,0,1,1,0,0,0,0,1,0,0,0,0,0,0,1,0,2,1,2,0,0,1,0,1,0,0,1,0,1,0,0,0,0,0,1,1,0,1,0,1,0,0,2,1,0,0,1,0,0,0,0,0,0,0,0,0,0,0,0,0,0,0,0,0,0,2,0,1,0,0,0,0,0,0,2,0,0,2,0,2,2,1,0,1,1,0,0
Gng12,1,2,0,0,0,5,3,3,2,3,1,0,8,1,2,1,2,1,2,0,0,8,0,2,3,5,2,2,4,5,3,2,0,0,2,2,3,2,0,1,2,1,3,2,1,3,0,2,0,2,3,5,4,0,0,0,2,1,3,0,0,1,1,1,1,0,2,1,0,1,1,0,1,0,2,0,0,0,0,2,0,1,0,0,0,0,1,0,0,1,0,2,2,0,2,0,3,1,0,0,1,0,0,1,1,0,0,0,1,0,0,1,2,1,3,2,2,1,0,1,0,2,0,1,3,1,1,0,1,0,1,2,1,0,0,0,0,1,2,3,3,1,1,5,5,2,0,2,3,0,2,4,2,3,0,0,0,4,6,0,3,3,0,6,0,2,3,5,1,0,0,4,2,3,2,0,2,0,1,1,4,4,2,7,3,3,0,3,2,3,0,0,0,0,0,1,1,4,0,1,0,3,1,2,3,2,1,1,0,0,2,3,0,2,0,2,0,1,0,0,2,0,0,0,1,1,4,3,0,0,2,1,0,4,2,2,0,0,2,0,3,1,0,0,2,0,1,0,0,0,2,1,2,0,3,0,0,4,0,0,0,1,0,0,1,2,2,1,0,0,0,1,0,0,1,1,1,0,1,0,2,0,0,0,0,0,2,0,2,0,1,0,0,0,0,0,1,0,1,0,3,0,0,0,0,0,0,0,1,0,1,0,0,0,0,0,0,0,1,0,0,0,1,1,2,2,0,0,3,0,2,0,0,4,0,2,0,0,0,1,1,0,1,2,1,2,1,0,0,2,0,1,0,3,3,3,0,0,0,0,2,2,1,1,1,0,3,1,1,0,0,0,1,0,1,0,0,2,0,1,1,0,0,2,1,2,1,1,1,0,3,0,1,0,3,0,0,2
Hs2st1,3,6,0,0,2,4,0,2,0,1,1,0,0,0,0,1,0,0,2,0,0,1,0,1,2,2,7,1,2,2,1,1,2,0,0,2,3,0,0,5,3,0,0,0,1,4,0,1,0,1,1,4,0,2,0,0,3,2,1,1,0,1,0,0,1,0,0,0,0,0,1,0,2,1,0,2,1,0,0,1,1,0,1,2,0,0,0,0,1,0,1,0,0,1,1,0,1,1,0,0,0,0,0,0,0,0,0,0,0,2,0,1,0,1,0,1,5,2,2,3,1,1,0,1,4,2,0,2,2,0,0,2,0,0,1,0,1,0,1,2,0,1,1,2,0,0,1,2,3,4,3,1,1,2,2,1,1,2,4,0,3,1,2,3,0,1,0,0,4,0,0,2,3,3,0,0,4,1,1,0,0,2,0,3,0,1,3,1,2,2,1,1,4,1,0,0,0,1,0,2,1,5,0,2,0,2,0,0,0,1,2,2,0,1,0,4,4,0,0,0,2,0,0,0,0,1,0,2,1,0,3,0,0,2,2,5,0,0,4,1,2,2,2,1,1,1,0,1,0,0,0,0,0,0,1,1,1,0,0,1,0,0,0,0,0,2,0,0,0,0,1,0,0,0,3,0,0,2,0,2,4,1,0,0,1,3,1,1,1,0,1,1,2,0,1,0,0,1,1,0,0,0,0,1,0,0,0,0,0,0,0,0,0,0,1,0,0,0,1,0,0,0,0,0,3,1,2,3,1,1,0,1,0,1,0,2,1,1,1,0,3,0,0,1,1,0,0,0,3,0,0,1,0,2,2,0,0,1,0,3,1,1,3,0,0,1,1,2,0,0,0,1,1,0,0,0,0,0,1,0,0,0,3,0,2,2,2,1,0,0,3,1,2,0,0,1,0,2
St8sia4,0,0,0,0,0,0,0,1,0,0,0,0,0,0,0,0,0,0,0,0,0,0,0,0,0,0,0,0,0,0,0,0,0,0,0,1,0,0,0,0,0,0,0,0,0,0,0,0,0,2,0,1,0,0,0,0,1,0,0,0,0,0,0,0,0,0,0,0,0,0,0,0,0,0,0,0,0,0,0,0,0,0,0,0,0,0,0,0,0,0,0,0,0,0,0,0,0,0,0,0,0,0,0,0,0,0,0,0,0,0,0,0,0,0,0,0,0,0,0,0,0,0,0,0,1,0,0,0,0,0,0,0,0,0,0,0,0,0,0,0,0,0,0,0,0,0,0,0,1,0,0,0,0,0,0,0,0,0,0,0,0,0,0,0,0,0,0,0,0,0,0,0,0,0,0,0,0,0,0,0,0,0,0,0,0,0,0,0,0,0,0,0,0,0,0,0,0,0,0,0,1,0,0,0,0,0,0,0,0,0,0,1,0,0,0,0,1,0,0,0,0,0,0,0,0,0,0,0,0,0,1,0,0,0,0,0,0,0,0,0,0,1,0,0,0,0,1,0,0,0,0,0,0,0,0,0,0,0,0,2,0,0,0,0,0,0,0,0,0,0,1,0,0,0,0,0,1,0,0,0,0,0,0,0,0,0,0,0,0,0,0,0,0,0,0,0,0,0,0,0,0,0,0,0,0,0,0,0,0,0,0,0,0,0,0,0,0,0,0,2,0,0,0,0,0,0,0,0,0,0,0,0,0,0,0,0,0,0,0,0,0,1,0,0,0,0,0,0,1,0,0,0,0,0,0,0,0,0,0,0,0,0,0,0,0,0,2,0,0,0,0,0,0,0,0,0,0,0,0,0,0,0,0,0,0,1,0,1,0,0,0,0,1,0,0,0,0,0
Cldn5,0,3,0,0,0,1,0,0,0,0,0,0,0,0,0,0,0,0,0,0,0,0,0,0,0,0,0,0,3,0,0,2,0,0,0,2,0,0,0,0,0,0,0,0,0,1,0,0,0,0,0,0,0,0,0,0,0,0,0,0,0,1,0,0,0,0,0,0,1,0,0,0,0,0,0,0,0,0,0,0,0,0,0,0,0,0,0,0,0,0,0,0,0,0,0,0,0,0,0,0,0,0,0,1,0,0,0,1,0,0,0,0,0,0,0,0,0,0,0,0,0,3,0,0,0,0,0,0,0,2,0,0,0,0,0,0,0,0,0,0,0,0,0,0,0,0,0,0,5,0,0,0,0,0,0,0,2,0,0,0,0,0,0,3,0,0,0,5,1,0,0,0,1,2,1,0,0,0,0,0,0,0,0,1,0,3,1,0,0,0,1,0,0,0,1,0,0,0,0,0,0,0,0,0,0,0,0,0,0,0,0,1,0,0,0,0,0,0,2,0,0,0,0,0,0,0,0,0,0,0,0,0,1,0,0,0,0,0,0,0,0,0,0,0,0,0,1,0,0,0,0,2,0,0,0,0,0,0,0,1,0,0,0,0,0,0,2,0,0,0,0,0,0,0,0,0,0,0,0,0,0,0,0,0,0,0,0,0,0,0,0,0,0,0,0,0,1,0,0,0,1,0,0,0,0,1,0,0,0,0,0,0,0,0,0,0,0,1,0,0,0,0,0,0,1,0,0,0,0,0,0,0,0,0,0,0,0,0,0,0,0,0,0,0,0,0,1,0,0,0,0,0,0,0,0,0,0,0,0,0,0,1,0,0,0,0,0,0,0,0,0,1,0,0,0,0,0,0,0,0,0,0,0,0,0,0,0,0,1,0,1,0,0,0,0,0,0,0
Chst7,0,0,0,0,0,0,0,1,0,0,2,0,0,0,0,0,0,0,0,0,0,1,0,0,0,0,1,0,4,0,0,0,0,0,2,1,0,0,0,0,0,0,0,0,0,0,0,0,0,0,2,1,0,1,0,0,0,0,0,0,0,0,0,0,0,0,0,0,0,0,1,0,0,0,0,0,0,0,0,0,0,0,1,0,0,0,0,0,0,0,0,0,0,0,0,0,0,1,0,0,0,0,0,0,0,0,0,0,0,0,0,0,0,0,0,0,0,0,0,2,0,0,0,1,0,2,0,0,0,0,0,0,0,0,0,0,0,0,0,0,0,0,0,0,0,0,0,0,0,0,0,1,0,0,0,0,0,0,0,2,0,0,0,0,0,1,0,0,0,0,0,0,1,0,0,0,0,0,0,0,0,0,0,0,0,0,0,0,0,0,0,0,0,0,0,0,0,0,0,0,0,0,2,0,0,0,0,1,0,0,0,0,0,0,0,0,0,0,0,0,0,1,0,0,0,0,0,1,0,0,1,0,0,0,0,0,0,0,2,0,0,0,0,0,0,0,0,0,0,0,0,0,0,0,0,0,0,0,1,0,0,1,0,0,0,0,0,0,0,0,0,0,0,0,0,0,1,0,0,0,0,0,2,0,1,0,0,0,0,0,0,0,0,0,0,0,0,0,0,0,0,0,0,0,0,0,0,0,0,0,0,0,0,0,0,0,0,0,0,0,0,0,0,0,1,0,0,0,0,0,0,0,0,0,0,0,0,0,0,0,0,0,0,0,0,0,0,0,0,0,0,0,0,0,0,0,0,0,0,0,0,0,0,0,0,0,0,0,0,0,0,0,0,0,0,0,0,0,0,0,0,0,0,0,0,0,0,0,0,1,0,0,0,0,1,0,0,0
St6galnac5,3,4,4,1,3,13,3,5,0,3,7,0,0,6,1,1,1,1,5,0,2,4,0,2,6,1,2,3,12,6,5,4,3,0,0,9,3,2,4,1,2,9,0,1,3,10,0,3,0,7,3,3,3,2,3,0,2,1,0,1,0,4,11,1,6,0,3,4,1,2,0,0,2,0,4,4,0,2,1,1,0,1,4,5,0,1,2,0,0,0,0,2,5,0,2,0,3,2,6,0,1,0,0,0,0,0,0,0,1,0,1,1,3,3,6,1,5,4,3,11,0,3,1,7,2,3,1,0,0,3,1,0,6,0,0,0,1,1,0,0,0,2,6,1,2,0,2,2,4,4,5,7,2,13,0,6,0,6,13,3,7,1,2,1,0,1,4,4,6,2,0,4,7,8,1,0,0,1,2,0,1,6,0,1,3,6,3,3,0,3,0,1,1,0,1,1,0,1,1,1,1,0,0,8,4,6,6,3,0,5,7,1,0,1,1,1,7,4,3,0,6,1,1,0,6,5,7,15,2,0,11,1,2,2,1,2,0,2,2,2,4,1,0,0,1,2,6,2,0,0,0,1,0,0,5,9,4,0,0,0,8,0,0,0,0,6,1,14,2,1,3,1,0,2,3,2,1,1,0,4,1,1,2,2,1,4,6,4,4,0,2,1,1,2,0,0,5,2,0,0,1,3,2,0,0,0,3,0,1,0,1,2,2,1,0,1,1,1,0,1,0,0,1,6,2,9,1,10,0,0,0,6,0,1,0,0,0,1,9,1,0,1,1,0,6,3,1,0,5,7,0,0,0,8,4,0,0,2,0,7,1,0,4,1,0,1,0,4,0,0,0,0,0,1,0,0,0,1,6,3,1,0,1,1,2,2,0,0,0,3,0,3,2,0,3,2,0,0
Sstr1,0,3,1,2,0,4,0,2,0,1,0,0,0,0,0,0,0,0,0,0,0,0,0,0,0,1,1,1,0,0,0,3,2,0,0,0,0,0,0,0,0,0,1,0,1,2,0,0,0,1,2,3,0,0,0,0,0,0,0,0,0,0,0,0,0,0,0,0,0,1,0,0,0,0,0,0,0,0,0,1,0,0,0,0,0,0,0,0,0,0,0,0,0,0,0,2,0,0,0,0,0,0,0,0,0,0,0,0,0,0,0,0,0,0,1,0,1,0,0,0,0,1,0,0,0,0,0,0,0,0,0,0,1,0,0,0,0,0,0,0,0,0,0,0,0,0,0,0,0,1,0,0,0,0,0,0,0,1,0,0,0,0,1,1,0,0,0,0,0,0,0,0,2,0,0,0,0,0,0,0,0,0,2,0,2,0,0,0,2,0,0,0,0,0,0,0,0,0,0,0,0,0,0,1,0,1,0,0,0,3,1,0,0,0,0,0,0,0,0,0,0,0,0,0,0,0,0,0,0,1,0,0,1,0,0,0,0,0,0,0,0,1,0,0,0,0,0,0,0,0,0,0,0,0,0,0,0,0,0,1,0,0,0,0,0,1,0,0,0,0,1,0,0,1,1,0,0,0,0,0,0,0,0,0,0,0,0,0,0,0,0,0,0,0,0,0,0,0,0,0,0,0,0,0,0,0,0,1,0,0,0,0,0,0,0,0,0,0,0,0,0,0,0,1,1,0,0,1,0,1,0,0,0,0,0,0,0,0,0,0,0,0,0,0,0,0,0,0,0,1,0,0,0,0,0,0,0,0,0,0,0,0,0,0,0,1,0,0,2,0,0,0,0,0,0,0,0,0,0,1,0,0,0,0,0,0,0,0,0,0,0,1,0,0,0,0,0,0
Grm1,0,1,0,0,1,0,1,0,0,0,0,0,0,0,0,0,0,0,0,0,0,0,0,0,0,1,1,0,0,0,0,0,1,0,0,1,0,0,0,0,0,0,0,0,0,1,0,2,0,0,3,0,1,0,1,0,1,0,0,0,0,0,0,0,0,0,0,0,0,0,0,0,1,0,0,1,0,2,0,0,0,0,0,0,0,0,0,0,0,0,0,0,0,0,0,1,0,1,0,0,0,0,0,0,0,0,0,0,0,0,0,1,0,1,0,0,0,0,0,0,0,0,0,0,0,0,0,0,0,0,0,0,0,0,0,0,0,0,0,0,0,0,0,0,0,0,0,0,0,1,0,0,0,0,0,0,0,0,0,0,0,0,0,1,0,0,0,0,0,0,0,1,0,0,0,0,0,0,0,0,0,0,0,0,0,0,0,0,0,0,0,0,0,0,0,0,0,0,0,0,0,0,0,0,0,3,0,0,0,1,1,3,0,0,0,0,0,0,0,0,1,0,0,0,0,0,0,0,0,0,0,0,0,1,0,0,0,0,0,0,1,0,0,0,0,0,0,0,0,0,0,0,0,0,0,1,0,0,0,0,0,0,0,0,0,1,0,2,0,0,0,0,0,0,0,0,0,0,0,0,0,0,0,0,0,0,1,0,0,1,0,0,0,0,0,0,0,0,0,0,0,0,0,0,0,0,0,0,1,0,0,0,0,0,0,0,0,0,1,0,0,0,0,1,1,0,0,0,0,0,0,0,0,0,0,0,0,0,0,0,0,0,0,0,0,0,0,1,0,0,0,0,0,0,0,0,0,0,0,0,0,0,0,1,0,0,0,1,0,0,0,0,0,0,0,0,0,0,1,0,0,1,0,0,0,0,0,0,1,0,0,0,0,0,0,0,0,0
Hs3st6,0,0,0,0,0,0,0,0,0,2,0,0,0,0,0,0,0,0,1,0,0,0,0,0,0,0,0,0,0,0,0,0,1,0,0,0,0,0,0,0,0,0,0,0,1,0,0,0,0,0,0,0,0,0,0,0,0,0,0,0,0,0,0,0,0,0,0,0,0,0,0,0,0,0,0,0,0,0,0,0,0,0,0,0,0,0,0,0,0,0,0,0,0,0,0,0,0,0,0,0,0,0,0,0,0,0,0,0,0,0,0,0,0,0,0,0,0,0,1,0,0,0,0,0,0,0,0,0,0,0,0,0,0,0,0,0,0,0,0,0,0,0,0,0,0,0,0,0,0,0,0,0,0,0,0,1,0,0,0,0,0,0,0,0,0,0,0,0,0,0,0,0,0,1,0,0,0,0,0,0,0,0,0,0,0,0,0,0,0,0,0,0,0,0,1,0,0,0,0,0,0,0,0,0,0,0,0,0,0,0,0,1,0,0,0,0,0,0,0,0,0,0,0,0,0,0,0,1,0,0,0,0,0,1,0,0,0,0,0,0,0,0,0,0,0,0,0,0,0,0,0,0,0,0,0,0,0,0,0,0,0,0,0,0,0,0,0,0,0,0,0,1,0,0,0,0,0,0,0,0,0,0,0,0,0,0,0,0,0,0,0,0,0,0,0,0,0,0,0,0,0,0,0,0,0,0,0,0,0,0,0,0,0,0,0,0,0,0,0,0,0,0,0,0,0,0,0,0,0,1,0,0,0,0,0,1,0,0,0,0,0,0,0,0,0,0,0,0,0,0,0,0,0,0,0,0,0,0,0,0,0,0,0,0,0,0,0,0,0,0,0,0,0,0,0,0,0,0,0,0,0,0,0,0,0,0,0,0,0,1,0,0,0,0,0,1,0,0
Cplx3,0,0,0,0,0,0,1,1,1,0,0,0,0,0,0,0,3,5,0,0,0,0,0,0,0,0,0,0,0,0,0,1,0,1,0,0,10,0,0,1,1,0,0,0,0,0,0,0,0,2,0,0,0,0,0,0,0,0,0,0,0,1,0,0,0,0,0,0,0,0,0,0,0,0,0,0,0,0,0,0,0,0,0,0,0,0,0,0,0,0,0,0,0,0,0,0,0,0,0,0,0,0,0,0,0,1,0,0,0,0,0,0,0,0,0,0,0,0,0,0,0,0,0,0,1,0,0,0,0,0,0,0,0,0,1,0,0,0,0,0,0,0,0,0,0,0,0,0,0,0,1,0,0,0,0,0,0,0,0,0,0,0,0,1,1,0,0,0,1,0,0,0,0,0,0,0,0,0,0,0,0,0,0,0,0,0,0,0,1,0,0,0,1,0,0,0,0,1,0,0,0,1,2,0,0,0,0,0,0,0,0,0,0,0,0,1,1,0,0,0,0,0,0,0,0,0,0,0,0,0,0,0,1,2,0,0,0,0,0,0,1,1,0,0,1,0,0,2,0,0,1,0,0,0,0,0,0,0,0,1,0,0,0,0,0,0,0,0,0,0,0,0,0,0,0,0,0,0,0,0,1,0,0,0,0,0,1,0,0,1,1,0,2,0,0,0,0,0,0,0,2,0,0,0,0,0,0,1,0,0,0,0,0,0,0,0,0,0,1,0,0,0,0,0,0,0,0,0,1,0,0,0,0,0,0,0,0,0,0,0,0,0,0,0,1,0,0,0,1,1,0,0,0,0,0,0,0,0,0,0,0,0,1,0,0,0,3,1,0,1,0,0,0,0,0,0,0,0,0,0,0,0,0,0,0,0,1,0,0,0,0,0,0,0,0,1,0,0
Chrm4,0,2,0,1,0,0,0,1,0,0,0,0,1,0,0,0,0,0,1,0,0,0,0,1,1,0,1,0,0,0,0,0,0,0,0,0,0,1,0,0,0,0,0,1,0,1,0,0,0,0,1,0,0,0,0,0,1,0,0,0,0,0,0,0,1,0,0,0,0,0,0,0,1,0,0,1,0,0,0,0,0,0,0,0,0,0,0,0,0,0,1,0,0,0,0,0,0,1,0,0,0,0,0,0,0,0,0,0,0,0,0,0,0,0,0,0,0,0,2,0,0,0,1,0,0,0,1,0,0,0,0,0,0,0,0,0,1,0,0,0,0,0,0,0,0,0,1,0,0,1,0,0,0,0,0,0,0,0,0,0,2,1,0,1,0,0,0,1,0,1,0,0,0,1,0,0,0,0,0,0,0,0,0,0,1,0,0,2,2,0,2,1,0,0,0,0,0,1,0,0,0,1,0,0,0,1,0,2,0,0,2,1,0,0,0,0,0,0,2,0,0,0,0,0,3,0,0,0,0,2,0,0,2,0,0,2,0,0,0,0,0,0,0,0,1,1,0,0,0,0,0,0,0,0,0,0,0,0,0,0,1,0,0,0,0,0,1,0,0,0,0,0,0,1,1,0,1,0,0,0,0,0,0,0,0,1,0,0,0,0,0,1,0,0,1,0,0,0,0,1,0,0,0,0,0,0,2,0,0,0,0,0,0,0,0,0,0,0,0,0,0,0,0,0,0,0,0,0,0,1,0,1,1,0,0,0,0,0,0,0,0,0,0,1,0,0,0,0,0,0,0,0,0,0,0,0,0,0,0,0,0,0,0,0,0,0,0,0,1,0,0,0,2,0,0,0,0,0,0,0,1,0,0,0,0,0,0,0,0,0,0,0,0,2,0,0,0,0
Hpse,0,0,0,0,1,0,0,1,0,1,0,0,0,0,0,0,0,0,1,0,0,0,0,0,0,1,1,0,0,1,0,0,0,0,0,0,0,0,0,0,0,0,0,0,0,0,0,0,0,1,0,0,0,0,0,0,0,0,0,0,0,0,0,0,1,0,0,0,0,0,0,1,0,0,0,0,0,0,0,0,0,0,0,0,0,0,0,0,0,0,0,0,0,0,0,0,0,0,0,0,0,0,0,0,0,0,0,0,0,0,0,0,0,0,0,0,0,0,2,0,0,0,0,0,0,0,0,0,0,0,0,0,0,0,0,0,0,0,0,0,0,0,0,0,0,0,0,0,0,0,0,0,0,0,0,0,0,0,0,0,0,0,0,0,0,0,0,0,0,0,0,0,0,0,0,0,0,0,0,0,0,0,0,0,0,0,0,0,0,0,0,0,0,0,0,1,0,0,0,0,0,1,0,0,0,0,0,0,0,0,0,1,0,0,0,0,0,0,0,0,0,0,0,0,0,0,0,0,0,0,0,0,0,0,0,0,0,0,0,0,0,0,0,0,0,0,0,0,0,0,0,0,0,0,0,0,0,0,0,0,0,0,0,0,0,0,0,0,0,0,0,0,0,0,0,0,0,0,0,0,0,0,0,0,0,0,0,0,0,0,0,0,0,0,0,0,0,0,0,0,0,0,0,0,0,0,0,0,0,0,0,0,0,0,0,0,0,0,0,0,0,0,0,0,0,0,0,0,0,0,0,0,0,0,0,0,0,0,0,0,0,0,0,0,0,0,0,0,0,0,0,0,0,0,0,0,0,0,0,0,0,2,0,0,0,0,0,0,0,0,0,0,0,0,0,0,0,0,0,0,0,0,0,0,0,0,0,0,0,0,0,0,0,1,0,1,0,0
Slc32a1,4,1,0,9,1,1,1,2,1,0,1,0,0,6,2,0,2,0,1,0,0,1,0,0,1,1,0,1,1,0,0,0,1,0,0,1,1,0,1,3,1,0,2,0,0,0,0,1,0,1,1,4,0,0,0,0,4,1,0,0,0,0,1,0,0,0,0,0,0,0,0,0,1,1,0,1,1,2,6,0,1,2,3,0,1,0,0,0,1,1,0,0,0,0,3,0,2,0,1,0,0,1,0,0,0,1,0,0,0,4,0,0,0,0,0,0,0,0,1,3,1,3,0,1,4,0,1,0,3,0,0,1,0,0,1,0,2,0,2,0,0,0,2,0,0,0,1,2,1,0,9,1,1,0,0,0,0,0,3,0,0,1,3,0,0,0,0,2,0,4,0,2,10,0,0,0,1,0,0,0,0,1,2,1,2,0,1,0,0,2,2,0,7,0,1,2,0,2,1,8,0,1,0,1,1,4,0,0,0,0,2,1,0,0,0,0,8,1,0,0,0,0,0,0,1,2,1,0,3,0,0,0,0,1,1,1,0,0,0,2,0,1,0,0,0,1,1,0,0,0,0,0,1,1,1,1,3,0,0,1,3,2,0,1,0,0,2,3,1,0,0,0,0,1,2,1,0,0,2,0,0,3,0,2,2,0,0,1,0,0,4,0,0,0,0,0,0,0,0,0,0,0,0,0,0,0,0,0,0,0,0,0,1,0,0,0,1,1,0,0,0,0,0,0,7,2,0,1,0,2,0,0,0,4,0,1,0,0,1,1,0,0,1,1,2,0,0,0,0,1,0,0,0,2,1,2,2,1,0,0,0,1,1,0,0,1,2,2,1,0,1,0,1,0,0,0,1,2,1,1,1,0,0,1,0,0,0,2,0,0,1,0,0,0,0,0,0,0
Gpc1,3,8,6,0,0,14,1,4,1,11,1,1,5,7,2,0,3,0,5,0,2,1,0,2,4,2,0,2,3,7,3,16,5,0,0,1,3,1,1,8,7,2,0,3,4,6,0,3,0,6,8,3,2,9,0,0,2,1,1,2,0,2,2,2,2,0,0,1,3,1,1,0,4,1,2,3,1,6,1,5,3,3,1,0,4,0,2,1,0,0,1,1,5,5,2,0,3,5,0,0,2,0,0,5,2,5,0,0,2,8,1,1,1,2,2,1,2,1,8,0,2,3,0,2,3,2,2,0,2,2,0,4,0,0,1,0,3,2,2,1,3,1,1,1,1,0,2,2,2,1,5,6,1,0,1,3,1,6,6,2,2,0,2,6,0,7,1,3,4,3,0,1,2,4,3,0,4,0,2,0,0,2,1,2,2,1,4,1,3,1,1,0,7,2,2,3,2,3,1,3,1,2,3,9,3,10,5,2,2,3,16,2,3,3,1,5,6,2,2,0,2,0,0,0,2,0,3,2,2,2,6,3,3,6,9,6,2,4,4,1,2,1,0,0,2,3,4,0,0,2,5,2,2,0,2,1,4,1,2,2,2,2,0,0,3,9,0,10,4,0,5,2,0,4,7,6,3,5,2,5,6,1,0,0,0,0,6,1,3,3,0,5,0,0,0,0,1,3,2,2,2,2,1,1,0,0,3,0,1,0,3,1,0,3,1,0,5,0,0,0,0,0,1,2,5,7,0,0,2,5,1,1,0,2,0,0,2,0,0,1,2,0,1,3,1,4,0,0,3,5,0,0,1,2,0,2,0,1,0,3,2,0,1,0,0,7,0,2,4,0,0,1,2,0,0,0,0,4,3,6,0,0,1,1,2,3,0,0,4,0,0,4,3,0,1,0,0,0
Avp,1,0,0,0,0,0,0,0,1,0,0,0,0,0,0,0,0,0,0,0,0,1,0,0,1,0,0,0,0,0,0,0,0,0,0,0,1,0,0,0,0,0,0,0,0,1,0,0,0,0,0,0,0,0,0,0,1,0,0,0,0,1,0,0,0,0,0,0,0,0,0,0,1,0,0,0,0,0,0,0,1,0,0,0,1,1,0,0,0,0,0,0,0,0,0,0,0,0,1,0,0,0,0,0,0,0,0,0,0,0,0,0,0,0,0,0,0,0,0,0,0,0,0,0,0,0,0,0,0,0,0,0,0,0,0,0,0,0,0,0,0,0,0,1,0,1,0,0,0,0,1,0,0,0,0,1,0,0,0,0,0,0,1,0,0,0,1,0,0,0,0,0,0,0,0,0,0,0,0,0,0,1,0,0,0,0,0,0,0,0,0,0,0,0,0,0,0,0,0,0,0,0,0,0,0,0,0,0,0,0,0,1,0,0,0,0,0,0,0,0,0,0,0,0,0,0,0,0,0,0,1,1,0,0,0,0,0,0,0,0,0,1,0,0,1,0,0,0,0,0,0,0,0,0,0,1,0,0,0,0,1,0,0,0,0,0,0,0,0,0,0,0,0,0,0,0,0,0,0,0,0,0,0,0,0,0,0,0,0,0,0,0,0,0,0,0,0,0,0,0,0,0,0,0,0,0,0,0,0,0,0,0,0,0,0,0,0,0,0,0,0,0,0,0,0,0,0,0,0,0,0,0,0,0,0,0,0,0,0,0,0,0,0,1,0,0,0,0,0,0,0,0,0,0,0,0,0,0,0,0,0,0,0,0,0,0,0,0,0,0,0,0,0,0,0,0,0,0,0,0,0,0,0,0,0,0,0,0,0,0,0,0,0,0,0,0,0,0
Cldn11,0,0,0,0,0,0,0,0,0,0,0,0,1,0,0,0,0,0,0,0,0,0,0,0,0,0,0,0,0,0,0,0,1,0,0,0,0,0,0,8,0,0,0,0,0,0,0,0,0,0,0,1,1,0,0,0,0,0,0,0,0,0,0,0,0,0,0,0,0,0,0,0,0,0,0,0,0,0,0,0,0,1,0,0,0,0,0,0,0,0,0,0,0,0,0,0,0,0,0,0,0,0,1,0,1,0,1,0,0,0,1,0,0,0,0,0,0,0,0,0,0,1,0,0,1,0,0,1,0,0,0,3,0,0,0,0,0,0,0,0,0,0,0,0,0,0,0,0,0,0,0,0,0,0,0,0,0,0,0,0,0,0,0,0,0,0,0,0,3,1,0,1,0,0,0,0,1,0,0,0,0,0,0,0,0,0,0,0,0,6,0,0,0,0,4,0,0,0,0,0,0,0,2,0,0,0,0,0,0,0,0,0,0,0,0,0,0,0,0,0,0,0,0,0,0,1,0,0,0,1,0,0,0,1,0,0,0,0,0,0,0,1,0,0,0,0,0,0,0,0,8,0,0,0,0,0,0,0,0,0,1,0,0,0,0,0,0,0,0,0,0,0,0,0,0,0,0,0,0,0,0,0,0,0,0,0,0,0,0,0,0,0,0,0,0,0,0,0,0,0,0,0,0,0,0,0,0,0,0,0,0,0,1,0,0,0,0,0,0,0,0,0,0,0,0,0,0,0,0,0,0,0,0,0,2,0,0,0,1,1,0,0,0,0,0,0,0,0,0,0,0,0,0,0,0,0,0,0,0,1,0,0,0,0,0,0,0,0,0,0,0,0,0,0,0,0,0,3,0,0,1,0,0,0,0,0,0,0,1,0,0,0,0,0,0,0,0,0
Slc16a1,5,1,6,3,1,2,0,2,1,1,3,0,2,3,1,2,0,0,2,0,0,0,0,2,3,3,1,0,1,2,1,3,3,0,0,0,0,0,0,1,4,1,1,0,0,2,0,3,0,1,4,2,2,0,1,0,3,1,0,2,0,1,1,1,0,0,1,0,0,3,0,0,1,0,2,1,0,2,1,1,0,0,1,1,0,0,0,0,0,0,0,0,1,1,0,0,2,1,1,0,1,0,0,0,2,0,0,0,0,0,0,1,2,0,1,0,0,0,1,2,1,1,0,0,3,1,2,2,0,1,1,1,0,0,0,1,0,1,0,0,1,1,1,0,0,3,3,2,3,2,6,1,1,3,0,6,1,2,3,0,2,0,1,2,0,2,0,0,2,0,0,0,5,8,0,1,0,0,1,1,0,1,0,2,0,2,1,0,3,0,3,0,1,0,1,3,0,1,0,2,1,1,4,3,1,4,6,0,0,0,4,1,0,0,0,1,2,0,2,0,1,0,0,0,1,2,1,0,0,4,1,0,0,1,1,1,0,0,2,2,0,0,0,0,0,0,2,0,1,1,1,7,0,0,2,0,0,0,0,2,0,1,0,0,1,3,0,0,2,1,0,2,1,1,1,1,0,2,5,3,0,2,0,0,1,2,3,0,0,0,0,0,0,0,0,0,0,0,0,0,0,0,0,1,0,1,0,2,0,0,0,0,0,0,0,0,0,1,0,0,0,0,0,6,2,4,0,2,0,2,0,3,0,0,0,2,0,0,0,0,0,1,1,0,1,2,0,0,5,0,0,0,0,1,1,2,0,0,0,0,0,0,0,0,0,0,1,1,2,0,0,5,3,3,0,0,0,0,0,6,0,1,1,1,0,4,1,0,2,0,1,0,0,1,4,0,0,3
C1qa,0,0,0,0,5,3,0,2,1,0,1,0,1,1,0,0,1,0,0,2,0,0,0,1,1,2,0,0,0,0,0,4,0,0,0,4,2,0,0,0,0,0,0,2,0,0,0,0,1,1,0,3,0,0,0,0,0,0,0,1,0,0,0,0,0,0,0,1,0,0,0,0,0,0,0,1,0,0,0,0,0,0,0,3,0,1,0,3,0,1,0,0,0,0,0,0,1,0,0,0,0,0,0,0,1,1,0,0,0,1,0,0,1,0,0,0,0,0,0,3,0,0,0,0,0,0,0,4,0,0,0,0,0,0,0,0,0,0,0,0,0,0,0,0,2,0,1,0,0,0,4,1,1,0,1,0,0,2,0,0,0,3,0,0,0,0,0,2,0,1,0,0,0,1,1,0,2,0,0,0,4,0,0,0,0,0,0,1,1,4,0,0,1,0,0,3,0,1,0,1,3,0,0,7,1,0,1,0,0,1,1,0,0,0,0,0,1,0,0,0,0,1,0,0,0,0,0,0,0,0,0,0,0,1,0,1,0,3,0,1,0,0,2,1,0,1,0,0,0,0,2,0,0,0,1,1,0,0,0,0,0,0,0,0,0,0,0,0,9,0,0,0,0,0,0,1,0,1,0,0,0,0,0,0,0,0,1,0,0,0,0,0,0,0,0,0,0,1,3,0,0,0,0,0,0,1,0,0,0,1,0,1,0,1,0,0,1,0,0,0,2,0,0,0,1,2,0,0,0,1,0,1,0,2,0,0,0,1,0,0,0,0,0,0,0,4,1,0,0,0,0,0,0,0,0,0,0,1,0,6,0,1,1,2,0,1,0,0,0,0,0,0,0,0,0,0,0,20,0,0,5,0,0,0,0,0,1,2,1,0,0,0,0,0,1,0,0,0
Spon1,3,0,4,2,3,6,3,2,2,2,3,0,6,0,0,4,1,1,0,0,0,6,0,1,4,2,6,3,2,3,3,12,1,0,0,2,6,0,0,2,3,3,1,0,6,1,0,5,0,9,1,2,0,0,0,0,1,0,2,3,0,5,0,2,1,0,0,0,0,1,0,0,0,1,1,1,1,0,1,2,5,2,2,0,0,0,0,0,0,0,0,0,4,2,0,2,1,1,1,0,0,0,0,0,1,0,0,0,0,2,0,0,0,1,1,0,1,0,2,2,0,4,1,2,1,1,0,0,0,3,0,2,0,0,0,0,0,0,0,0,0,1,0,1,1,2,0,0,0,1,1,1,1,1,0,3,0,1,2,1,0,0,0,0,0,4,1,1,2,0,0,2,1,0,0,0,0,0,0,0,1,2,0,0,0,0,2,1,1,3,0,0,1,0,1,3,0,0,1,1,2,1,2,1,0,4,1,0,0,4,1,2,2,6,0,1,2,1,0,0,1,0,0,2,2,0,1,4,2,0,0,0,1,0,1,1,0,1,3,3,2,2,0,0,2,2,0,1,1,0,2,1,0,0,3,0,0,0,0,1,3,0,0,0,2,2,0,4,3,0,3,0,0,2,2,0,2,1,0,2,0,0,0,3,1,1,3,0,0,0,0,1,1,0,0,1,0,0,2,1,0,0,1,0,0,0,3,2,0,1,0,1,1,0,1,0,1,0,0,0,1,0,1,0,2,0,1,0,0,4,0,0,0,2,0,2,0,0,1,1,1,0,2,0,2,2,0,0,8,3,0,0,0,1,2,1,2,1,0,1,0,0,10,1,0,2,1,1,0,0,0,1,0,0,0,1,0,2,2,1,0,0,2,0,1,16,1,1,2,2,0,5,3,1,0,0,0,0
Tie1,0,1,0,0,0,0,0,0,0,0,0,0,0,0,0,0,0,0,0,0,0,0,0,0,0,2,0,0,0,0,0,0,1,1,0,0,0,0,0,0,0,0,0,0,0,0,0,0,0,0,0,0,1,0,0,0,0,0,0,0,0,0,0,0,0,0,1,0,0,0,0,0,0,1,0,0,0,0,0,0,0,0,0,1,0,0,0,0,0,0,0,0,0,0,0,1,0,1,3,0,0,0,0,0,0,0,0,0,0,0,0,0,0,0,2,0,0,0,1,0,0,1,0,0,0,0,0,0,0,0,0,0,0,0,0,0,0,0,0,0,0,0,0,0,0,0,0,0,2,0,0,0,0,0,0,0,0,0,0,0,0,0,0,2,0,0,0,0,1,0,0,0,1,0,0,0,0,0,0,0,0,0,0,0,0,2,0,0,0,0,0,0,0,0,0,0,0,0,0,0,0,0,0,0,0,0,0,0,0,0,0,0,0,1,0,1,0,0,0,0,0,0,0,0,0,0,0,0,0,0,0,0,0,0,0,0,0,0,0,0,1,0,0,0,0,0,1,0,0,0,0,1,0,0,0,0,0,0,0,0,0,0,0,0,0,0,1,0,0,0,0,0,0,0,0,0,0,0,1,0,0,0,0,0,0,0,0,0,0,0,0,0,0,0,0,0,0,0,0,0,0,0,0,0,0,0,0,0,0,0,0,0,0,0,0,0,0,0,0,0,1,0,0,0,0,0,0,0,0,0,1,0,0,0,0,0,0,0,0,0,0,0,0,0,0,0,1,0,0,0,0,0,0,0,0,0,0,0,0,0,0,1,0,0,0,0,0,0,0,0,0,0,0,0,0,0,1,0,0,0,0,0,0,0,0,0,0,0,0,0,0,0,0,0,0,0,0,0
Zfp804a,0,0,0,0,1,0,0,0,0,0,0,0,0,0,0,0,0,0,0,0,0,0,0,0,0,0,0,0,0,0,0,1,0,0,0,0,0,0,0,0,0,1,0,0,0,0,0,0,0,0,0,0,0,0,0,0,2,0,0,0,0,0,1,0,0,0,0,0,0,1,0,0,0,0,0,0,0,0,0,0,0,0,0,0,0,0,0,0,0,0,0,0,0,0,0,0,0,0,0,0,0,0,0,0,0,0,0,0,0,0,0,0,0,0,0,0,0,0,1,1,0,1,0,0,0,0,0,0,0,0,0,0,0,1,0,0,0,0,0,0,0,0,0,0,0,0,0,0,0,0,1,0,0,0,0,0,0,1,0,0,0,0,0,0,0,0,0,1,1,0,0,0,0,0,0,0,0,0,0,0,1,2,0,0,0,0,0,0,0,1,0,0,0,0,0,0,0,0,0,2,0,0,0,0,0,0,0,0,0,0,0,0,0,0,0,0,0,0,0,0,1,0,1,0,0,0,0,0,0,2,0,0,1,1,0,0,0,0,0,0,0,0,0,0,0,1,1,0,0,0,0,0,0,0,0,0,1,0,0,0,0,0,0,0,0,0,0,0,0,0,1,0,0,0,0,0,0,0,0,0,0,0,0,0,0,0,0,0,0,0,0,0,0,0,0,0,0,0,0,0,0,0,0,0,0,0,0,0,0,0,0,0,0,0,0,0,0,0,0,0,0,0,0,0,0,0,0,0,0,0,0,0,0,1,0,0,0,0,0,0,0,0,0,0,0,0,0,0,0,0,0,0,0,0,0,0,0,0,0,0,0,0,0,0,0,0,1,1,0,0,0,0,0,0,0,0,0,0,0,0,0,0,0,0,1,0,0,0,0,0,0,0,0,0,0,0,0,0
Nthl1,0,1,1,0,0,2,0,1,1,0,0,0,0,0,0,0,0,0,0,0,0,0,0,0,0,0,0,0,0,0,0,0,1,0,0,0,0,0,0,0,0,0,0,0,0,1,0,0,0,1,0,0,0,0,0,0,0,0,0,0,0,0,0,0,0,0,0,0,0,0,0,0,0,1,0,0,1,0,0,0,1,0,0,0,0,0,0,0,0,0,0,0,0,0,0,0,0,0,0,0,0,0,0,0,0,0,0,0,0,0,1,0,0,0,0,0,0,0,0,1,0,0,0,0,0,0,0,0,0,0,0,0,0,0,0,0,0,2,0,0,0,0,0,0,0,0,0,0,0,0,0,0,0,0,0,0,0,0,0,0,1,0,0,0,0,0,0,0,0,0,0,0,0,0,0,0,0,0,0,0,0,0,0,0,0,0,0,0,0,0,0,0,0,0,0,1,0,0,0,0,0,0,0,0,0,1,0,0,0,0,0,0,0,0,0,0,0,0,0,0,0,0,0,0,0,1,0,1,0,0,0,0,0,1,0,0,0,0,0,0,0,0,0,0,0,0,0,0,0,0,0,0,0,0,0,0,0,0,0,0,0,0,0,0,0,0,0,0,0,0,0,0,0,0,0,1,0,0,0,0,0,0,0,0,0,0,0,0,0,0,1,0,0,0,0,0,0,0,0,0,0,0,0,0,0,0,0,0,0,0,0,0,0,0,0,0,0,0,0,0,0,0,0,1,0,0,0,0,0,0,0,0,0,0,0,0,0,0,0,0,0,0,0,0,0,0,0,0,0,0,0,0,0,0,0,0,0,0,0,0,0,0,0,0,0,1,0,0,0,0,0,0,0,0,0,0,0,0,0,0,0,0,0,0,1,0,0,0,0,0,0,0,0,0,0,0,0,0
Neil3,0,0,0,0,0,1,0,0,0,0,0,0,0,0,0,0,0,0,0,0,0,0,0,0,0,0,1,0,0,0,0,0,0,0,0,0,0,0,0,0,0,0,0,0,0,0,0,1,0,0,0,0,0,0,0,0,0,0,0,0,0,0,0,1,0,0,0,0,0,0,0,0,0,0,0,0,0,0,1,0,0,0,0,0,0,0,0,0,0,0,0,0,0,0,0,0,0,1,0,0,0,0,0,0,0,0,0,0,0,0,0,0,0,0,0,0,0,0,0,0,0,0,0,0,0,0,0,0,0,1,0,0,0,0,0,0,0,0,0,0,0,0,0,0,0,0,0,0,0,1,0,0,0,0,0,0,0,0,0,0,0,0,0,0,0,0,0,0,0,0,0,0,0,0,0,0,0,0,0,0,0,0,0,0,0,0,0,0,0,0,1,0,0,0,0,0,0,0,0,0,0,0,0,0,1,0,0,0,0,0,0,0,0,0,0,0,0,0,0,0,0,0,0,0,0,0,0,0,0,0,0,0,0,0,0,0,0,1,0,0,0,0,0,0,0,0,0,0,0,0,0,0,0,0,1,0,0,0,0,0,0,0,0,0,0,0,0,0,0,0,0,0,0,0,0,0,0,0,0,0,0,0,0,0,0,0,0,0,0,0,0,1,0,0,0,0,0,0,0,0,0,0,1,0,0,0,0,0,0,0,0,0,0,0,0,0,0,0,0,0,0,0,0,0,0,1,0,0,0,0,0,0,0,0,0,0,0,0,0,0,0,0,1,0,0,0,0,0,0,0,0,0,0,0,0,0,0,0,0,0,0,0,0,0,0,0,0,0,0,0,0,0,0,0,0,0,0,0,0,0,0,0,0,0,0,0,0,0,0,0,0,0,0,0,0,0,0,0
Dse,0,0,0,0,0,0,0,0,0,0,0,0,0,0,0,0,0,0,0,0,0,0,0,0,1,0,0,0,0,0,0,0,0,0,0,0,1,0,0,0,0,0,0,0,0,0,0,1,0,0,0,0,0,0,0,0,1,0,1,0,0,0,0,0,0,1,0,0,0,0,0,0,0,0,0,0,0,0,0,0,0,0,0,0,0,0,0,0,0,0,0,0,0,0,0,0,0,0,0,0,0,0,0,0,0,0,0,0,0,0,0,0,0,0,0,1,0,0,0,0,0,0,0,0,1,0,0,0,0,0,0,0,0,0,0,0,0,0,0,0,0,0,0,0,0,0,0,0,0,0,0,0,0,0,0,0,0,0,0,0,0,0,1,0,0,0,0,0,0,0,0,0,0,0,0,0,0,0,0,0,0,0,0,0,0,0,0,0,0,0,0,0,0,0,0,0,0,0,0,0,0,0,1,0,0,0,0,0,0,0,0,0,0,0,0,0,0,0,0,0,1,0,0,0,0,0,0,0,0,0,0,0,0,0,0,0,0,0,0,0,0,0,0,0,0,0,0,0,0,0,0,0,0,0,0,0,0,0,0,0,0,0,0,0,0,0,0,0,0,0,0,0,0,0,0,0,0,0,0,0,1,0,0,0,0,0,0,0,0,0,0,0,0,0,0,0,1,0,0,0,0,0,0,0,0,0,0,0,0,1,0,0,0,0,0,0,0,0,0,0,0,0,0,0,0,0,0,0,0,0,0,0,0,0,0,0,0,0,0,0,0,0,0,0,0,0,0,0,0,0,0,0,0,0,0,0,0,0,0,0,0,0,0,0,0,0,0,0,0,0,0,0,0,0,0,0,0,0,0,0,0,0,0,0,0,0,0,0,0,0,0,0,0,0,0,0,0,0
Tbr1,2,4,2,2,0,11,0,5,1,3,2,0,7,4,4,2,1,1,1,0,0,0,0,1,0,7,2,4,1,5,7,14,1,0,0,0,2,1,1,4,2,1,0,1,0,3,0,0,2,4,12,2,2,4,1,0,1,0,3,0,0,1,0,0,3,0,0,0,0,0,0,0,2,0,2,0,0,0,2,1,0,1,0,0,0,0,0,0,0,0,0,0,1,1,1,0,0,0,0,0,0,0,0,1,0,0,1,0,1,1,0,1,1,0,0,0,0,0,0,0,1,0,0,3,3,0,0,0,0,0,0,2,0,0,0,0,1,1,0,0,0,0,1,3,1,3,0,0,1,1,1,0,0,1,0,1,3,2,3,0,3,1,0,2,2,4,0,6,8,0,0,5,2,1,0,0,2,3,2,0,2,0,0,4,0,0,0,5,1,1,2,1,0,0,1,1,0,0,1,1,0,5,1,2,4,4,1,2,0,0,1,1,0,0,1,1,0,0,1,0,0,0,0,1,0,1,1,0,0,2,1,0,2,3,1,1,0,0,2,1,1,2,0,1,3,0,0,1,0,1,1,0,0,0,0,0,1,0,0,1,5,1,0,2,0,0,0,0,0,0,1,1,0,0,1,3,2,0,0,3,1,0,0,2,0,1,3,2,0,1,2,0,1,0,0,0,1,0,0,3,0,0,0,0,0,0,0,1,0,2,0,0,0,0,0,0,0,0,0,0,0,0,0,1,0,1,0,1,0,3,1,4,0,0,0,2,0,1,1,0,0,0,2,3,1,1,0,0,0,3,0,0,0,0,2,0,1,1,0,3,1,0,3,1,0,2,0,0,0,0,0,0,0,0,0,0,0,1,1,0,0,3,0,0,1,1,0,2,0,1,0,0,1,0,0,1,0,0
Cpe,31,36,25,15,30,59,21,36,28,38,33,5,37,17,21,16,29,23,19,5,2,26,4,33,32,39,58,53,60,33,39,47,55,9,0,21,87,15,22,33,38,25,5,21,18,36,2,23,14,30,48,38,28,34,25,2,30,7,27,10,5,13,21,7,11,1,7,13,16,7,2,1,17,11,14,16,13,12,9,18,11,11,17,6,13,10,9,4,18,15,8,6,32,20,37,17,28,13,17,5,10,1,5,21,9,17,20,13,23,10,9,24,8,13,17,27,42,7,30,27,10,16,6,19,16,23,6,3,6,16,1,33,3,3,38,4,4,10,13,16,12,18,37,32,32,33,17,32,38,16,52,23,20,29,15,35,12,23,42,16,35,23,48,38,13,26,21,59,48,33,2,47,55,32,13,1,20,20,16,2,25,35,7,36,59,46,33,16,25,15,20,4,12,3,13,14,11,16,5,6,14,21,35,15,17,22,10,8,5,11,36,27,3,18,22,43,15,7,21,10,11,14,2,8,16,20,12,16,27,11,18,15,14,17,23,24,5,17,16,15,24,14,3,4,11,7,12,10,0,6,28,8,4,3,21,11,21,31,17,18,17,11,6,4,20,10,7,12,14,6,13,18,15,4,26,15,25,17,15,23,30,14,10,10,11,20,33,24,14,14,20,12,4,5,9,2,12,7,7,5,17,3,1,21,3,12,10,8,10,11,16,1,3,6,9,1,1,5,11,2,4,2,4,31,38,30,0,21,35,30,24,28,0,11,3,13,7,4,29,17,8,10,12,15,12,38,16,0,20,30,2,7,0,27,18,35,5,20,8,41,10,8,33,13,1,23,22,32,7,33,0,17,7,5,5,0,4,24,30,32,9,12,37,41,24,17,27,23,18,1,33,15,12,7,30,14,1,16
Anpep,0,0,0,0,0,0,0,0,0,0,0,0,0,0,0,0,0,0,0,0,0,0,0,0,0,0,0,0,0,0,0,0,0,0,0,0,0,0,0,0,0,0,0,0,0,0,0,0,0,0,0,0,0,0,0,0,0,0,0,0,0,0,0,0,0,0,0,0,1,0,0,0,0,0,0,0,0,0,0,0,0,0,0,0,1,0,0,0,0,0,0,0,0,0,0,0,0,0,0,0,0,0,0,0,0,0,0,0,0,0,0,0,0,0,0,0,0,0,0,0,0,0,0,0,0,0,0,0,0,0,0,0,0,0,0,0,0,0,0,0,0,0,0,0,0,0,0,0,1,0,0,0,0,1,0,0,0,0,0,0,0,0,0,0,0,0,0,0,0,0,0,0,0,1,0,0,0,0,0,0,0,0,0,0,0,0,0,0,0,0,0,0,0,0,1,0,0,0,0,0,0,0,0,0,0,0,0,0,0,0,0,0,0,0,0,0,0,0,0,0,0,0,0,0,0,0,0,0,0,0,0,0,0,0,0,0,0,0,0,0,0,0,1,0,0,0,0,0,0,0,0,0,0,0,0,0,0,0,0,0,0,0,0,0,0,0,0,0,0,0,0,1,0,0,0,0,0,0,0,0,0,0,0,0,0,0,0,0,0,0,0,2,0,0,0,0,0,0,0,0,0,0,0,0,0,0,0,0,0,0,0,0,0,0,0,0,0,0,0,0,0,0,0,0,0,0,0,0,0,0,0,0,0,0,0,0,0,0,0,0,0,0,0,0,0,0,0,0,0,0,0,0,0,0,0,0,0,0,0,0,0,0,0,0,0,0,0,0,0,0,0,0,0,0,0,0,0,0,0,0,0,0,0,0,0,0,0,0,0,0,0,0,0,0,0,0,0,0
Pold1,0,1,2,0,1,1,0,0,0,0,0,0,1,0,0,2,0,0,0,1,0,0,0,0,0,0,2,0,0,0,0,2,0,0,0,0,1,1,0,0,1,0,0,0,0,0,0,0,0,0,4,0,1,0,0,0,0,0,0,0,0,0,1,0,0,0,0,0,0,1,0,0,0,0,0,1,0,0,0,0,0,0,1,0,1,0,0,0,0,0,0,0,1,0,1,1,0,1,1,0,0,0,0,0,0,0,0,0,0,0,0,0,0,0,1,0,0,0,1,0,0,1,0,0,0,1,0,1,0,0,0,0,0,0,0,0,0,0,2,0,0,0,0,0,0,0,0,0,1,1,1,0,0,0,0,0,0,1,0,0,0,0,0,0,0,0,1,0,0,0,0,1,0,1,0,0,0,1,0,0,0,0,0,0,0,1,0,1,1,1,0,0,0,0,1,1,0,0,0,2,0,0,1,0,0,0,1,0,0,0,1,0,0,2,1,0,0,0,1,0,0,0,0,0,0,0,1,0,0,0,0,0,0,1,2,2,0,0,0,0,1,0,0,0,0,0,1,0,0,1,0,0,0,0,0,1,0,0,0,0,0,0,0,0,0,0,0,1,1,0,1,1,2,0,0,2,0,0,0,0,0,0,1,0,0,0,0,0,0,0,1,1,0,0,0,0,0,0,0,0,0,0,0,0,0,0,2,0,1,0,0,0,0,0,0,0,0,0,0,0,0,0,0,1,1,0,0,1,0,0,0,0,0,1,0,0,0,0,0,0,0,0,0,0,0,0,0,0,0,0,0,0,0,0,0,0,1,1,0,0,0,0,1,0,0,0,1,0,0,0,0,0,0,0,0,0,0,0,0,1,1,2,0,0,0,1,0,0,0,0,0,0,0,0,0,0,0,1
Apex1,0,0,0,0,0,0,2,1,1,0,0,0,1,0,1,0,0,0,1,0,0,0,0,0,0,0,0,1,0,0,0,0,0,0,0,0,0,0,0,1,1,0,0,0,0,0,0,1,0,0,1,0,0,0,0,0,0,0,0,0,0,0,0,0,0,0,0,0,0,0,0,0,0,0,0,1,0,1,0,0,0,0,1,0,0,0,0,0,0,0,0,0,0,0,1,1,0,1,0,0,0,0,0,0,0,0,0,0,0,0,0,1,0,0,0,0,0,0,0,0,0,0,0,0,1,0,0,0,0,0,0,0,0,0,0,0,0,1,0,0,0,0,0,0,0,0,0,1,0,1,0,0,0,0,0,0,0,0,0,0,0,0,0,0,0,0,0,0,2,1,0,0,0,0,0,0,1,0,0,0,0,1,0,0,0,0,0,0,1,0,1,0,1,0,0,0,0,0,0,0,0,0,0,0,1,0,0,0,0,0,0,0,0,0,1,0,0,0,0,0,0,0,0,0,0,0,0,0,0,0,1,0,0,0,0,0,0,1,0,0,0,0,0,0,0,1,0,0,0,0,0,0,0,0,0,0,0,0,0,0,0,0,0,0,0,0,0,0,0,0,0,0,0,0,0,0,0,0,0,0,0,0,0,0,0,0,0,0,0,0,0,0,0,0,0,0,1,0,0,0,0,0,0,0,0,0,0,0,0,0,0,0,0,0,0,0,0,0,0,0,0,0,0,0,1,1,0,0,0,0,0,0,0,1,0,0,0,0,0,0,0,0,1,0,0,0,0,0,0,0,0,0,0,1,0,0,0,0,0,0,0,0,1,0,0,0,0,0,0,0,0,0,0,0,0,0,0,0,1,0,0,0,0,0,0,0,1,0,0,0,0,1,0,0,0,0,0,0
Adra2c,1,0,0,0,0,3,0,1,0,1,1,0,1,2,0,0,0,0,0,0,0,0,0,1,0,2,0,0,0,0,0,0,1,0,0,0,0,0,0,0,0,0,0,0,0,1,0,0,0,0,1,0,0,4,1,0,2,0,0,0,0,0,0,0,1,0,0,1,0,0,0,0,1,0,0,0,0,0,1,0,0,1,0,1,0,1,0,0,0,0,0,0,0,0,1,0,1,0,0,0,0,0,0,0,0,1,0,0,0,0,0,0,0,0,0,0,0,0,1,2,1,1,0,0,1,0,0,0,0,0,0,0,0,0,1,0,0,0,0,0,0,2,0,0,0,0,0,0,0,0,0,0,1,1,0,0,0,0,0,0,0,0,0,1,0,2,0,0,0,0,0,1,1,0,0,0,0,0,0,0,0,0,0,1,0,0,0,0,1,0,0,0,0,0,0,1,0,0,0,0,0,0,0,0,0,0,0,0,0,0,0,0,0,0,0,0,0,0,1,0,0,0,0,0,1,1,0,0,0,0,0,0,0,1,1,0,0,0,0,0,0,0,0,0,0,0,0,0,0,0,0,0,0,0,0,1,0,0,0,2,0,0,0,0,1,1,0,0,0,0,0,2,0,0,0,0,1,0,0,3,1,0,0,0,0,3,1,0,2,1,1,0,1,0,1,0,0,0,0,2,0,0,0,0,0,0,0,0,0,0,0,0,0,0,0,0,0,0,0,1,0,0,0,0,0,0,0,0,2,0,0,1,0,0,0,0,0,0,2,0,0,0,0,0,0,0,0,0,0,0,0,0,0,0,0,0,0,1,0,0,0,0,0,0,0,0,0,2,0,0,0,0,0,0,0,0,0,0,0,0,0,0,0,0,0,0,0,0,0,0,0,0,0,1,0,1,0,0
Cltb,3,3,3,2,1,4,1,9,1,1,1,0,3,3,0,0,3,0,2,0,0,0,0,2,1,2,2,1,2,0,1,3,2,0,0,1,0,0,1,2,3,1,0,0,1,1,0,0,0,2,2,7,2,3,1,0,3,0,1,0,0,2,1,1,1,1,1,1,2,0,0,0,1,1,1,0,1,1,0,1,1,4,2,2,0,0,0,0,0,1,0,3,1,0,3,1,0,1,1,0,0,0,1,0,0,3,2,0,2,3,0,1,1,0,1,3,3,0,3,4,4,1,0,2,4,1,0,0,0,4,0,1,1,0,1,0,0,2,1,0,0,2,1,3,0,2,1,2,2,1,3,2,4,0,1,3,0,3,2,2,2,0,3,4,1,5,0,3,4,4,0,2,2,0,1,0,8,0,2,0,0,2,2,2,1,3,0,3,3,2,0,0,1,0,0,1,4,1,1,3,1,8,6,2,2,6,2,1,0,2,9,4,0,3,0,4,3,0,5,0,0,0,0,0,0,2,3,0,0,2,1,0,2,5,3,1,0,4,1,3,2,1,0,0,2,1,2,2,0,0,1,0,1,0,1,0,1,1,0,2,6,1,0,1,1,1,1,6,2,0,4,1,0,0,5,2,0,2,0,1,0,1,0,2,2,1,1,4,0,1,3,4,1,0,4,0,1,0,2,0,0,0,2,2,0,1,4,2,0,1,0,0,1,0,0,0,2,1,1,1,1,0,0,2,2,2,0,2,3,3,0,1,1,0,0,0,1,1,2,0,0,3,2,3,3,3,0,0,1,3,1,0,0,1,1,1,2,3,0,2,0,1,2,2,0,2,1,3,2,0,0,4,2,0,0,0,0,2,0,4,0,0,2,0,1,6,0,1,2,0,0,3,1,0,0,2,1,0
Ccn3,1,1,2,1,0,1,0,0,1,0,0,0,0,2,0,0,0,0,0,0,0,0,0,1,1,0,2,0,0,0,1,4,0,0,0,0,0,0,0,0,3,0,0,0,0,0,0,0,0,1,1,0,0,2,0,0,0,0,0,0,0,1,0,0,0,0,0,0,0,0,0,0,0,0,0,0,0,0,0,0,0,0,1,0,0,0,0,0,0,0,0,0,1,0,0,0,0,0,0,0,0,0,0,0,0,1,0,0,0,2,0,0,0,0,0,0,0,0,2,0,0,0,0,1,1,0,0,0,0,0,0,0,0,0,0,0,0,0,0,0,1,0,1,0,0,1,0,0,0,0,0,0,0,2,0,0,0,0,2,0,0,1,2,0,0,0,0,0,2,0,0,0,1,0,0,0,0,0,1,0,0,1,0,1,1,0,0,0,0,0,0,0,2,0,0,1,1,1,0,0,0,0,0,0,1,0,0,0,0,2,9,0,0,0,0,0,0,0,0,0,0,0,0,0,1,0,0,1,0,0,1,0,0,0,1,1,0,1,0,0,0,1,0,1,1,0,0,0,0,0,0,0,0,0,0,0,2,0,0,0,3,0,0,0,0,1,0,2,0,0,2,0,0,0,4,0,1,0,0,0,1,0,0,0,0,0,1,1,0,2,0,0,0,0,0,0,0,0,1,0,0,1,0,1,0,0,0,0,0,0,1,0,0,0,0,0,0,0,0,0,0,0,0,1,1,0,0,4,1,0,0,0,0,0,0,0,0,0,0,0,0,0,0,0,0,0,0,0,0,0,0,0,0,0,0,0,1,0,0,0,0,0,3,0,0,1,1,1,1,0,0,1,0,0,0,0,0,0,0,0,0,0,0,0,0,0,0,0,1,0,0,0,1,0,0,0,0,0
Sema5b,0,0,0,0,0,2,0,0,0,0,0,0,1,0,0,0,1,1,0,0,0,1,0,0,0,0,1,0,1,0,2,4,0,0,0,0,0,0,0,0,0,0,0,1,0,0,0,0,0,4,1,0,2,0,1,0,0,0,0,0,0,0,0,1,1,0,0,0,0,1,0,0,0,0,0,0,0,0,0,0,1,0,0,1,0,0,1,0,1,0,0,0,0,0,0,0,0,0,0,0,0,0,0,0,0,1,1,1,0,0,0,1,0,0,0,0,0,0,0,0,0,0,0,0,0,1,0,0,0,0,0,0,0,0,0,0,0,0,0,0,0,1,0,0,0,2,0,0,0,0,3,1,0,0,0,0,0,0,1,0,1,0,0,0,0,0,0,0,0,0,0,0,0,1,0,0,0,1,0,0,0,0,0,1,0,0,0,0,0,1,0,0,0,0,0,0,0,0,0,0,0,0,0,0,0,0,0,0,0,0,0,0,0,0,0,2,0,0,0,0,0,0,0,0,1,0,0,0,0,0,1,0,0,0,0,1,0,0,0,0,0,0,0,0,0,0,0,0,0,0,0,0,0,0,0,0,0,0,0,0,0,0,0,0,1,0,0,0,0,0,0,0,0,0,0,0,0,0,0,0,0,0,0,0,0,1,0,0,0,0,0,0,0,0,0,0,0,0,0,0,1,0,0,0,0,0,0,0,0,0,0,0,0,0,0,0,0,0,0,0,0,0,0,0,0,0,0,0,0,0,0,0,0,0,0,0,0,0,0,0,0,0,0,0,1,0,0,0,0,0,0,0,0,0,0,0,0,0,0,0,0,0,0,0,0,1,0,2,0,0,0,0,0,0,0,0,1,0,0,1,0,0,1,0,0,0,0,2,0,0,0,0,0,0,1,0,0,0
Tle4,3,5,7,2,0,5,7,6,0,6,4,0,10,3,0,2,1,2,0,0,0,1,0,1,3,6,10,2,3,4,1,4,3,0,2,0,6,0,2,8,4,0,1,0,2,7,0,4,1,10,11,6,8,8,0,0,8,1,0,1,0,0,1,1,1,1,1,3,0,1,0,0,4,0,0,3,4,2,1,1,1,4,1,0,0,0,2,1,0,1,0,0,3,2,1,1,2,0,4,0,0,1,0,4,1,2,1,0,0,1,1,1,5,0,2,1,2,1,3,4,1,3,2,2,2,1,2,0,2,3,1,3,1,0,0,0,1,2,0,0,1,2,3,5,1,3,2,3,2,2,0,5,3,3,1,4,0,5,2,0,6,1,1,4,0,8,1,0,7,1,0,5,2,4,1,0,0,2,4,0,6,4,0,3,4,1,3,1,4,1,2,0,0,0,5,2,1,3,0,1,2,2,2,2,3,3,0,2,0,1,5,4,0,1,2,2,5,0,1,0,3,0,0,1,4,1,3,4,0,1,3,0,2,8,5,3,1,5,0,2,5,3,0,1,0,4,3,1,0,0,0,1,0,0,1,2,0,0,3,0,2,1,0,0,0,2,0,0,1,0,6,2,0,1,5,0,5,4,0,1,0,1,0,1,2,1,1,6,1,0,1,0,0,1,0,0,2,1,0,0,0,1,0,3,0,0,1,1,0,0,2,0,0,0,1,0,1,3,1,0,0,0,0,1,7,2,1,3,1,3,0,5,0,2,1,3,0,0,0,1,1,1,2,1,1,5,0,0,5,2,0,3,0,9,3,2,0,1,0,4,2,1,1,2,1,1,1,1,0,0,0,2,1,1,0,0,0,2,1,2,0,1,2,1,0,4,0,0,0,4,1,0,3,0,0,0,0,0
B3galt6,0,1,1,0,0,1,0,0,0,1,0,0,1,0,0,1,0,0,0,0,0,0,0,0,0,1,0,0,0,0,0,1,1,0,0,0,0,0,0,0,1,2,0,0,0,1,0,0,0,0,2,0,0,0,0,0,0,0,0,1,0,0,0,0,1,0,0,0,0,0,0,0,0,0,0,1,0,2,0,0,0,0,0,0,0,0,0,0,0,0,0,0,1,0,1,0,0,0,0,0,0,0,0,0,0,0,0,0,0,0,0,0,0,0,0,0,0,1,2,1,0,0,0,0,1,0,0,0,0,0,0,0,0,0,0,0,0,1,0,0,1,0,0,0,0,0,0,0,0,0,0,0,0,0,0,0,0,0,0,0,1,0,0,1,0,0,1,0,0,1,0,0,0,0,0,0,2,0,0,0,1,0,1,0,0,0,0,0,1,0,0,0,0,0,0,0,0,0,0,0,0,0,0,1,0,0,1,0,0,0,0,1,0,0,2,0,1,0,0,0,0,0,0,0,0,0,0,0,0,0,0,0,0,1,0,0,0,0,0,0,0,0,0,0,0,0,0,0,0,0,0,0,0,0,1,0,1,0,0,0,0,0,0,0,0,1,1,0,0,0,1,0,1,0,1,0,0,2,0,0,0,0,0,0,1,2,1,0,0,0,1,0,0,1,0,0,0,0,1,0,0,0,0,0,0,0,0,0,0,0,0,1,0,0,0,0,1,0,0,1,0,0,0,0,0,0,1,0,1,0,0,0,0,0,0,0,0,0,1,0,0,0,0,0,1,0,0,0,0,0,0,0,0,0,0,0,1,0,0,0,0,0,0,0,0,0,0,0,0,0,0,0,0,0,0,0,0,1,1,1,0,0,1,0,0,1,0,0,0,0,0,0,2,0,0,0,0,1
Pthlh,0,0,0,0,0,0,0,0,1,0,0,0,0,0,0,0,0,0,0,0,0,0,0,0,0,1,0,0,0,0,0,0,0,0,0,0,0,0,0,0,0,0,0,0,0,0,0,1,0,0,0,0,0,0,0,0,0,0,0,0,0,0,0,1,0,0,0,0,0,0,0,0,0,0,0,0,0,0,0,0,0,0,0,0,0,0,0,0,0,0,0,0,0,0,0,0,0,0,0,0,0,0,0,0,0,0,0,0,0,0,0,0,0,0,0,0,0,0,0,0,0,0,0,0,0,0,0,0,0,0,0,0,0,0,0,0,0,0,0,0,0,0,0,0,0,0,0,0,0,0,0,1,0,0,0,0,0,0,0,0,0,0,0,0,0,0,0,0,0,1,0,0,0,0,0,0,0,0,0,0,0,0,0,0,0,0,0,0,0,0,0,0,0,0,0,0,0,0,0,0,0,0,0,0,0,0,0,0,0,0,0,0,0,0,0,0,0,0,1,0,0,0,0,0,1,0,0,1,0,0,0,0,0,0,0,0,0,0,0,0,0,0,0,0,0,0,0,0,0,0,1,0,0,0,0,0,0,0,0,0,0,0,0,0,0,0,0,0,0,0,0,0,0,0,0,0,0,0,0,0,0,0,0,0,0,0,0,0,0,0,0,0,0,0,0,0,0,0,0,0,0,0,0,0,0,0,0,0,0,0,0,0,0,0,0,0,0,0,0,0,0,0,0,0,1,0,0,0,0,0,0,0,0,0,0,0,0,0,0,0,0,0,0,0,0,0,0,0,0,0,0,0,0,0,0,0,0,0,0,1,0,0,0,0,0,0,0,0,0,0,0,0,0,0,0,0,0,0,0,0,0,0,0,0,0,0,0,0,0,0,0,0,0,0,0,0,0,0
Chst9,0,0,0,0,0,0,0,0,0,0,0,0,0,0,0,0,0,0,0,0,0,0,0,0,0,0,0,1,0,0,0,0,1,0,0,0,0,0,0,0,0,0,0,0,0,0,0,0,0,0,0,0,0,0,0,0,0,0,0,0,0,0,0,0,0,0,0,0,0,0,0,0,0,0,0,0,0,0,0,0,0,0,0,0,0,0,0,0,0,0,0,0,0,0,0,0,0,0,0,0,0,0,0,0,0,0,0,0,0,0,0,0,0,0,0,0,0,0,0,0,0,0,0,0,0,0,0,1,0,0,0,0,0,0,0,0,0,0,0,0,0,0,0,0,0,0,0,0,0,2,0,0,0,0,0,0,0,0,0,0,0,0,0,0,0,0,0,0,0,0,0,0,0,0,0,0,0,0,1,0,0,0,0,0,0,0,0,1,0,0,0,0,0,0,1,0,0,0,0,0,0,0,0,0,0,0,0,0,0,0,0,0,0,0,0,0,0,0,0,0,0,0,1,0,0,0,0,0,0,0,0,0,0,0,0,0,0,1,0,0,0,0,0,0,0,0,0,0,0,0,0,0,0,0,0,0,0,0,0,0,0,0,0,0,0,0,0,0,0,0,0,0,0,0,0,0,1,0,0,0,0,0,0,0,0,0,0,0,0,0,0,0,0,0,0,0,0,0,0,0,0,0,0,0,0,0,0,0,0,0,0,0,0,0,0,0,0,0,0,0,0,0,0,0,0,0,0,0,0,0,0,0,0,0,0,0,0,0,0,0,0,0,0,0,0,0,0,0,0,0,0,0,0,0,0,0,0,0,0,0,0,0,0,0,0,0,0,0,0,0,0,0,0,0,0,0,0,0,0,0,0,0,0,0,0,0,0,0,0,0,0,0,0,0,0,0,0,0
Hs3st1,0,2,0,1,1,1,0,0,0,0,0,0,0,0,0,0,0,0,0,0,0,0,0,1,0,1,0,0,0,0,0,1,0,0,0,1,0,0,0,2,0,0,0,1,0,0,0,0,0,0,0,0,1,1,0,0,1,0,0,0,0,0,0,0,0,0,0,0,0,0,0,0,0,0,0,1,0,0,0,0,0,0,0,0,0,0,0,0,0,0,0,0,0,0,0,0,0,0,1,0,0,0,0,0,0,0,0,0,0,0,1,0,0,0,0,0,1,0,0,1,0,0,0,0,1,0,0,0,0,1,0,0,0,0,0,0,0,0,0,0,0,0,0,0,0,1,1,0,0,0,0,0,0,0,0,0,0,0,1,0,3,0,0,0,0,0,0,0,0,0,0,0,2,1,0,0,0,0,0,0,0,1,0,1,0,0,1,1,0,0,0,0,0,0,0,0,0,0,0,5,0,3,1,0,0,0,0,1,0,0,1,0,0,0,0,1,0,0,0,0,0,0,0,0,0,0,0,0,0,0,0,0,0,0,0,0,0,0,0,0,1,0,0,0,0,0,1,0,0,0,1,0,0,0,0,0,0,0,0,1,1,0,0,0,0,0,0,0,0,0,0,0,0,0,0,0,0,0,0,1,0,0,0,2,0,0,0,0,2,0,0,0,0,0,0,0,0,0,0,0,1,0,0,1,0,0,0,0,0,0,0,0,0,0,0,0,1,0,0,0,0,0,0,0,0,1,0,0,0,0,0,1,0,0,0,0,0,0,1,1,0,0,0,0,0,0,0,0,0,0,0,0,0,0,0,0,0,0,0,0,0,0,1,0,0,0,0,0,0,0,0,0,0,0,0,0,0,1,0,0,0,1,0,0,1,0,0,0,0,0,0,0,0,0,1,0,0,0
Oxtr,0,0,1,0,0,0,0,0,0,0,0,0,1,0,0,0,0,0,0,0,0,0,0,0,0,0,0,1,0,0,0,0,0,0,0,0,1,0,0,0,0,0,0,1,0,0,0,0,0,0,2,1,0,1,0,0,0,0,0,0,0,0,0,0,0,0,0,0,0,0,0,0,0,0,0,0,0,0,0,0,0,0,0,0,0,0,1,0,0,0,0,0,0,0,0,0,0,0,0,0,0,0,0,0,0,0,0,0,0,0,0,0,0,0,0,0,0,0,1,0,0,0,0,0,0,0,0,0,0,0,0,0,0,0,0,0,0,0,0,0,0,0,0,0,0,0,0,1,1,0,0,0,1,0,0,0,0,0,1,0,0,0,0,0,0,0,0,0,0,0,0,0,0,0,0,0,0,0,0,0,0,0,0,0,0,0,0,0,0,0,0,0,0,0,0,0,0,0,0,0,0,0,0,0,0,0,0,0,0,0,0,1,1,1,0,0,1,0,0,0,0,0,0,0,0,1,0,0,0,0,1,0,0,1,0,0,0,0,0,0,0,0,0,0,0,0,0,0,0,0,0,0,0,0,0,0,0,0,0,0,0,0,0,0,0,0,0,0,0,0,0,0,0,0,0,0,0,0,0,0,0,0,0,0,1,0,0,0,0,0,0,0,0,0,0,0,0,0,0,0,0,0,0,0,0,0,0,0,0,0,0,0,0,0,1,0,0,0,0,0,0,0,0,0,0,0,0,0,0,0,0,0,0,0,0,1,0,0,0,0,0,0,0,0,0,0,0,0,0,0,0,0,0,0,0,0,0,0,0,0,0,0,0,0,0,0,1,0,0,0,0,0,0,0,0,0,0,0,0,0,0,0,0,0,0,0,0,0,0,0,0,0,1,0,0,0,0,0
Ercc8,0,0,0,3,2,1,0,0,0,0,0,0,0,0,0,2,0,0,1,0,0,0,0,0,0,0,0,0,1,0,2,0,0,0,0,0,2,0,0,0,0,0,2,0,0,0,0,0,0,0,1,0,1,1,0,0,1,0,0,0,0,0,0,0,0,0,0,0,0,0,0,0,0,0,1,0,0,0,0,0,0,0,0,0,0,0,0,0,0,0,0,0,0,0,0,0,0,0,0,0,0,0,0,0,0,0,0,0,0,0,0,0,0,0,0,0,1,0,0,1,0,0,0,0,0,0,0,0,0,0,0,0,0,0,0,0,1,0,0,0,0,1,0,0,0,0,0,0,0,1,0,2,0,0,0,0,0,0,0,0,0,0,0,1,0,0,1,0,0,0,0,0,0,0,0,0,0,0,0,0,0,1,0,1,1,1,0,0,0,0,0,0,0,0,1,0,0,1,0,3,0,1,0,0,1,0,0,0,0,0,0,0,0,0,0,0,0,0,0,0,0,0,0,0,0,0,0,0,0,0,0,0,0,1,0,0,0,0,0,0,0,0,0,0,0,0,0,0,0,0,0,0,0,0,1,0,0,0,0,0,1,0,0,0,0,0,0,0,0,0,0,0,0,0,0,0,0,0,0,0,0,0,0,0,0,0,0,0,0,0,0,0,0,0,0,0,0,0,0,0,0,0,0,1,0,0,0,0,0,0,0,0,0,0,0,0,0,0,0,0,0,0,0,1,1,0,0,0,0,1,0,0,0,1,0,0,0,0,0,0,0,0,0,1,0,0,0,0,0,0,0,0,0,0,0,0,1,0,0,0,0,0,0,0,0,0,1,0,1,0,0,0,0,0,0,0,0,0,0,0,0,0,0,0,0,1,0,0,1,0,0,0,0,0,0,1,0,0
Gabra3,1,3,1,1,0,6,0,2,0,2,0,0,0,0,0,0,1,0,0,0,0,0,0,0,1,1,2,1,0,1,0,3,0,0,0,1,0,0,0,1,4,0,0,0,0,1,0,1,0,1,1,2,4,1,2,0,1,0,1,0,0,0,0,0,2,1,2,1,0,2,0,0,0,0,0,2,0,0,0,1,0,0,0,1,0,0,0,0,0,0,0,2,2,1,1,1,0,0,1,0,0,1,1,0,0,1,0,0,0,0,0,2,0,0,0,0,3,3,1,2,0,2,0,0,4,1,0,1,0,1,0,0,0,0,0,0,0,0,3,2,1,1,1,0,2,0,0,1,1,2,1,4,0,1,0,0,1,2,3,0,2,4,0,1,1,2,0,3,2,3,0,0,3,2,1,0,0,1,1,0,1,2,1,6,2,2,1,3,0,1,2,0,0,0,0,0,0,0,0,0,1,3,1,4,3,3,0,2,0,2,7,1,0,0,1,0,0,0,1,0,0,2,0,0,1,0,0,1,0,0,0,0,1,3,0,2,0,1,1,1,1,1,0,0,2,0,0,0,0,1,1,0,0,0,0,2,0,0,0,1,0,0,0,1,0,2,0,2,0,0,1,1,0,0,0,0,0,1,0,3,1,0,0,0,0,1,1,1,1,0,2,0,2,0,0,0,0,0,1,0,0,0,0,1,0,0,0,0,0,0,0,0,1,0,0,0,0,0,0,0,0,0,0,1,1,2,0,4,2,2,1,1,0,0,0,1,0,0,0,1,0,0,0,0,0,0,0,0,0,0,0,2,0,0,1,0,0,0,0,1,0,0,3,0,0,0,0,1,1,0,0,1,1,0,0,0,0,1,1,2,1,0,0,0,0,1,0,0,0,3,0,0,2,0,0,0,0,0
Npas4,0,0,0,0,0,0,0,0,0,0,1,0,0,0,0,0,0,0,0,0,0,0,0,0,0,0,0,0,0,0,0,1,0,0,0,0,0,0,0,1,0,0,0,0,0,0,0,0,0,0,0,0,0,0,0,0,0,0,0,1,0,0,0,0,0,0,0,0,0,0,0,0,0,0,0,0,0,0,0,0,0,0,0,0,0,0,0,0,0,0,0,0,0,0,0,0,0,0,0,0,0,0,0,0,0,0,0,0,0,0,0,0,0,0,0,0,0,0,0,0,0,0,0,0,0,0,0,0,0,0,0,0,0,0,0,0,0,0,0,0,0,0,0,0,0,0,0,0,0,0,0,0,0,0,0,0,0,0,0,0,0,0,0,0,0,0,0,0,0,0,0,0,0,0,0,0,0,0,0,0,0,0,0,0,0,0,0,0,0,0,0,0,0,0,0,0,0,0,1,0,0,0,0,0,0,0,0,0,0,0,1,0,0,0,0,0,0,0,0,0,0,0,0,0,0,0,0,0,0,0,0,0,0,1,0,0,0,0,0,0,1,0,0,0,0,0,0,1,0,0,0,0,0,0,0,0,0,0,0,0,0,0,0,0,0,0,0,0,0,0,0,0,0,0,0,0,0,1,0,0,0,0,0,0,0,0,1,0,0,0,0,0,0,0,0,0,0,0,0,0,0,0,0,0,0,0,0,0,0,0,0,0,0,0,0,0,0,0,0,0,0,0,0,0,0,0,0,0,0,0,0,0,0,0,0,0,0,0,0,0,0,0,0,0,0,0,0,0,0,0,0,0,0,0,0,0,0,0,0,0,0,0,0,0,0,0,0,0,0,0,0,0,0,0,0,0,0,0,0,0,0,0,0,0,0,0,0,0,0,0,0,1,0,0,0,0,0,0
Oprd1,0,1,0,0,0,1,0,1,0,0,0,0,0,0,0,0,0,0,1,0,0,0,0,0,0,1,0,1,0,2,0,0,1,0,0,0,0,0,0,0,1,3,0,0,0,0,1,0,0,0,1,0,1,3,1,0,1,0,0,0,0,1,0,0,1,0,0,0,0,0,0,0,0,0,0,2,1,0,0,0,0,1,0,0,0,0,0,0,0,0,0,0,0,0,0,1,0,0,0,0,0,1,0,0,0,0,0,0,1,1,0,0,0,0,0,0,1,0,0,0,0,1,0,0,0,0,0,0,0,0,0,0,0,0,0,0,0,1,0,0,0,0,0,0,0,0,0,0,1,1,0,0,0,0,0,0,0,0,0,1,2,0,1,0,0,0,1,0,0,0,0,0,0,0,0,0,0,0,0,0,0,2,1,0,1,0,0,0,1,0,1,0,0,0,0,0,0,0,0,0,0,1,0,0,0,2,0,0,0,0,0,2,0,0,0,0,1,0,0,0,0,0,0,0,0,0,0,1,0,0,0,0,0,0,3,0,0,0,0,0,0,0,0,0,0,1,0,0,0,0,0,0,0,0,0,0,0,0,0,1,1,0,0,0,0,0,0,0,0,0,0,1,0,0,0,0,0,0,0,2,0,0,0,0,0,0,0,0,0,0,0,0,0,0,0,0,0,0,0,0,0,0,0,1,0,0,1,0,0,1,0,0,1,0,0,0,0,0,0,0,0,0,0,0,0,0,0,0,0,1,0,0,0,0,0,0,0,0,0,0,0,0,0,0,1,0,0,0,0,0,0,1,0,0,0,0,0,0,0,1,0,0,0,0,0,1,0,0,0,0,0,0,0,0,0,0,0,0,0,1,0,0,1,0,0,1,0,1,0,0,0,0,0,0,0,0,0,0
Osr1,0,0,0,0,0,0,0,0,0,0,0,0,0,0,0,0,0,0,0,0,0,0,0,0,0,0,0,0,0,0,0,0,0,0,0,0,0,0,0,0,0,0,0,0,0,0,0,0,0,0,0,0,0,0,0,0,1,0,0,0,0,0,0,0,0,0,0,0,0,0,0,0,0,0,0,0,0,0,0,0,0,0,0,0,0,0,0,0,0,0,0,0,0,0,0,0,0,0,0,0,0,0,0,0,0,0,0,0,0,0,0,0,0,0,0,0,0,0,0,0,0,1,0,0,0,0,0,0,0,0,0,0,0,0,0,0,0,0,0,0,0,0,0,0,0,0,0,0,0,0,0,0,0,0,0,0,0,0,0,0,0,0,0,0,0,0,0,0,0,0,0,0,0,0,0,0,0,1,0,0,0,0,0,0,0,0,0,0,0,0,0,0,0,0,0,0,0,0,0,0,0,0,0,0,0,0,0,0,0,0,0,0,0,0,0,0,0,0,1,0,0,0,0,0,0,0,0,0,0,0,0,0,0,0,0,0,0,0,0,0,0,0,0,0,0,0,0,0,0,0,0,0,0,0,0,0,0,0,0,0,0,0,0,0,0,0,0,0,0,0,0,0,0,0,0,0,0,0,0,0,1,0,0,0,0,0,0,0,0,0,1,0,0,0,0,0,0,0,0,0,0,0,0,1,0,0,0,0,0,0,0,0,0,0,0,0,0,0,0,0,0,0,0,0,0,0,0,0,0,0,0,0,0,0,0,0,0,0,0,0,0,0,0,0,0,0,0,0,0,0,0,0,0,0,0,0,0,0,0,0,0,0,0,0,0,0,0,0,0,0,0,0,0,0,0,0,0,0,0,0,0,0,0,0,0,0,0,0,0,0,0,0,0,0,0,0,0,1
Gpr101,0,0,0,0,0,0,0,1,0,0,1,0,0,0,0,0,0,0,0,0,0,0,0,0,0,0,0,0,0,0,0,0,0,0,0,0,0,0,0,0,0,0,0,0,0,0,0,0,0,0,0,1,0,0,0,0,1,0,0,0,0,0,0,0,0,0,0,0,0,0,0,0,0,0,0,0,0,0,0,0,0,0,0,0,0,0,0,0,0,0,0,0,1,0,0,0,0,0,1,0,0,0,0,0,0,0,0,0,0,0,0,0,0,0,0,0,0,0,0,0,0,0,0,0,0,0,0,0,0,0,0,0,0,0,0,0,0,0,0,0,0,0,0,0,1,0,1,0,0,0,0,0,0,0,0,0,0,0,0,0,0,0,0,0,0,0,0,0,0,0,0,0,0,0,0,0,0,0,1,0,0,0,0,0,0,0,0,0,0,0,0,0,0,0,0,0,0,0,0,0,0,0,0,1,0,0,0,0,0,0,1,0,0,0,0,0,0,0,0,0,0,0,0,0,0,0,0,0,0,0,0,0,0,0,0,0,0,0,0,0,0,0,0,0,0,0,0,0,0,0,0,0,0,0,0,1,0,0,0,0,1,0,0,0,0,0,0,0,0,0,0,0,0,0,0,0,0,0,0,0,0,0,0,0,1,0,0,0,0,0,0,0,0,0,0,0,0,0,0,0,0,0,0,0,0,0,0,0,0,0,0,0,0,0,0,0,0,0,0,0,0,0,0,0,0,0,0,0,0,0,0,0,0,0,0,0,0,0,0,0,0,0,0,0,0,0,0,0,0,0,0,0,0,0,0,0,0,0,0,0,0,0,1,0,0,0,0,0,0,0,0,0,0,0,0,0,0,0,0,0,0,0,0,0,0,0,0,0,0,0,0,0,0,0,0,0,0,0
Hs3st3a1,0,0,3,1,1,1,0,0,0,0,0,0,2,0,0,0,0,5,0,0,0,0,1,0,2,2,0,0,0,0,0,2,1,0,0,1,2,1,0,0,2,0,0,0,0,0,0,0,0,2,2,0,3,0,0,0,0,0,0,0,0,0,0,0,1,0,0,0,0,0,0,0,0,0,0,0,1,0,0,0,0,0,2,0,0,0,0,0,1,3,0,0,0,0,1,1,0,1,1,0,0,0,0,1,0,1,0,0,0,1,0,0,1,0,0,0,0,0,0,0,0,0,0,0,1,0,0,0,2,0,0,1,0,0,0,0,0,0,0,0,1,1,2,1,0,0,0,0,0,0,0,0,0,0,1,0,0,1,1,0,0,0,1,0,0,0,1,0,0,0,0,1,0,0,0,0,0,0,0,0,0,0,0,0,1,1,0,0,0,0,0,0,0,0,0,1,0,0,0,0,0,0,1,1,1,0,0,0,0,0,0,1,0,0,0,1,0,0,0,0,0,0,0,0,0,0,0,1,0,0,0,0,0,0,0,0,0,0,1,0,0,0,0,0,0,0,0,0,0,0,0,0,1,0,0,0,0,0,0,0,0,0,0,0,0,0,0,1,0,0,0,0,0,0,0,0,0,0,0,0,1,0,0,0,0,0,0,0,0,0,2,1,1,0,0,0,1,0,0,0,0,0,0,1,1,0,1,0,0,0,2,0,0,0,0,0,0,0,1,0,1,1,0,1,0,0,0,1,0,0,0,0,0,0,0,0,0,1,3,0,0,0,0,0,2,0,2,0,0,0,0,1,0,0,0,1,1,0,0,0,0,0,0,0,1,0,0,0,0,0,0,0,0,0,0,0,0,0,0,0,0,1,0,0,0,0,0,0,0,0,0,0,0,0,0,0,0,0
Glra2,0,0,0,0,0,0,0,0,0,0,0,0,0,0,0,0,0,0,0,0,0,0,0,0,0,0,0,0,0,0,0,1,0,0,0,0,1,0,0,0,0,0,0,0,0,0,0,0,0,2,0,0,0,1,0,0,0,0,0,0,0,0,0,0,0,0,0,0,1,0,0,0,1,0,0,0,0,0,0,0,0,0,0,0,0,0,0,0,0,0,0,0,0,1,0,0,0,0,0,0,0,0,0,0,0,0,0,0,0,0,0,0,0,0,1,0,0,0,0,0,0,0,0,0,0,0,0,0,0,0,0,0,0,0,0,0,0,0,0,0,0,0,0,0,0,0,0,0,0,0,0,0,0,0,0,0,0,0,0,0,0,0,0,0,0,0,0,1,2,0,0,0,0,0,0,0,0,0,0,0,0,0,0,0,0,0,0,0,0,0,0,0,0,1,0,0,0,0,0,0,0,0,0,0,0,0,0,0,0,0,0,0,0,0,0,2,1,0,0,0,0,0,0,0,0,0,0,0,0,0,0,0,0,3,0,0,0,0,0,0,0,0,0,0,0,0,0,0,0,0,0,0,0,0,0,0,0,0,0,0,0,0,0,0,0,0,0,0,0,0,0,0,0,0,0,0,0,0,0,0,0,0,0,0,0,0,0,0,0,0,0,0,0,0,0,0,0,0,0,0,0,0,0,0,0,0,0,0,0,0,0,0,0,0,0,0,0,0,0,0,0,0,0,0,0,0,0,0,0,0,0,0,0,0,0,0,0,0,0,0,1,0,0,0,0,0,0,0,0,0,0,0,0,0,0,1,0,0,0,0,0,0,0,0,0,0,0,0,0,0,0,0,0,1,0,0,0,0,0,0,0,0,0,0,0,1,0,0,0,0,0,0,0,0,0,0,0,0
Ldlrad3,0,1,2,0,0,0,0,0,0,1,0,0,0,0,0,0,0,0,0,0,0,0,0,1,1,0,1,0,1,0,2,1,1,0,0,0,1,0,0,2,1,0,0,1,0,1,0,0,0,3,2,2,1,0,0,0,1,1,0,0,0,0,0,1,0,0,0,0,0,0,0,0,0,0,0,1,1,1,0,1,0,0,0,1,1,0,0,0,0,0,0,0,0,0,0,0,0,0,0,0,0,0,0,0,0,0,0,0,0,0,0,0,0,0,0,0,0,0,0,0,0,0,0,0,0,0,0,0,0,0,0,0,0,0,0,0,0,0,0,0,0,2,1,0,0,0,0,0,0,1,1,0,0,0,0,0,0,0,0,0,0,0,0,1,0,0,0,0,0,0,0,1,1,3,0,0,0,0,0,0,0,0,0,0,1,1,0,0,0,1,0,0,1,0,1,0,0,0,0,0,0,0,0,0,0,0,2,0,0,3,0,0,0,0,0,0,0,0,0,0,0,0,0,0,0,0,0,0,0,2,0,0,0,1,0,1,0,1,1,0,0,0,0,0,1,1,1,0,0,0,0,0,1,0,2,0,0,1,0,0,0,0,0,0,0,0,0,0,0,0,0,0,0,1,1,0,0,0,0,0,0,1,0,0,0,0,0,0,0,0,0,0,1,0,0,0,0,0,0,0,1,0,0,0,0,0,0,0,0,0,0,0,0,0,0,0,0,0,0,0,0,0,0,0,0,1,0,0,0,1,0,0,0,0,0,0,0,0,2,1,0,0,0,1,0,0,0,0,0,0,0,0,0,0,1,1,0,0,0,1,0,0,0,0,0,0,0,1,0,0,0,1,0,1,0,0,0,2,0,0,0,1,0,3,1,1,0,0,0,0,0,0,0,0,0,0,0,0
Nxph3,0,2,0,0,0,6,0,0,0,1,0,0,2,0,0,0,1,3,0,0,0,1,0,0,0,0,0,0,0,12,5,7,0,0,0,0,7,1,0,0,0,0,0,3,0,0,0,0,1,8,1,1,0,0,0,0,0,0,0,0,0,0,2,0,0,0,1,0,0,0,0,0,2,0,1,0,0,0,0,1,1,2,1,0,0,0,0,0,0,0,0,0,0,0,0,0,0,1,0,0,0,0,1,0,0,0,1,2,0,1,0,0,1,0,2,0,0,1,4,0,0,2,0,0,1,1,0,0,0,1,0,0,0,0,0,0,0,0,0,0,0,1,0,1,0,1,0,0,0,0,0,0,0,0,0,0,0,0,0,1,0,0,0,0,0,2,0,2,2,0,0,4,1,0,0,0,0,0,0,0,1,0,0,0,0,0,0,0,1,0,0,0,0,0,0,0,2,4,0,0,0,0,2,0,0,1,0,0,0,0,1,0,0,2,0,0,0,0,0,0,0,0,0,0,2,0,0,0,0,0,1,0,0,6,0,0,0,0,2,0,3,2,0,0,2,3,1,0,0,0,1,1,1,0,1,0,0,0,0,0,0,0,1,0,1,2,1,2,4,0,2,0,0,1,1,0,0,0,0,0,0,0,0,0,0,0,0,0,0,0,0,0,0,0,0,0,0,0,0,0,0,0,0,0,0,0,2,2,1,0,0,1,2,0,1,1,0,0,0,0,0,0,0,0,3,0,0,0,0,0,0,0,0,0,0,0,0,0,0,0,0,0,0,1,1,0,1,0,2,2,0,0,0,0,0,0,0,0,0,0,0,1,1,0,0,0,1,0,0,1,0,0,0,0,0,0,0,0,0,0,0,1,0,0,0,15,7,1,0,1,0,2,3,0,0,0,0,0
Lxn,2,3,11,0,1,7,2,2,1,2,0,0,3,0,1,1,4,0,1,0,0,1,1,2,1,1,3,1,1,1,2,1,0,0,0,0,6,2,0,1,0,0,0,1,1,4,0,0,1,1,9,4,4,1,0,0,2,0,0,0,0,1,1,0,0,0,0,0,1,1,0,0,2,0,1,0,2,1,1,0,1,0,2,0,1,0,0,0,0,1,0,0,1,1,0,0,1,1,0,0,1,0,0,0,0,0,0,1,0,0,0,0,0,0,0,0,3,0,0,2,0,0,0,0,2,1,0,0,0,1,0,2,1,0,0,0,0,0,2,1,2,1,0,2,0,1,0,2,1,0,0,2,1,0,0,1,0,2,4,2,2,1,3,3,1,2,0,4,1,0,0,3,3,3,0,0,1,1,1,1,1,0,0,2,1,5,0,0,0,2,0,0,0,0,1,2,2,0,0,1,0,0,1,3,1,1,0,1,0,2,1,0,0,0,1,1,0,0,0,0,1,1,0,0,0,0,1,1,2,0,0,1,0,0,1,0,1,0,1,1,4,0,0,1,2,2,3,2,0,0,0,2,0,1,1,1,0,0,1,1,3,1,0,0,2,0,1,0,1,0,0,0,0,0,0,1,0,2,0,0,2,0,0,1,0,1,0,1,0,1,1,1,0,0,0,0,0,0,0,0,2,0,0,2,1,1,0,0,1,0,0,1,0,0,0,0,0,2,1,0,0,0,0,2,3,3,0,2,2,1,0,2,0,0,0,0,0,0,2,0,1,1,2,0,0,1,3,0,1,0,0,1,0,0,3,1,0,0,0,1,4,0,2,0,0,0,2,1,0,2,0,0,0,0,0,0,0,2,1,0,0,1,1,0,1,1,0,2,1,1,0,0,0,0,2,1,1,0
Npsr1,0,0,0,0,0,0,0,0,0,0,0,0,0,0,0,0,0,0,0,0,0,0,0,0,0,0,0,0,0,0,0,0,0,0,0,0,0,0,0,0,0,0,0,0,0,0,0,0,0,0,0,0,0,0,0,0,0,0,0,0,0,0,0,0,0,0,0,0,0,0,0,0,0,0,0,0,0,0,0,0,0,0,0,0,0,0,0,0,0,0,0,0,0,0,0,0,0,0,0,0,0,0,0,0,0,0,0,0,0,0,0,0,0,0,0,0,0,0,0,0,0,0,0,0,0,0,0,0,0,0,0,0,0,0,0,1,0,0,0,0,0,0,0,0,0,0,0,0,0,0,0,0,0,0,0,0,0,0,0,0,0,0,0,0,0,0,0,0,0,0,0,0,0,0,0,0,0,0,0,0,0,1,1,1,0,0,0,0,0,0,0,0,0,0,0,0,0,0,0,0,0,0,0,0,0,0,0,0,0,2,0,0,0,0,1,0,0,0,0,0,0,0,0,0,0,1,0,0,0,0,0,0,0,0,0,0,0,0,0,0,0,0,0,0,0,0,0,0,0,0,0,0,0,0,0,0,0,0,0,0,0,0,0,0,0,0,0,0,0,0,0,0,0,0,0,0,0,0,0,0,0,0,0,0,0,0,0,0,0,0,0,0,0,0,0,0,0,0,0,0,0,0,0,1,0,0,0,0,0,0,0,0,0,0,0,0,0,0,0,0,0,0,0,0,0,0,0,0,0,0,0,1,0,0,0,0,0,0,0,0,0,0,0,0,0,0,0,0,0,0,0,0,0,0,0,0,1,0,0,0,0,0,1,0,0,0,0,0,0,0,0,0,0,0,0,0,0,0,0,0,0,0,0,0,0,0,0,0,0,0,0,0,0,0,0,0,0,0
Cavin1,0,4,0,0,0,0,2,1,0,0,0,0,0,0,0,1,2,0,0,0,0,0,0,0,2,2,0,0,0,0,0,1,0,0,0,0,0,0,0,0,0,0,0,0,1,0,0,0,0,0,2,0,0,0,1,0,0,1,0,0,0,0,0,0,0,0,2,1,0,0,0,0,0,0,0,0,0,0,0,0,0,0,0,0,0,2,0,1,0,0,1,0,0,0,1,0,0,0,2,0,0,0,0,0,0,0,0,0,1,1,2,2,0,0,0,0,1,0,0,1,0,1,0,0,0,1,0,0,0,0,0,0,0,0,1,0,0,0,0,0,0,0,0,0,4,2,2,0,0,0,0,1,0,0,0,1,0,0,2,1,0,0,0,0,0,0,0,0,2,0,0,0,0,1,0,0,1,0,1,0,1,1,0,0,0,0,2,0,0,0,0,0,1,0,0,1,0,0,0,3,0,0,0,1,0,0,1,0,0,0,0,1,0,0,0,0,0,0,0,0,0,0,0,0,0,0,0,0,1,2,0,0,0,0,0,0,0,0,0,0,0,0,1,0,0,0,0,0,0,0,3,0,0,0,0,1,0,4,0,0,0,0,0,0,0,0,2,0,0,0,0,0,0,0,0,0,0,0,2,0,1,0,0,0,0,0,0,0,3,2,0,2,1,0,0,2,1,0,0,0,5,0,0,7,0,1,0,0,0,0,0,0,0,0,0,0,0,0,0,1,0,0,0,0,0,0,0,2,0,1,0,0,0,0,0,0,0,0,0,0,0,0,0,0,0,0,2,0,0,1,0,0,0,0,0,1,0,1,0,2,0,0,1,0,0,2,0,0,0,0,0,0,0,0,0,0,3,0,0,0,0,0,4,0,0,1,0,0,0,0,0,0,0,0,0,0,0,1
Ccdc80,0,0,0,0,0,0,0,0,0,0,0,0,0,0,0,0,0,0,0,0,0,0,0,0,0,0,0,1,0,0,0,0,0,0,0,0,0,0,0,0,0,0,0,2,0,1,0,0,0,0,1,1,0,0,0,0,1,0,0,0,0,0,2,0,0,0,0,0,0,0,0,1,0,0,0,0,0,0,0,0,1,0,0,0,1,0,0,0,0,0,0,0,0,0,0,0,0,0,0,0,0,0,0,0,0,0,1,0,0,0,0,0,0,1,0,0,0,0,1,0,0,0,0,0,0,0,0,0,0,0,0,0,0,0,0,0,0,0,0,1,0,2,1,0,0,0,1,0,0,0,0,0,0,0,0,0,1,0,0,1,0,0,0,2,0,0,0,4,0,0,0,0,1,1,0,0,0,0,0,0,0,1,0,0,0,0,0,0,0,0,0,0,0,0,0,0,0,0,0,0,0,0,0,0,0,1,0,0,0,0,0,0,0,0,0,0,0,1,0,0,1,0,0,0,0,2,1,0,1,0,0,0,0,0,0,0,0,0,0,0,0,0,0,0,0,0,2,0,0,0,0,0,0,0,0,0,0,0,0,0,0,0,0,0,0,0,0,0,0,0,0,0,0,0,0,0,0,0,0,2,0,0,0,0,0,0,0,0,0,0,0,1,0,0,0,0,0,0,0,0,0,0,0,0,0,0,0,0,0,0,0,0,0,0,0,0,0,0,0,0,0,0,0,0,0,0,0,0,0,0,0,1,0,0,0,0,0,0,0,0,1,0,0,0,0,0,0,0,0,0,0,0,0,0,0,1,0,0,0,1,0,0,1,0,0,0,0,0,0,1,1,0,0,0,0,0,0,0,0,1,0,0,0,0,0,2,0,0,0,0,0,1,0,0,0,0,0,0
Crh,0,0,0,0,0,1,0,0,0,0,0,0,0,0,0,0,0,0,0,0,0,0,0,0,0,0,0,0,0,0,0,0,0,0,0,0,0,0,0,0,0,0,0,0,0,0,0,0,0,0,0,0,0,0,0,0,0,0,0,0,0,0,0,0,0,0,0,0,0,0,0,0,0,0,0,0,0,0,0,0,0,0,0,0,0,0,0,0,0,0,0,0,0,0,0,0,0,0,0,0,0,0,0,0,0,0,0,0,0,0,0,0,0,0,0,0,0,0,0,0,0,0,0,0,0,0,0,0,0,0,0,0,0,0,0,2,0,0,0,0,0,0,0,0,0,0,0,0,0,0,0,0,0,0,0,0,0,0,1,0,0,1,0,0,0,0,0,0,0,0,0,0,0,0,0,0,0,0,0,0,0,0,0,0,0,0,0,0,0,0,0,0,0,0,0,0,0,0,0,0,0,0,0,0,0,1,0,0,0,0,0,1,0,0,0,0,0,0,0,0,0,0,0,0,0,0,0,0,0,0,0,0,0,0,0,0,0,0,0,0,0,0,0,0,0,0,0,0,0,0,0,0,0,0,0,0,0,0,0,0,0,0,0,0,0,0,0,0,0,0,0,0,0,0,0,0,0,0,0,0,0,0,0,0,0,0,0,0,0,1,0,0,0,0,0,0,0,0,0,0,0,0,0,0,0,0,0,0,0,0,0,0,0,0,0,0,0,0,0,0,0,0,0,0,0,0,0,0,0,0,0,0,0,0,0,0,0,0,0,0,0,0,0,0,0,0,0,0,1,0,0,0,0,0,0,0,0,0,0,0,0,0,0,0,0,0,0,0,0,0,0,0,0,0,0,0,0,0,0,0,0,0,0,0,0,0,0,0,0,0,0,0,0,0,0,0,0,0
Ust,0,0,0,0,1,2,0,0,0,0,1,0,0,0,0,0,0,0,0,0,0,0,0,0,0,0,0,0,0,0,0,1,0,0,0,0,1,0,0,1,0,0,0,0,0,0,0,0,0,0,1,0,0,0,0,0,0,0,0,0,0,0,0,0,0,0,0,0,0,0,0,0,0,0,0,0,0,0,1,0,0,0,0,0,0,0,0,0,0,0,0,0,0,0,0,0,0,0,0,0,0,0,0,0,0,0,0,0,0,0,0,0,0,0,0,0,0,1,1,0,0,0,0,0,0,0,0,1,0,1,0,0,0,0,0,0,0,0,0,0,0,0,0,0,0,1,0,0,0,0,1,0,0,0,0,0,0,0,0,0,0,0,0,0,0,0,0,0,0,0,0,0,1,0,0,0,0,0,0,0,0,0,0,0,0,0,0,1,0,0,0,0,0,0,0,0,0,0,0,0,0,0,0,0,0,1,0,0,0,0,2,0,0,1,0,0,0,0,0,0,0,0,0,0,0,0,0,0,0,0,0,0,0,0,0,1,0,0,0,0,0,0,0,0,1,0,0,0,0,0,0,0,0,0,0,0,0,0,1,0,1,0,0,0,0,0,0,2,0,0,1,0,0,0,1,0,0,0,0,0,0,0,0,0,0,0,0,0,0,0,0,0,0,0,0,0,0,1,0,0,0,0,0,0,0,0,1,0,1,0,1,0,0,0,0,0,1,0,0,0,0,0,0,1,0,0,0,0,0,0,0,0,0,0,0,0,0,1,0,0,0,0,0,0,0,0,0,0,1,0,0,0,0,0,0,0,0,0,0,0,0,0,0,0,0,0,0,0,1,0,0,0,0,0,0,0,0,0,0,0,0,0,0,0,1,0,1,0,1,0,0,1,1,0,0,0,0,0
Rictor,2,3,1,2,3,7,0,3,0,1,1,0,1,1,0,1,0,0,0,0,0,3,0,1,0,2,3,2,3,5,3,0,0,0,0,1,3,0,1,3,1,0,0,2,1,2,0,1,0,1,2,0,1,1,0,0,2,2,0,0,0,0,1,1,0,0,1,1,0,0,0,0,1,1,0,0,1,1,0,1,0,0,0,0,0,0,0,0,2,2,0,1,0,0,0,0,1,0,1,0,0,0,0,0,1,1,0,0,1,0,0,2,0,1,0,0,1,0,0,1,0,2,0,2,0,0,1,0,0,2,0,1,0,0,0,1,0,1,0,0,0,0,1,0,1,0,2,0,3,1,0,0,1,0,0,0,0,0,2,0,0,1,1,1,0,1,0,0,0,0,0,0,2,0,0,0,0,0,2,0,1,1,1,1,1,3,0,3,0,2,0,0,0,0,1,1,0,1,0,0,1,1,0,0,0,0,1,0,0,0,1,2,0,1,1,1,3,1,0,0,1,1,0,0,0,1,0,1,1,0,1,0,1,1,0,0,0,0,0,0,2,1,1,0,1,0,3,0,0,0,1,0,0,0,1,2,0,0,0,0,0,0,0,0,1,0,0,0,1,0,1,0,0,0,1,0,1,2,2,1,1,0,0,2,1,0,5,0,0,0,1,1,1,0,0,0,2,1,1,0,0,0,0,2,0,0,0,0,1,0,0,1,0,0,0,0,1,0,0,0,0,0,0,1,0,2,0,3,0,1,0,3,0,1,0,0,0,0,1,2,2,0,0,0,0,0,1,0,2,1,0,0,0,2,3,1,1,0,0,1,0,0,1,2,2,0,0,2,0,2,0,0,1,0,0,0,0,0,0,1,0,0,0,0,1,2,0,0,0,1,0,1,3,0,0,0,0,0
Ercc2,1,0,0,0,3,0,1,2,0,0,0,0,1,1,5,0,0,0,0,1,0,0,0,2,1,0,0,0,3,4,0,2,2,0,0,0,0,0,0,2,0,0,1,0,0,0,0,0,0,0,1,1,2,1,1,0,0,0,1,1,0,0,2,0,1,0,0,1,0,0,0,0,1,0,1,1,1,0,0,0,0,0,1,0,0,0,0,1,0,0,0,0,0,0,0,0,0,0,1,0,0,0,0,0,0,0,0,0,2,2,0,1,0,0,0,0,0,0,0,0,0,0,0,0,0,1,0,0,1,0,0,0,0,0,0,0,0,0,0,0,0,0,1,1,0,0,2,1,2,1,2,1,1,0,0,1,0,1,0,0,0,0,0,2,0,1,0,1,0,0,0,0,1,1,0,0,0,1,0,0,1,0,0,0,0,0,0,0,0,2,1,0,0,0,0,0,0,0,1,0,0,0,0,0,0,0,1,0,0,1,0,1,0,0,0,0,0,0,0,0,0,1,0,0,0,1,0,0,0,1,1,0,0,0,0,0,0,0,0,1,0,0,0,0,0,0,1,1,0,0,0,0,0,1,1,0,0,0,0,0,2,0,0,0,1,0,0,0,1,1,0,0,2,0,1,0,1,0,1,0,1,2,0,0,0,0,0,1,0,0,2,1,0,0,0,0,0,0,0,1,0,1,1,1,0,1,1,0,0,0,0,0,0,0,1,0,0,0,0,0,0,0,0,3,0,0,0,0,0,0,0,0,0,0,0,0,0,0,0,0,0,0,0,0,3,2,0,0,0,0,0,1,0,0,0,1,0,0,0,0,0,0,0,0,0,0,0,1,1,2,0,0,0,0,0,0,0,0,0,0,0,0,0,0,0,1,0,0,0,0,0,1,1,0,0,0,0,0
Htr1f,0,0,0,1,0,0,0,0,0,0,0,0,0,1,0,0,0,1,0,0,0,0,0,0,0,0,0,0,0,1,0,0,0,0,0,0,1,0,0,0,0,0,0,0,0,0,0,0,0,0,0,0,1,0,0,0,0,0,0,0,0,0,0,0,0,0,0,0,0,0,0,0,0,0,0,0,0,0,0,0,0,0,0,0,0,0,0,0,0,0,0,0,0,0,0,0,0,0,0,0,0,0,0,0,0,0,0,0,0,0,0,0,0,0,0,0,0,0,1,0,0,0,0,0,0,0,0,0,0,0,0,0,0,0,0,0,0,0,0,0,0,0,0,0,0,0,0,0,0,0,0,0,0,0,0,0,0,0,0,0,0,0,0,0,0,1,0,0,0,0,0,0,0,0,0,0,0,0,0,0,0,0,0,0,0,0,0,1,0,0,0,0,0,0,0,0,0,0,0,0,0,0,0,0,0,0,0,0,0,0,0,1,0,0,0,1,0,0,0,0,0,0,0,0,0,0,0,0,0,0,0,0,0,1,0,0,0,0,0,0,0,0,0,0,0,0,0,0,0,0,0,0,0,0,0,0,0,0,0,0,0,0,0,0,0,0,0,0,0,0,1,0,0,0,1,0,0,0,0,0,0,0,0,0,1,0,0,0,0,0,0,0,0,0,0,0,0,0,0,0,0,0,0,0,0,0,0,0,0,0,0,0,0,0,0,0,0,1,0,0,0,0,0,0,0,0,0,0,0,0,0,0,0,0,0,0,0,0,0,0,0,0,0,0,0,0,0,0,0,0,0,0,0,0,1,0,0,0,0,0,0,0,0,0,0,0,0,0,0,0,0,0,0,1,0,0,0,0,0,0,0,0,0,0,0,0,0,0,0,0,0,0,1,0,0,0,0,0
B3gat2,0,0,0,0,0,0,0,0,0,0,0,0,0,0,0,0,0,0,0,0,0,0,0,0,0,0,0,0,0,0,0,0,0,0,0,0,0,0,0,0,1,0,1,0,0,0,0,1,0,0,0,0,1,0,0,0,0,0,0,0,0,1,0,0,0,0,0,0,0,0,0,0,0,0,0,0,0,0,0,0,0,0,0,0,0,0,1,0,0,0,0,0,0,0,0,0,0,0,0,0,0,0,0,0,0,0,0,0,0,0,0,2,0,0,0,0,0,0,0,0,0,0,0,0,0,0,0,0,0,0,0,0,0,0,0,1,0,0,0,0,0,0,0,0,0,0,0,2,0,0,0,0,0,0,0,0,0,0,2,0,0,0,0,0,0,0,0,0,0,0,0,0,1,0,0,0,0,0,0,0,0,1,0,0,0,0,0,0,0,1,0,0,0,0,0,0,0,0,0,0,0,0,0,0,0,1,0,0,0,0,1,0,0,1,0,0,0,0,0,0,0,0,0,0,0,1,0,0,0,0,0,0,0,0,0,0,0,0,0,0,0,0,0,0,1,0,0,1,0,0,0,0,0,0,0,0,0,1,0,0,0,0,0,0,0,0,0,0,1,0,0,0,0,0,0,0,0,0,0,0,0,0,0,0,0,0,0,0,0,0,0,0,0,0,0,0,0,0,0,0,1,1,0,0,0,0,0,0,0,0,0,0,0,0,0,0,0,0,0,0,0,0,0,0,0,0,0,0,0,0,0,1,0,0,0,0,0,0,0,0,0,0,0,0,0,0,0,0,0,0,0,0,0,0,0,0,0,0,0,0,0,0,1,1,0,1,0,1,0,0,0,0,0,0,0,0,0,0,1,0,0,0,0,0,0,0,1,0,0,0,0,0,0,0,0,0,0,0
Sp8,0,0,0,0,0,0,0,0,0,0,0,0,0,0,0,0,0,0,0,0,0,0,0,0,0,0,0,0,0,0,1,1,0,0,0,0,0,0,0,0,0,0,0,0,0,0,0,0,0,1,0,0,0,0,0,0,0,0,0,0,0,0,0,0,0,0,0,0,0,0,0,0,1,0,0,0,0,0,0,0,0,0,0,0,0,0,0,0,0,0,0,0,0,0,0,0,0,0,0,0,0,0,0,0,0,0,0,0,0,0,0,0,0,0,0,0,0,0,0,0,0,0,0,0,0,0,0,0,0,0,0,0,0,0,0,0,0,0,0,0,0,0,0,0,0,0,0,0,0,0,0,0,0,0,0,0,0,0,0,0,0,0,1,0,0,0,0,0,0,0,0,0,0,0,0,0,0,0,0,0,0,0,0,0,0,0,0,0,0,0,0,0,1,0,0,0,0,0,0,0,0,0,0,0,0,0,0,0,0,0,0,0,0,0,0,0,0,0,0,0,0,0,0,0,0,0,0,0,0,0,1,0,0,0,0,0,0,0,0,0,0,0,0,0,0,0,0,0,0,0,0,0,0,0,0,0,0,0,0,0,0,0,0,0,0,0,0,0,0,0,0,0,0,0,0,0,0,0,0,0,0,0,0,0,0,0,0,0,0,0,0,0,0,0,0,0,0,0,0,0,0,0,0,0,0,0,0,0,0,0,0,0,0,0,0,0,0,0,0,0,0,0,0,0,0,0,0,0,0,0,0,0,0,0,0,0,0,0,0,0,0,0,0,0,0,0,0,0,0,0,0,0,0,0,0,0,0,0,0,0,0,0,0,0,0,0,0,0,0,0,0,0,0,0,0,0,0,0,0,0,0,0,0,0,0,0,0,0,0,0,0,0,0,0,0,0,0,0
Smug1,2,1,1,0,0,1,0,1,0,1,1,0,0,1,2,0,0,0,0,2,0,0,0,0,1,0,2,0,1,0,0,0,0,0,0,0,0,0,0,0,0,1,0,0,0,3,0,1,0,0,0,0,0,2,0,0,0,1,1,0,0,0,0,0,0,0,2,0,0,0,0,0,0,0,1,0,0,1,0,0,0,0,0,0,0,0,0,0,2,0,0,0,2,1,1,0,1,0,0,0,0,0,0,0,0,0,0,0,0,0,0,0,0,0,0,0,0,1,0,0,0,0,0,0,1,1,0,0,0,0,0,0,0,0,0,0,0,0,0,0,1,0,0,0,1,1,0,1,1,0,1,0,0,2,1,0,0,0,0,0,0,0,0,1,0,0,0,0,1,1,0,0,1,1,0,0,0,0,1,0,0,3,0,0,0,0,0,0,0,0,0,0,0,0,0,2,0,1,0,0,2,0,0,1,3,0,1,2,0,1,0,0,0,0,1,1,0,0,0,0,2,0,0,0,0,0,0,0,1,0,0,0,1,0,0,0,0,0,0,1,0,0,0,0,1,1,0,0,0,0,1,2,0,0,0,0,1,0,0,0,1,0,0,0,0,0,0,1,0,0,0,0,0,0,1,0,0,1,0,0,0,0,0,1,0,1,1,0,0,0,1,1,1,0,0,0,0,0,0,0,0,0,1,0,0,0,0,0,1,1,0,0,0,0,0,0,0,0,0,0,0,0,1,2,0,0,0,0,1,0,0,1,0,0,0,1,0,0,2,0,1,0,0,0,0,0,1,1,0,0,0,2,0,0,0,0,0,0,0,0,1,0,1,0,0,0,0,2,0,0,0,1,0,0,0,0,0,0,1,0,0,0,3,0,0,0,0,0,0,0,0,2,0,0,0,0,0,0
Cx3cr1,0,1,0,0,3,1,0,1,0,0,0,0,0,0,0,0,0,0,0,0,0,0,0,0,2,1,0,0,0,0,0,0,0,0,0,3,0,0,0,1,0,0,0,1,1,0,0,0,1,0,0,0,0,0,0,0,0,0,0,1,0,0,0,0,0,0,0,0,1,0,0,0,0,0,0,3,0,0,0,1,0,0,0,0,0,0,0,0,0,0,0,0,0,0,0,0,1,0,0,0,0,0,0,0,0,2,0,0,1,1,0,1,1,0,0,0,2,0,0,0,0,1,0,1,0,1,0,3,0,0,0,1,0,0,1,0,0,0,0,0,0,0,0,0,4,1,0,2,1,0,2,0,4,0,0,1,0,2,0,3,0,1,0,0,0,0,0,1,0,0,0,0,0,0,2,0,1,0,0,0,2,0,0,1,0,0,1,0,0,0,0,0,0,0,0,3,0,0,0,0,5,0,0,1,0,1,0,0,0,0,0,0,0,0,0,0,0,0,0,0,0,0,0,0,1,0,0,0,0,0,0,0,0,0,0,0,0,2,0,0,0,0,0,0,0,0,1,1,0,0,1,0,0,0,0,0,0,0,0,0,0,0,0,0,0,0,0,0,1,1,0,0,0,0,0,0,0,1,0,0,0,0,0,0,0,0,0,0,1,0,0,0,0,0,0,0,0,0,0,0,0,0,0,0,0,2,0,0,0,2,2,0,0,0,0,0,0,0,0,1,2,0,0,0,1,2,0,0,1,0,0,0,0,0,0,0,0,1,4,0,0,1,0,0,0,0,0,0,1,1,0,0,0,0,0,0,0,0,0,10,0,1,0,0,0,1,0,0,0,0,0,0,0,0,0,0,0,23,0,0,1,1,0,0,0,0,1,0,0,0,0,2,0,0,1,0,0,0
Thra,5,4,3,2,3,7,2,6,3,8,1,0,6,0,1,4,3,0,2,0,1,8,0,1,7,3,9,5,3,6,7,7,7,0,0,5,6,2,1,3,5,3,2,0,7,11,0,2,6,6,7,9,3,8,7,0,0,0,10,1,0,3,3,1,4,0,0,0,0,1,0,0,4,2,0,5,3,1,1,0,2,3,4,1,0,0,2,0,1,1,2,1,3,4,5,1,2,5,0,0,3,0,2,2,3,3,1,2,0,2,3,1,0,2,7,1,3,3,6,8,1,1,1,1,5,5,1,0,0,1,0,1,0,0,1,0,3,1,0,5,6,4,10,2,5,1,0,6,3,3,1,2,0,3,4,3,3,5,10,1,1,1,6,1,2,5,2,11,4,4,1,6,6,2,3,0,3,3,3,0,7,4,6,8,13,8,2,3,3,3,2,0,2,0,1,0,2,1,0,1,0,0,2,6,5,5,2,1,0,7,1,5,2,3,0,2,3,0,1,0,1,0,0,0,0,2,0,3,5,1,8,2,2,5,1,3,0,1,7,2,6,1,0,1,2,1,0,0,1,4,12,2,3,0,5,2,1,0,1,1,1,1,2,1,5,0,2,2,3,1,1,1,0,2,2,1,7,1,0,0,8,0,0,1,1,1,4,2,1,1,2,0,4,0,0,0,3,1,3,2,1,1,1,1,0,3,1,6,1,0,3,0,1,0,0,0,0,0,1,1,0,0,0,4,6,6,0,1,2,3,8,3,0,3,0,3,2,0,0,4,0,0,4,8,1,1,3,2,4,6,0,4,1,1,0,3,1,1,0,3,1,2,3,0,1,2,0,3,0,1,0,0,0,1,0,0,1,3,1,3,0,1,0,1,5,5,4,3,1,4,4,9,1,0,3,3,0,1
B4galt7,0,1,0,0,0,1,1,1,1,2,1,0,0,1,0,0,1,1,0,0,0,0,0,0,0,0,1,0,0,0,0,0,0,0,0,1,0,1,0,0,0,0,0,0,1,0,0,0,0,0,0,0,0,0,1,0,0,0,1,0,0,1,1,1,0,0,0,0,0,1,0,0,1,0,0,0,0,1,1,0,0,0,0,1,1,0,0,0,0,0,0,0,1,0,0,0,0,0,0,0,0,0,0,0,1,0,0,0,0,0,0,1,0,0,0,0,0,0,0,0,0,1,0,2,1,0,0,0,0,1,0,0,0,0,0,0,1,1,0,0,0,0,0,0,0,0,1,0,0,2,0,0,0,0,0,0,0,0,0,0,1,1,0,0,0,0,1,0,0,0,0,1,0,1,0,0,1,0,1,0,1,0,0,1,0,0,1,1,2,0,0,0,0,0,0,0,0,0,1,0,0,2,0,0,0,0,1,0,0,0,0,0,0,1,0,0,1,0,0,0,0,0,0,0,0,0,0,1,0,0,0,0,0,0,0,1,0,0,0,0,0,0,0,0,0,1,1,0,0,0,0,0,0,0,1,0,0,0,0,0,0,1,0,0,1,0,0,1,0,0,1,0,0,0,0,0,1,0,0,0,0,1,0,0,1,0,0,0,0,1,1,0,0,0,0,0,0,0,0,0,1,0,0,0,0,0,1,0,0,0,0,0,1,0,0,0,1,0,0,0,0,0,0,2,1,1,0,0,1,0,0,1,0,2,0,1,0,0,0,0,0,0,0,0,0,0,0,0,0,0,0,0,0,1,0,0,0,0,0,0,0,0,0,0,2,1,0,0,1,0,0,0,0,0,0,0,1,1,0,0,0,0,1,0,0,1,0,2,0,0,1,3,0,0,0,0,0,0
Gabre,1,0,0,1,0,0,1,0,0,0,0,0,0,0,0,0,0,0,0,0,0,0,0,0,0,0,0,0,1,0,0,0,0,0,0,0,1,0,0,0,0,0,0,0,0,0,0,0,0,0,0,0,0,0,0,0,0,0,0,0,0,0,0,0,0,0,0,0,0,0,0,0,0,0,0,0,0,0,1,1,0,0,0,0,0,0,0,0,0,0,0,0,0,1,1,0,0,0,0,0,0,0,0,0,0,0,0,0,0,0,0,0,0,0,1,0,0,0,0,0,0,0,0,0,0,0,0,0,0,0,0,0,0,0,0,0,0,0,0,0,0,0,0,1,0,0,1,0,0,1,0,0,0,1,0,0,0,0,0,0,0,0,0,1,0,0,0,0,2,0,0,0,0,2,0,0,0,0,1,0,0,1,0,0,0,0,0,0,1,0,0,0,0,0,0,0,0,0,0,0,0,0,0,0,0,2,0,0,0,0,1,0,0,0,0,0,0,0,0,0,0,0,0,0,0,0,0,0,0,0,1,0,0,0,0,0,0,0,0,0,0,1,0,0,0,0,0,0,0,0,0,0,0,0,0,0,0,0,0,0,0,0,0,0,0,0,0,0,0,0,0,0,0,0,0,0,0,0,0,0,0,1,0,0,0,0,0,0,1,0,0,0,0,0,0,0,0,0,0,0,0,0,0,0,0,0,0,0,1,0,0,0,0,0,0,0,0,0,0,0,0,0,0,0,0,0,0,0,0,0,0,0,0,0,0,0,0,0,0,0,0,0,0,0,0,0,0,0,0,0,0,0,0,0,0,0,0,0,0,0,0,0,0,0,0,0,0,0,0,0,0,0,0,0,0,0,0,0,0,0,0,0,0,0,0,0,0,0,0,0,0,0,0,0,0,0,0,0
Grk3,8,1,13,7,8,15,11,9,2,9,13,0,7,7,6,0,4,2,1,3,0,9,1,3,10,10,12,8,3,7,5,6,10,0,0,6,9,0,3,11,10,1,1,5,3,5,0,7,0,15,10,14,5,9,3,0,20,1,1,1,0,15,7,5,8,2,4,1,1,8,0,0,4,2,3,6,5,5,0,11,6,5,3,6,5,1,1,0,4,5,0,2,11,5,2,6,7,6,4,0,1,1,1,2,5,0,0,0,13,6,3,6,4,7,4,4,2,0,12,8,0,6,0,6,5,3,7,4,1,3,0,4,0,3,0,2,9,4,6,1,4,4,5,8,6,4,14,3,3,6,5,8,10,6,0,7,4,7,4,0,7,1,5,6,0,1,2,3,4,3,0,8,15,12,0,0,5,1,11,0,5,4,0,7,0,5,2,8,10,1,6,2,3,0,6,1,3,11,0,4,1,3,7,10,6,9,6,1,0,5,8,6,0,0,9,12,11,2,0,0,7,0,2,1,10,8,9,9,8,7,8,0,2,3,10,9,0,9,1,12,6,5,3,1,6,1,8,4,3,6,2,2,3,0,6,6,6,2,2,5,8,2,1,3,3,2,4,4,3,0,6,10,5,4,19,6,5,9,1,13,3,5,0,3,3,5,5,2,1,2,4,1,3,0,3,2,2,3,1,2,4,2,0,10,3,6,4,3,0,0,7,3,3,2,1,1,2,3,3,1,1,0,2,9,11,6,0,5,7,6,2,8,0,19,0,16,0,2,5,2,3,0,6,4,3,4,2,0,4,6,0,5,0,10,8,16,2,1,0,6,1,0,14,3,2,6,3,5,3,0,0,2,4,0,1,1,0,3,5,4,0,2,6,1,0,7,7,5,6,1,5,9,5,1,4,0,2,5
Cwh43,0,0,0,0,0,0,0,0,0,0,0,0,0,0,0,0,0,0,0,0,0,0,0,0,0,0,0,0,0,0,0,0,0,0,0,0,0,0,0,2,0,0,0,0,0,0,0,0,0,0,0,0,0,0,0,0,0,0,0,0,0,0,0,0,0,0,0,0,0,0,0,0,0,0,0,0,0,0,0,0,0,0,1,0,0,0,0,0,0,0,0,0,0,0,0,0,0,0,0,0,0,0,0,0,0,0,0,0,0,0,0,0,0,0,0,0,0,0,0,0,0,0,0,0,0,0,0,0,0,0,0,0,0,0,0,0,0,0,0,0,0,0,0,0,0,0,0,0,0,1,0,0,0,0,0,0,0,0,0,0,0,0,1,0,0,0,0,0,0,0,0,0,0,0,0,0,0,1,0,0,1,0,0,0,0,0,0,0,0,0,0,0,0,0,0,0,0,0,0,0,0,0,0,0,0,0,0,0,0,0,0,0,0,0,0,0,0,0,0,0,0,0,0,0,0,0,0,0,0,0,0,0,0,0,0,0,0,0,0,0,0,1,0,0,0,0,0,0,0,0,0,0,0,0,0,0,0,0,0,0,0,0,0,0,0,0,0,0,0,0,0,0,0,0,0,0,1,1,0,0,0,0,0,0,0,1,0,0,0,0,0,0,0,0,0,0,0,1,0,0,0,0,0,0,0,0,0,0,0,0,0,0,0,0,0,0,0,0,0,0,0,0,0,0,0,0,0,0,0,0,0,0,0,0,0,0,0,0,0,0,0,0,0,0,0,0,0,0,0,0,0,0,0,0,0,0,0,0,0,0,0,0,0,0,0,1,0,0,0,0,0,0,0,0,0,0,0,0,0,0,0,0,0,0,0,1,1,0,0,0,0,0,1,0,0,0,0,0
Chst1,19,24,17,11,19,15,7,18,6,23,16,0,20,15,11,5,8,2,14,3,0,9,0,6,12,11,13,3,8,24,7,11,12,2,2,14,11,2,12,16,16,4,6,7,4,21,0,6,7,17,20,11,13,17,9,0,11,6,10,2,0,7,5,9,11,0,7,6,4,5,0,0,14,6,10,9,9,5,1,5,4,6,17,6,1,1,3,0,3,6,2,1,13,8,8,4,8,4,8,0,2,0,3,1,5,7,3,4,6,4,2,8,6,2,1,7,6,4,6,14,4,8,2,5,6,6,2,3,3,5,1,5,2,0,3,2,3,2,5,3,3,10,17,3,10,4,3,12,3,8,5,8,12,7,3,10,4,19,14,1,14,5,19,12,3,9,11,4,9,14,0,10,17,19,7,0,7,1,10,3,4,13,4,14,10,12,12,19,15,3,3,2,3,2,4,5,1,5,4,5,5,8,12,16,9,8,8,8,2,12,8,14,3,11,2,3,8,2,3,0,5,1,2,1,10,10,8,7,8,8,7,4,10,4,3,3,1,6,5,8,5,8,2,0,2,3,7,2,1,5,4,2,0,0,6,10,3,2,5,9,8,1,3,3,7,4,0,12,3,4,10,13,2,6,24,3,13,7,5,8,11,9,1,7,13,12,17,6,6,4,9,14,8,2,3,0,10,7,7,9,5,3,9,17,1,8,1,2,4,3,8,5,0,3,4,0,1,2,0,2,0,0,0,10,11,15,1,12,7,10,3,15,1,4,1,8,4,2,8,7,6,3,0,7,8,9,3,1,11,16,1,3,1,6,11,9,7,8,0,1,5,1,8,3,3,11,10,3,2,3,0,3,7,4,2,0,2,2,7,2,2,3,6,2,3,6,5,3,4,2,5,10,9,8,5,9,0,1
Hs6st3,0,6,0,0,0,0,0,0,0,0,0,0,0,1,0,0,0,0,0,0,0,0,0,0,0,0,1,0,0,0,0,0,0,0,0,0,0,0,2,0,1,0,0,1,1,3,0,1,0,1,1,0,1,0,1,0,1,0,0,0,1,0,0,1,4,0,3,0,1,0,0,0,0,2,0,0,0,0,1,0,0,0,0,1,0,0,0,0,0,0,0,0,0,0,1,0,1,0,0,0,0,0,0,0,0,0,0,0,0,0,0,0,0,0,0,0,1,0,1,0,1,0,0,0,0,0,2,2,0,0,0,1,0,0,0,1,0,0,0,0,0,0,0,0,0,0,0,1,0,0,1,1,0,1,0,0,0,1,1,0,1,1,1,0,0,0,1,1,0,0,0,0,0,0,1,0,2,0,0,1,0,0,0,1,0,0,1,5,0,0,2,0,3,0,1,0,0,0,0,1,0,1,0,2,1,0,0,1,0,1,5,1,0,0,0,0,0,0,0,0,0,1,0,0,2,1,0,0,0,0,3,1,0,1,0,0,0,0,0,6,0,0,0,0,0,2,0,0,0,1,0,0,0,0,0,1,0,0,0,0,6,0,0,0,0,0,0,0,0,2,0,1,0,0,1,1,2,0,0,3,2,1,0,0,0,4,0,3,0,0,2,1,0,0,2,1,0,1,0,3,0,0,0,1,0,0,2,0,0,1,0,0,0,1,0,0,2,2,0,0,1,0,0,0,0,0,0,0,0,0,0,2,0,0,0,1,0,0,0,1,1,2,0,0,0,2,0,0,0,0,0,0,1,0,0,0,0,0,0,0,0,0,0,0,0,0,0,0,0,0,0,0,0,0,0,0,0,0,0,1,0,0,1,0,0,1,0,1,1,0,0,1,1,3,0,0,0,0
Ercc6,0,2,0,0,1,0,0,1,1,0,0,0,1,0,3,1,0,2,1,0,0,0,0,0,0,1,2,1,1,0,0,1,2,0,0,0,0,0,0,1,3,0,0,4,0,0,0,1,0,0,2,1,0,1,0,0,1,0,0,0,0,1,1,0,0,0,1,0,1,1,0,0,0,0,0,1,0,0,1,1,0,0,0,0,0,0,1,0,1,0,0,0,0,0,0,0,0,1,0,0,0,0,0,0,0,0,0,0,0,0,2,0,3,0,1,0,0,0,2,0,0,1,0,1,0,1,1,0,0,0,0,1,0,0,0,0,1,0,0,1,2,0,2,0,0,1,1,1,2,3,2,1,1,1,0,1,0,1,1,1,1,0,1,2,1,0,0,1,1,0,1,0,1,0,0,0,0,0,1,0,0,1,0,0,1,0,1,0,0,0,0,0,0,0,3,0,0,0,0,0,0,1,0,0,0,0,0,0,0,0,1,1,0,0,0,1,1,0,0,0,1,0,0,0,0,1,1,1,0,1,0,0,0,0,1,0,0,2,0,0,0,1,0,0,1,1,1,1,0,0,1,0,1,0,0,1,0,0,0,0,2,1,0,0,1,1,0,0,0,0,0,0,1,0,1,1,0,0,0,0,0,1,0,0,1,1,0,2,0,1,2,0,1,0,0,0,0,0,0,0,0,0,0,0,0,0,0,0,0,0,0,0,0,0,0,0,0,0,0,0,0,0,0,3,0,1,0,1,0,0,1,2,0,1,0,2,0,0,0,0,1,0,0,1,0,0,0,0,1,2,0,0,0,1,0,1,0,1,0,0,0,1,1,0,0,1,0,0,0,1,0,0,0,0,0,0,0,0,1,0,0,0,0,1,0,2,1,0,0,0,1,0,1,0,1,1,0,0
Chrna4,0,2,0,0,1,5,0,1,1,0,0,0,0,2,0,0,0,1,0,0,0,0,0,0,1,0,0,0,0,1,0,1,0,0,0,0,1,0,0,0,0,2,0,0,0,0,0,0,0,0,2,3,0,0,0,0,0,0,0,0,0,0,0,0,0,0,0,0,0,0,0,0,1,0,1,1,0,0,1,0,0,0,0,0,0,0,0,0,0,0,0,0,0,0,0,0,0,0,0,0,0,0,0,0,0,1,0,0,0,0,0,0,0,0,1,0,1,1,2,0,0,2,0,0,0,0,0,0,0,0,0,0,0,0,0,0,0,2,0,0,1,1,0,0,0,0,0,0,2,0,0,0,0,0,0,0,0,0,0,1,0,0,0,0,0,2,0,0,0,1,0,0,0,0,0,0,0,0,0,0,0,0,0,0,0,0,0,1,2,0,0,0,0,0,1,0,2,2,1,0,0,0,0,2,0,1,1,1,0,3,3,7,0,0,1,0,0,0,1,0,0,0,0,0,0,0,0,0,0,0,1,0,1,4,0,1,0,0,0,0,0,0,0,0,0,1,2,1,0,0,0,0,1,0,0,0,0,0,0,0,0,0,0,0,1,1,0,1,0,0,0,0,0,0,2,0,0,0,0,0,0,0,0,0,0,1,0,0,0,0,0,0,0,0,0,0,0,0,1,0,0,0,0,3,0,0,0,0,0,0,0,0,1,0,0,0,0,0,0,0,0,0,0,0,0,0,0,0,0,2,0,0,0,0,0,0,0,0,0,0,0,0,0,0,0,0,0,0,0,0,0,0,1,0,1,0,0,0,0,1,0,0,0,0,0,0,0,1,0,0,0,0,0,0,0,0,0,0,0,0,0,2,0,0,0,2,0,1,0,1,0,0,1,0,0,0,0,0
Parp3,0,0,0,0,0,0,0,0,0,0,0,0,0,0,0,0,0,0,0,0,0,0,0,1,0,0,0,0,0,0,0,0,1,0,0,0,0,0,0,0,0,0,0,1,0,0,0,0,0,0,0,0,1,0,0,0,0,0,0,0,0,0,0,0,0,0,0,0,0,1,0,0,0,0,0,0,0,0,0,0,0,0,0,0,0,0,1,0,0,0,0,0,0,0,0,0,0,0,0,0,0,0,0,0,0,0,0,0,0,0,0,0,0,0,0,0,0,0,0,0,0,0,0,0,0,0,0,0,0,0,0,0,0,0,0,0,0,0,0,0,0,0,0,0,0,0,1,0,0,0,0,0,0,0,0,0,0,0,0,0,0,0,0,0,0,0,0,0,0,0,0,0,0,0,0,0,0,0,0,0,0,0,0,0,0,0,0,0,0,0,0,0,0,0,0,0,0,0,0,0,0,0,0,0,0,0,0,0,0,1,0,0,0,0,0,0,0,0,0,0,0,0,0,0,0,0,0,0,0,0,0,0,0,0,0,0,0,0,0,0,0,0,0,0,0,0,0,0,0,0,0,0,0,0,0,0,0,0,0,0,0,0,0,0,0,0,0,0,0,0,0,0,0,0,0,0,0,0,0,0,0,0,0,0,0,0,0,0,0,0,0,0,0,0,0,0,0,0,0,0,0,0,0,1,0,0,0,0,0,0,0,0,0,0,0,0,0,0,0,0,0,0,0,0,0,0,0,0,0,0,0,0,0,0,0,0,0,0,0,0,0,0,0,0,0,0,0,0,0,0,0,0,0,0,0,1,0,0,0,0,0,0,1,0,0,0,0,0,0,0,0,0,1,0,0,0,0,0,0,0,0,0,0,0,0,0,0,0,0,0,0,0,0,0,0,0,0,0
Sema5a,0,0,0,0,0,3,0,0,0,0,0,0,0,0,0,0,0,0,0,0,0,0,0,1,0,0,0,0,0,4,0,8,0,0,0,0,2,0,0,0,0,0,0,0,0,1,0,0,0,1,1,0,0,0,0,0,0,0,0,0,0,0,0,0,1,1,0,0,0,1,0,0,0,0,0,0,1,0,0,0,0,0,0,1,0,1,0,0,0,0,0,0,0,1,0,0,0,0,0,0,0,1,1,0,0,0,1,0,0,0,0,2,0,0,1,0,0,0,0,0,0,0,0,0,0,0,0,0,0,0,0,0,0,0,1,0,0,0,1,0,1,0,0,0,0,0,0,0,1,0,0,0,0,0,0,1,0,0,0,0,0,0,0,0,0,0,0,0,3,0,0,0,1,0,0,0,0,0,0,0,0,0,0,0,0,0,0,0,0,0,0,0,0,0,0,0,0,1,0,0,0,0,0,0,0,1,0,0,0,0,0,0,0,0,0,0,0,0,0,1,0,0,0,0,1,2,0,0,2,0,0,0,2,0,0,2,0,0,2,2,0,0,0,0,0,0,0,0,0,0,0,0,0,0,0,0,0,2,0,0,0,0,0,0,0,1,0,0,0,0,0,0,1,0,0,0,0,0,0,0,0,0,0,0,0,0,0,0,0,0,0,0,0,0,0,0,0,0,0,0,1,0,0,3,0,0,0,0,0,0,0,0,0,0,0,0,0,0,0,0,0,0,0,1,0,0,0,0,0,1,0,0,0,0,0,0,0,0,0,0,0,0,0,0,0,0,0,0,0,3,0,0,0,0,1,0,0,0,0,1,0,0,0,2,0,0,0,1,0,0,0,0,0,0,0,0,0,0,0,0,0,1,0,0,0,1,0,0,0,0,0,0,5,0,0,0,0,1
Cdh24,0,2,0,0,0,2,1,3,1,0,0,0,0,0,0,0,0,0,0,0,0,2,0,0,0,1,0,1,0,0,1,1,1,0,0,1,3,0,0,0,0,0,0,0,1,3,0,0,0,0,3,0,0,0,0,0,0,0,1,0,0,1,0,0,0,0,0,0,0,1,0,0,0,0,0,2,0,0,0,1,0,0,0,0,0,0,0,0,0,0,0,0,0,0,0,0,2,0,0,0,0,0,0,0,0,0,0,0,0,0,0,0,0,0,0,0,0,0,0,0,0,0,0,0,1,0,0,0,0,0,0,0,0,0,0,0,0,0,0,0,2,0,1,0,1,0,1,0,1,1,1,0,0,0,0,0,0,0,0,0,0,0,0,0,0,1,0,0,2,0,0,0,0,1,0,0,0,0,0,0,0,0,0,0,0,0,0,0,0,0,0,0,0,0,0,0,0,0,0,0,0,0,0,1,0,0,0,0,0,0,0,1,0,0,0,2,0,0,0,0,0,0,0,0,0,0,0,0,0,0,0,0,0,0,0,0,0,0,0,0,0,0,0,0,1,0,1,0,0,0,0,0,0,0,0,0,0,0,0,0,1,0,0,0,0,0,0,0,0,0,0,0,0,0,0,0,0,0,0,0,0,0,0,0,1,0,0,0,0,0,0,1,0,0,0,0,0,0,1,0,0,0,0,0,0,0,2,0,0,1,0,0,0,0,0,0,1,0,0,0,0,0,0,0,0,0,0,0,0,2,0,0,0,0,0,2,0,0,0,0,0,0,0,0,0,0,1,0,0,0,0,0,0,0,1,0,0,1,0,0,0,0,0,0,0,0,2,1,0,0,0,0,0,0,0,0,0,0,1,1,0,0,0,0,0,0,1,0,0,0,0,0,0,1,1,0,1,1
Irs4,0,0,1,0,0,1,0,0,0,0,0,0,0,0,0,0,0,0,0,0,0,1,1,0,0,0,0,0,0,1,0,0,1,0,0,0,0,0,0,0,0,0,0,0,0,0,1,0,0,0,0,0,2,0,0,0,0,0,0,0,0,0,0,0,0,0,0,0,0,0,0,0,0,1,0,0,0,0,0,0,0,0,0,0,0,0,0,0,0,1,0,0,0,0,0,0,0,1,0,0,0,0,0,0,1,0,0,0,0,0,0,0,0,0,0,0,0,0,0,0,0,0,0,0,0,0,0,0,0,0,0,0,0,0,0,0,0,1,0,0,0,0,0,0,1,0,0,0,0,0,0,0,0,0,0,0,0,0,0,0,1,0,0,0,0,0,0,0,0,0,0,0,1,0,0,0,1,0,0,0,0,0,0,0,0,0,0,0,1,0,1,0,0,0,0,0,0,0,1,0,0,0,0,1,0,0,1,0,0,0,0,0,0,0,0,0,0,1,0,0,0,0,0,0,1,0,0,0,1,0,0,0,0,0,1,0,0,0,0,0,0,0,1,0,0,0,0,0,0,0,0,0,0,0,0,0,0,0,0,0,0,0,0,0,0,0,0,0,0,0,0,0,0,0,0,0,0,0,0,0,0,0,0,0,0,0,0,0,0,0,0,0,0,0,0,0,0,0,0,0,0,0,0,1,0,0,0,0,0,0,1,0,0,0,0,0,0,0,1,0,0,0,0,0,0,0,0,0,0,0,0,1,0,0,0,0,0,0,0,0,0,0,0,0,0,0,0,0,0,0,0,0,0,0,0,0,0,0,0,0,0,0,1,0,0,2,1,0,0,0,0,0,0,0,0,0,0,0,1,0,0,0,0,0,0,0,0,0,0,1,2,0,0,0,0,0,0,0
Gabra5,0,0,0,0,0,1,0,0,1,1,1,0,1,0,0,0,0,1,1,0,0,1,0,1,1,1,4,0,0,3,0,3,1,0,0,0,3,0,2,0,2,2,0,0,0,0,0,0,0,3,1,0,0,2,1,0,1,0,1,0,0,0,1,0,0,0,0,0,0,0,0,0,0,0,0,0,0,0,0,1,0,1,0,0,0,0,0,0,0,0,0,0,0,0,0,0,0,0,0,0,1,0,1,0,0,2,4,0,0,0,0,2,0,0,0,0,1,2,1,0,0,2,0,1,0,0,0,0,1,0,0,0,0,0,0,1,0,0,0,0,0,1,0,2,0,3,0,2,0,1,2,0,1,1,0,0,1,0,3,0,2,0,0,1,0,1,0,2,1,2,0,1,1,0,0,0,0,1,0,0,2,2,1,4,2,1,0,1,0,2,1,0,0,0,2,0,0,0,0,1,0,1,0,0,1,1,0,0,0,2,2,1,0,1,0,0,1,0,0,1,0,0,0,0,0,0,0,0,0,1,1,0,0,2,1,0,0,1,0,0,0,1,0,0,1,0,0,1,0,0,0,0,0,0,0,0,0,0,0,0,1,0,0,0,0,1,0,2,3,0,2,0,0,1,2,0,1,0,1,0,2,0,0,2,0,0,0,1,0,0,0,0,1,0,0,0,0,1,0,1,2,0,0,1,0,0,0,1,1,0,0,0,0,0,0,0,0,0,0,0,0,1,0,0,0,1,0,0,0,0,0,2,0,0,0,0,0,0,0,1,0,0,0,0,0,1,0,0,0,0,0,0,0,0,1,0,0,1,0,2,0,0,1,0,0,0,1,0,1,0,0,1,0,0,0,0,0,1,0,2,0,1,0,0,1,0,0,0,0,1,1,0,1,0,1,1,0,0
Gpc3,0,0,0,0,0,0,0,0,0,0,0,0,0,0,0,0,0,0,0,0,0,0,0,0,0,0,0,0,0,0,0,0,0,0,0,0,0,0,0,0,0,0,0,0,0,0,0,0,0,0,0,0,0,0,0,0,0,0,0,0,0,0,0,0,0,0,0,0,0,0,0,0,0,0,0,0,0,0,0,0,0,0,0,0,0,0,0,0,0,0,0,0,0,0,0,0,0,0,0,0,0,0,0,0,0,0,0,0,0,0,0,0,0,0,0,0,0,0,0,0,0,0,0,0,0,0,0,0,0,0,0,0,0,0,0,0,0,0,0,0,0,0,0,0,0,0,0,0,0,0,0,0,0,0,0,0,0,0,0,0,0,0,0,0,0,0,0,0,0,0,0,0,0,0,0,0,0,0,1,0,0,0,0,0,0,0,0,0,0,0,0,0,0,0,0,0,0,0,0,0,0,0,0,0,0,0,0,0,0,0,0,0,0,0,0,0,0,0,0,0,0,0,0,0,0,0,0,0,0,0,0,0,0,0,0,0,0,0,0,0,0,0,0,0,0,0,0,0,0,0,0,0,0,0,0,0,0,0,0,0,0,0,0,0,0,0,0,0,0,0,0,0,0,0,0,0,0,1,0,0,0,0,0,0,0,0,0,0,0,0,0,0,0,0,0,0,0,0,0,0,1,0,0,0,0,0,0,0,0,0,0,0,0,0,0,0,0,0,0,0,0,0,0,0,0,0,0,0,0,0,0,0,0,0,0,0,0,0,1,0,0,0,0,1,0,0,0,0,0,0,0,0,0,0,0,0,0,0,0,0,0,0,0,0,0,0,0,0,0,0,0,0,0,0,0,0,0,0,0,0,0,0,0,0,0,0,0,0,0,0,0,0,0,0,0,0,0,0
St3gal5,0,10,0,0,1,8,2,6,0,2,2,0,5,0,2,0,1,0,0,0,0,0,0,0,1,0,2,3,0,2,0,8,2,0,0,1,2,1,1,1,1,2,0,0,0,5,0,0,1,4,3,6,3,1,0,1,0,1,2,2,0,2,1,0,1,0,1,0,0,2,0,0,3,2,1,0,2,0,1,0,0,1,0,1,0,0,0,0,0,0,0,0,1,0,1,0,2,0,0,0,0,0,1,0,3,0,1,0,1,1,0,3,0,0,0,0,4,0,7,2,0,3,0,1,0,0,3,5,2,0,0,2,0,0,0,0,3,1,0,0,1,1,3,0,0,0,2,3,2,3,0,2,2,1,1,1,1,5,0,0,4,2,5,1,0,0,1,0,7,1,0,2,0,1,1,0,2,1,1,0,2,0,0,1,1,0,0,2,2,0,4,0,2,1,5,0,1,0,2,0,0,3,0,1,0,1,1,0,0,0,3,4,0,0,1,0,1,0,0,0,1,0,0,0,0,0,2,2,0,0,1,2,5,7,0,2,0,0,0,3,1,1,0,0,2,1,0,1,0,0,0,0,0,0,0,5,1,1,0,0,1,0,0,1,2,1,0,0,0,0,1,0,0,0,3,1,1,0,0,1,1,1,1,3,0,4,3,3,1,0,1,1,1,0,0,0,0,0,0,0,0,0,0,1,0,1,0,1,0,0,2,0,1,0,0,0,0,0,0,0,0,0,0,3,3,2,0,0,1,2,1,3,0,1,0,0,0,0,0,0,0,1,0,0,1,3,0,0,3,1,0,0,0,1,0,1,1,2,0,0,0,0,4,1,0,1,3,3,0,0,0,0,0,0,0,0,0,0,0,1,0,1,0,0,0,2,0,0,0,0,0,1,3,3,0,0,0,1
Synpr,1,0,0,0,0,1,0,1,0,0,1,0,0,1,0,0,0,0,1,0,0,0,0,0,0,0,3,0,0,2,0,0,0,0,0,0,0,0,0,0,0,0,0,0,0,1,0,0,0,2,0,0,0,0,0,0,0,0,1,0,0,0,0,0,0,0,0,0,0,0,0,0,0,0,0,1,0,0,0,2,0,0,1,0,0,0,0,0,0,0,0,0,0,0,0,0,0,0,0,0,0,0,0,0,0,0,0,0,0,0,3,4,0,0,0,0,0,0,0,0,0,0,0,0,0,0,0,0,0,0,0,0,0,0,0,0,0,0,1,0,0,0,0,0,0,0,0,0,0,1,0,0,0,0,0,0,0,0,0,0,0,0,1,0,0,0,0,0,0,0,0,1,0,0,0,0,0,0,0,0,0,0,0,0,1,0,0,0,0,0,0,0,1,0,0,0,0,0,0,0,0,0,0,0,0,1,0,0,0,0,0,0,0,0,0,0,0,0,0,0,0,0,0,0,0,0,0,0,0,0,0,0,0,1,0,0,1,0,0,0,0,0,0,0,0,1,0,0,0,0,0,0,0,0,1,0,0,0,0,0,0,0,0,0,0,0,0,1,0,0,0,0,0,0,1,0,0,0,0,0,0,0,0,0,0,0,1,0,0,0,0,0,1,1,0,0,0,1,0,0,0,0,0,1,0,0,0,0,0,0,0,0,0,0,0,0,0,0,0,0,0,0,0,0,3,0,0,0,0,0,0,0,0,0,0,0,0,0,0,0,1,0,0,0,0,0,0,0,0,0,0,0,0,0,0,0,0,0,0,0,0,0,0,0,0,3,1,1,0,0,0,0,0,0,0,0,0,0,0,0,0,0,0,0,0,0,0,0,0,0,0,0,1,1,0,0,0,0
Sdc3,1,12,1,2,5,7,7,12,1,10,4,0,1,2,2,1,3,8,2,0,1,4,0,13,5,6,8,3,3,6,1,1,6,1,0,5,6,0,1,7,10,6,0,2,2,8,0,1,0,7,1,3,6,3,3,2,9,0,7,1,1,2,3,2,1,0,0,3,1,1,1,0,3,4,0,2,3,0,3,3,2,0,2,0,4,0,1,0,0,0,3,1,3,2,2,1,4,2,2,0,1,0,3,1,2,6,1,0,1,0,0,2,1,2,7,2,1,1,2,2,1,2,0,2,5,1,2,3,2,2,0,0,0,0,0,0,1,2,1,4,2,3,2,0,0,4,1,2,4,0,4,1,0,2,0,0,1,5,4,0,4,2,4,3,0,7,3,2,5,5,0,6,2,4,0,0,1,2,0,0,6,3,3,3,10,2,3,7,5,5,4,2,2,0,2,7,2,1,0,0,1,6,5,5,2,2,2,5,1,6,8,5,0,5,13,3,3,0,6,2,1,0,0,0,1,3,2,6,1,4,2,0,3,4,0,1,0,2,2,6,0,0,0,2,3,0,1,3,0,1,3,1,0,0,0,1,2,1,2,5,5,1,0,1,1,2,0,7,6,1,6,0,1,0,3,2,2,2,4,0,5,0,0,4,3,2,3,2,7,3,4,0,1,0,4,0,5,1,1,2,2,0,0,6,0,2,0,1,1,0,2,3,3,1,0,0,1,1,0,0,0,0,0,7,4,1,1,3,3,1,3,6,1,0,0,3,0,0,2,5,2,2,2,1,0,1,1,1,4,1,0,1,0,2,2,1,1,1,0,2,0,0,5,0,0,2,2,2,0,3,0,1,1,0,0,0,0,2,0,3,1,1,2,1,0,4,0,4,0,1,0,3,6,0,1,5,0,0
Cd248,0,0,0,0,0,0,1,0,0,0,0,0,0,0,0,0,0,0,0,0,0,0,0,0,0,0,0,0,0,0,1,0,0,0,0,0,1,0,0,0,0,0,0,0,0,0,0,0,0,2,0,0,0,0,0,0,0,0,0,0,0,0,0,0,0,0,0,0,0,0,0,0,0,0,0,0,0,0,0,0,0,0,0,0,1,1,0,0,0,0,0,0,0,0,0,0,0,0,0,0,0,0,0,1,0,0,0,0,0,0,1,0,0,0,0,0,0,0,0,0,0,0,0,0,0,0,0,0,0,0,0,0,0,0,0,0,0,0,0,0,0,0,0,0,0,0,0,0,0,0,0,0,0,0,0,0,0,0,1,0,0,0,0,0,0,0,0,0,0,0,0,0,0,3,0,0,0,0,0,0,0,0,0,0,0,0,0,1,0,0,0,0,0,0,0,0,1,0,0,0,0,0,0,0,0,0,0,0,0,0,0,0,0,0,0,0,0,0,0,0,0,0,0,0,0,0,0,0,0,0,0,0,0,0,0,0,0,0,0,0,0,0,0,0,0,0,0,0,0,0,0,0,0,0,0,0,0,1,0,1,0,0,0,0,0,0,0,0,0,0,0,0,1,0,0,0,0,0,0,0,0,0,0,0,0,0,0,0,0,0,0,0,0,0,0,0,0,0,0,0,0,0,0,0,0,0,0,0,0,0,0,0,0,0,1,0,0,0,0,0,0,0,0,0,0,0,0,0,0,0,0,0,0,0,0,0,0,0,0,0,0,0,0,0,0,0,0,0,0,0,0,0,0,0,0,0,0,0,0,0,0,0,0,0,0,0,0,0,0,0,0,0,0,0,0,0,0,0,0,0,0,0,0,0,0,1,0,0,0,0,0,0,0,0,0,0,0,0
Chst13,0,0,0,0,1,0,1,0,0,0,0,0,0,0,0,0,0,0,0,0,0,1,0,0,0,0,0,0,0,0,0,0,1,0,0,0,0,0,2,0,0,0,0,0,0,0,0,0,0,1,0,0,1,0,0,0,0,0,0,0,0,0,0,0,0,0,0,0,0,0,0,0,0,0,0,0,0,0,0,1,0,0,0,0,0,0,0,0,0,0,0,0,0,0,0,0,0,0,1,0,0,0,0,0,0,0,0,0,0,0,0,0,0,0,0,0,1,0,0,0,1,0,0,0,0,0,0,0,0,0,0,0,0,0,0,0,0,0,0,0,0,0,0,0,0,0,0,0,0,0,0,0,0,0,0,0,0,0,0,0,0,0,0,1,0,0,0,0,0,1,0,0,0,0,0,0,0,0,0,0,0,0,0,0,1,0,0,0,1,0,0,0,0,0,0,1,0,1,0,0,0,0,0,0,0,0,0,0,0,0,0,0,0,0,1,0,0,0,0,0,0,0,0,0,0,1,0,0,0,0,0,0,0,0,0,0,0,0,0,0,0,0,0,0,0,0,0,0,0,0,0,0,0,0,0,1,0,0,0,0,0,0,0,0,0,0,0,0,1,0,0,0,0,0,1,0,0,1,0,0,0,0,0,0,0,0,0,0,0,0,0,0,0,0,0,0,0,0,0,0,0,0,0,0,0,0,0,0,0,0,0,0,0,0,1,0,1,1,0,0,0,0,0,0,0,0,0,0,0,0,0,0,0,0,0,0,0,0,1,0,0,0,0,1,0,0,0,0,0,0,0,0,0,0,0,0,0,1,0,0,0,0,0,0,0,0,1,0,0,0,0,0,0,0,0,0,0,0,0,0,0,0,0,0,0,0,0,0,0,0,1,0,0,0,0,0,0,0
Oprl1,0,2,0,0,0,1,0,1,0,3,0,0,1,0,0,0,0,0,0,0,0,1,0,0,0,0,0,0,0,2,0,1,1,0,0,0,1,0,0,0,1,0,0,0,0,0,0,0,0,1,3,0,1,0,0,0,0,1,0,1,0,0,0,0,3,0,0,0,0,0,0,0,0,0,0,0,1,0,0,0,0,1,0,0,0,0,0,0,0,0,0,0,0,0,0,0,0,0,0,0,0,1,0,0,0,0,0,0,0,0,0,1,2,0,0,0,1,0,1,2,1,0,0,1,0,0,0,1,0,0,0,0,0,0,0,0,0,0,0,0,0,0,0,0,0,0,0,0,0,0,0,0,0,0,0,0,0,1,0,1,1,1,0,0,0,0,0,2,1,3,0,3,0,0,0,0,0,0,0,0,0,0,0,0,1,0,0,0,0,1,0,0,0,0,0,0,1,0,0,0,0,0,0,0,0,2,0,0,0,0,1,0,0,0,0,0,1,0,0,0,1,0,0,0,0,1,0,0,0,0,0,0,0,0,0,0,0,0,0,1,0,1,0,0,0,0,0,0,0,0,0,0,1,0,0,1,1,0,0,0,2,1,0,0,0,0,2,1,0,0,2,0,0,0,5,0,0,0,0,0,0,0,0,0,0,0,1,1,0,0,0,1,1,0,0,0,0,0,1,0,1,0,0,0,0,0,0,0,0,0,0,0,0,0,0,0,0,0,0,0,0,1,0,2,1,0,0,1,0,0,0,2,0,0,0,2,0,0,0,0,0,0,0,0,0,1,0,0,0,1,0,0,0,0,0,0,0,1,0,0,0,0,2,0,0,0,0,0,1,0,0,0,0,0,0,0,0,0,0,1,0,0,0,0,0,1,0,0,0,0,0,1,0,1,0,0,0,0
Vegfa,55,13,33,81,69,40,97,53,13,42,39,5,35,51,55,3,9,15,21,9,1,16,3,57,30,37,39,12,10,32,11,29,186,0,1,24,32,6,11,28,66,4,3,23,21,66,1,39,5,32,50,30,28,30,29,0,86,22,7,14,4,23,23,14,29,2,28,8,3,17,1,1,32,20,10,55,47,49,2,38,9,12,28,11,10,5,10,4,9,16,2,3,12,15,2,16,26,24,12,0,1,0,2,10,25,29,1,0,12,7,2,14,11,6,3,9,12,4,35,31,0,24,2,31,9,14,4,18,7,14,9,12,6,0,0,0,14,21,4,4,7,2,34,18,9,23,6,3,32,47,20,18,29,16,6,19,0,10,11,1,28,3,33,20,2,19,21,1,3,10,0,23,57,32,1,0,19,8,25,2,23,44,1,24,9,23,7,26,103,33,8,6,2,1,6,18,9,66,29,11,18,48,16,37,23,56,19,12,3,31,51,11,1,10,7,15,16,13,6,0,19,1,7,5,11,11,45,24,19,16,24,2,7,19,17,41,12,24,54,35,16,35,13,1,27,8,36,16,8,21,14,7,14,1,34,21,15,3,1,19,14,1,2,2,23,27,3,34,25,6,13,23,12,20,43,23,33,41,2,59,22,20,4,4,42,7,35,13,5,5,21,19,17,3,6,9,7,11,5,12,12,11,5,9,16,26,3,8,5,3,10,2,27,5,10,0,9,17,16,1,0,0,0,45,35,25,2,30,25,14,18,29,1,27,2,10,1,5,26,8,25,3,11,20,12,6,4,0,40,12,12,22,1,107,45,30,3,8,0,20,6,1,16,6,3,25,15,2,5,15,1,1,31,2,0,2,1,16,72,10,2,6,5,1,3,28,5,1,12,4,9,15,7,2,31,3,6,5
Car12,0,0,0,0,0,0,0,0,1,0,0,0,1,0,0,0,0,0,0,0,0,0,0,0,0,0,0,0,0,0,0,0,0,0,0,0,0,0,0,0,0,0,0,0,0,0,0,0,1,0,0,0,0,0,0,0,0,0,0,0,0,0,0,0,0,0,0,0,0,0,0,0,0,0,0,0,0,0,0,0,0,0,0,0,0,0,0,0,0,0,0,0,0,0,0,0,0,0,0,0,0,0,0,0,0,0,0,0,0,1,0,1,0,0,0,0,0,0,0,0,1,0,0,1,0,0,0,0,0,0,0,0,0,0,0,0,0,0,0,0,0,0,0,1,0,0,0,0,0,0,0,0,0,1,0,0,0,1,0,0,1,0,0,0,0,1,0,0,0,0,0,0,1,0,0,0,0,0,0,0,1,0,0,0,0,0,0,0,0,0,0,0,0,0,0,0,0,0,0,1,0,0,0,1,0,0,0,0,0,0,1,0,0,0,0,0,0,0,0,0,1,0,0,0,0,0,0,0,0,0,1,0,0,0,0,0,0,0,0,0,0,0,0,0,0,0,0,0,0,0,1,0,0,0,0,0,0,0,0,0,0,0,0,0,0,0,0,0,0,0,1,0,0,0,0,0,0,0,0,0,0,0,0,0,0,0,0,1,0,0,0,0,0,0,0,0,0,0,0,0,0,0,0,0,0,0,0,1,0,0,0,0,0,0,0,0,0,0,0,0,0,0,0,0,1,0,0,0,0,0,0,0,0,0,0,0,0,0,0,0,0,0,0,0,0,0,0,0,0,0,0,0,0,0,0,0,0,0,0,0,0,0,2,0,0,1,0,0,0,1,0,0,0,0,0,0,0,0,0,0,0,0,0,0,0,0,1,0,0,0,0,0,0,0,0,0,0,0
Thsd7b,0,0,0,0,0,0,0,0,0,0,0,0,0,0,0,0,0,0,0,0,0,0,0,0,0,0,0,0,0,0,0,0,0,0,0,0,0,0,0,0,0,0,0,0,0,0,0,0,0,0,5,0,0,0,0,0,0,0,0,0,0,0,0,0,0,0,0,0,0,0,0,0,0,0,0,0,0,0,0,0,0,0,0,0,0,0,0,0,0,0,0,0,0,0,0,0,0,0,0,0,0,0,0,0,0,0,0,0,0,0,0,1,0,0,0,0,0,0,0,0,0,0,0,0,0,0,0,0,0,0,0,0,0,0,0,0,1,0,0,0,0,0,0,0,0,0,1,0,0,0,0,0,0,0,0,0,0,0,0,0,0,0,0,0,0,0,0,0,0,0,0,0,0,0,0,0,0,0,0,0,0,0,0,0,0,0,0,0,0,0,0,0,0,0,0,0,0,0,0,0,0,0,0,0,0,0,0,0,0,0,0,1,0,0,0,1,0,0,0,0,0,0,0,0,0,0,0,0,0,0,0,0,0,1,0,0,0,0,0,0,0,0,0,0,0,0,0,0,0,0,0,0,0,0,0,0,0,0,0,0,0,0,0,0,0,0,0,0,0,0,0,0,0,0,0,0,0,0,0,0,0,0,0,0,0,0,0,0,0,0,0,0,0,0,0,0,0,0,0,0,0,0,0,0,0,0,0,0,0,0,0,0,0,0,0,0,0,0,1,0,0,0,0,0,0,0,0,0,0,0,0,0,0,0,0,0,0,0,0,0,0,0,0,0,0,0,0,0,0,0,0,0,0,0,0,0,0,0,0,0,0,0,0,0,0,0,0,0,0,0,0,0,0,0,0,0,0,0,0,0,0,0,0,0,0,1,0,0,1,0,0,0,0,1,0,0,0,0
Cdh11,0,3,3,0,2,3,2,1,0,2,3,0,1,0,1,0,0,0,0,0,1,1,0,3,2,1,2,4,0,5,0,0,3,0,0,2,0,0,0,1,0,0,0,2,0,3,0,1,1,5,3,2,2,2,1,1,0,0,1,1,0,2,2,0,0,0,0,1,0,0,1,0,1,0,1,0,0,0,0,3,0,2,0,0,0,0,0,0,0,0,0,1,1,0,2,0,0,0,0,0,0,0,1,0,2,0,0,0,0,1,1,1,0,1,0,2,2,0,2,2,1,3,0,0,2,1,0,1,0,0,0,0,1,0,0,0,0,0,0,1,0,0,2,1,1,0,1,1,1,5,1,1,4,1,0,1,0,2,3,0,2,0,2,3,0,2,0,0,2,1,0,3,2,1,1,0,1,1,1,0,2,2,0,1,1,0,0,1,3,0,0,0,0,0,1,2,0,2,0,0,3,5,2,0,2,2,1,3,0,2,1,1,0,1,0,0,3,1,0,0,0,0,2,1,0,1,1,1,2,1,2,0,0,1,1,4,1,0,2,2,1,2,0,1,0,0,0,2,0,0,0,0,1,0,4,0,0,0,0,1,2,0,0,1,0,2,0,1,0,0,0,0,2,0,1,2,0,3,0,1,0,1,1,0,1,0,2,0,2,0,0,0,1,0,1,0,0,0,0,1,1,0,0,1,0,1,0,0,0,1,0,0,1,0,0,0,0,1,0,0,0,0,0,3,2,5,1,2,2,1,1,0,0,1,0,0,0,1,0,2,1,0,2,0,1,0,0,0,0,0,0,0,0,2,2,1,0,0,0,3,1,0,2,0,0,0,0,1,0,1,0,0,0,0,0,0,0,2,0,3,0,1,2,0,1,3,1,0,2,2,3,0,0,0,2,0,0,0
Npm1,0,1,0,0,0,0,0,1,0,0,0,1,0,0,0,0,0,0,0,0,0,0,0,0,1,1,0,0,0,0,0,0,0,0,0,0,0,0,1,0,0,0,0,0,0,0,0,0,0,0,0,0,0,0,0,0,0,0,0,0,0,0,0,0,0,0,0,0,0,0,0,0,0,0,0,1,0,0,0,0,0,1,0,0,0,0,0,0,0,1,0,0,0,0,0,0,1,0,0,0,0,0,0,0,1,0,0,0,0,0,0,1,0,0,0,0,1,0,1,0,0,0,0,0,0,0,0,0,0,0,0,0,0,0,0,0,0,0,0,0,0,0,0,0,0,0,0,0,0,0,0,0,0,0,0,0,0,0,0,0,1,0,0,0,0,1,0,1,0,1,0,0,0,1,0,0,0,0,0,0,0,0,0,0,0,0,0,0,0,0,0,0,0,0,0,0,0,0,0,1,0,0,1,1,0,0,0,0,0,0,0,0,0,1,0,0,0,0,0,0,0,0,0,0,0,0,0,0,0,0,0,0,0,0,0,1,0,0,0,0,0,0,0,0,0,0,0,0,0,1,0,0,1,0,0,0,0,0,0,1,0,0,0,0,0,0,0,0,0,0,0,0,0,0,0,0,2,0,1,0,0,0,0,0,0,0,0,0,0,0,0,0,0,0,0,0,0,0,0,0,0,0,0,0,1,0,0,0,0,0,0,0,1,0,0,0,0,0,0,0,0,0,0,0,0,0,0,0,0,0,0,0,0,0,0,0,0,0,1,0,0,0,1,0,0,0,0,0,1,0,0,0,0,0,0,0,0,0,0,0,0,0,0,0,0,0,0,0,0,0,0,0,0,0,0,0,0,0,0,0,0,0,0,0,0,1,0,0,0,0,0,1,0,0,0,0,0,0
Calcr,0,0,0,0,0,0,0,0,0,0,0,0,0,0,0,0,0,0,0,0,0,0,1,0,0,0,0,0,0,0,0,0,0,0,0,0,0,0,0,0,0,0,0,0,0,0,0,0,0,0,2,0,0,0,0,0,1,0,0,0,0,0,0,0,0,0,0,0,0,0,0,0,0,0,1,0,0,0,0,0,0,0,0,0,0,0,0,0,0,0,0,0,1,0,0,0,0,0,0,0,0,0,0,0,0,1,0,0,1,0,0,0,0,0,0,0,0,0,0,0,0,0,0,0,0,0,0,0,0,0,0,1,0,0,0,0,0,0,0,0,0,0,0,0,0,0,0,0,0,0,0,0,1,1,0,0,0,0,0,0,0,0,0,0,0,0,0,0,0,0,0,0,0,4,0,0,0,0,0,0,0,0,0,0,0,0,0,0,0,0,0,0,0,0,0,0,0,0,0,0,0,0,1,0,0,0,1,0,0,0,0,0,0,0,0,0,0,0,0,0,0,0,0,0,0,0,0,0,0,0,0,0,0,0,0,0,0,0,0,0,0,0,0,1,0,0,0,0,0,0,0,0,0,0,0,0,0,0,0,0,0,0,0,0,0,0,0,1,0,0,0,0,0,0,0,0,0,0,0,1,0,0,0,0,1,0,1,0,0,0,0,1,0,0,0,0,0,0,0,0,0,0,0,0,0,0,0,0,1,0,0,0,0,0,0,0,1,1,0,0,0,0,0,0,0,0,0,0,0,0,0,0,0,0,0,0,0,0,0,0,0,0,0,0,0,0,0,0,0,0,0,0,0,0,0,0,0,0,0,1,0,0,1,0,0,0,0,0,0,0,0,0,0,0,0,0,0,0,0,0,0,0,0,0,0,0,0,0,0,0,0,1,0,0,0,0,0,0
Drd2,0,0,0,0,0,0,0,0,0,0,1,0,0,0,0,0,0,0,0,0,0,0,0,0,0,0,0,0,0,0,0,0,1,0,0,0,0,0,0,0,0,0,0,0,0,0,0,0,0,1,0,0,0,1,0,0,0,0,0,0,0,0,0,0,0,0,0,0,0,0,0,0,0,0,0,1,0,0,0,0,0,0,1,0,0,0,0,0,0,0,0,0,0,0,0,0,0,0,0,0,0,0,0,0,0,0,0,0,0,0,0,1,0,0,0,0,0,0,1,0,0,0,0,0,0,0,0,0,0,0,0,0,0,0,0,0,0,0,0,0,0,0,0,0,0,0,0,0,0,1,0,0,0,0,0,0,0,0,0,0,0,0,0,0,0,0,0,0,0,0,0,0,0,0,0,0,0,0,0,0,0,0,0,0,0,0,0,0,0,0,0,0,0,0,0,0,0,0,0,0,0,0,0,0,0,0,0,0,0,0,0,0,0,0,0,0,0,0,0,0,0,0,1,0,0,0,0,0,0,0,0,0,0,0,0,0,0,0,0,0,0,0,0,0,0,0,0,0,0,0,1,0,0,0,0,0,0,0,0,0,0,0,0,0,0,0,0,0,0,0,0,0,0,0,0,0,0,0,0,0,0,0,0,0,0,0,0,0,0,0,0,0,0,0,0,0,0,0,0,0,0,0,0,0,0,0,0,0,0,0,0,0,0,0,0,0,0,0,0,0,0,0,0,0,0,0,0,0,0,0,0,0,0,0,0,0,1,0,0,0,0,0,0,0,0,0,0,0,0,0,0,0,0,0,0,0,0,0,0,0,0,0,2,0,0,0,0,1,0,0,0,0,0,0,0,0,0,0,0,0,0,0,0,0,0,0,0,0,0,0,0,0,0,0,0,0,0,0
Tubb2b,9,7,9,7,4,20,13,4,4,9,6,0,8,8,1,3,6,1,1,0,1,3,0,4,3,5,3,5,7,1,4,2,1,1,0,9,1,5,1,2,13,1,1,2,2,8,1,4,3,5,9,5,7,3,1,0,13,4,9,1,0,3,0,3,0,1,0,4,2,1,1,0,4,2,0,8,4,2,0,4,3,3,1,1,0,0,0,0,0,0,1,1,6,3,2,0,5,7,4,0,2,0,1,1,1,3,1,2,0,6,1,1,0,3,5,0,4,2,4,3,0,3,3,3,2,2,0,0,0,3,1,0,1,1,1,0,0,2,1,1,2,1,5,7,4,1,1,5,2,4,5,8,0,5,4,6,1,1,9,2,7,3,4,5,2,6,0,4,9,3,1,3,9,2,1,0,2,3,4,3,2,1,0,6,10,13,4,2,5,2,3,1,3,1,1,2,0,3,3,1,1,4,7,6,5,7,1,8,2,2,5,1,0,1,4,3,8,0,0,0,5,0,1,1,4,2,5,6,3,2,4,3,1,2,4,3,1,0,1,1,5,5,3,1,1,2,4,1,1,2,3,2,1,0,8,2,1,0,2,1,1,0,0,0,1,0,0,1,2,2,4,0,0,1,4,1,2,1,0,1,2,1,1,4,5,3,3,2,2,3,5,3,0,1,2,0,1,1,2,1,0,1,0,0,0,0,1,2,1,0,0,0,0,0,0,0,2,0,0,0,0,0,1,6,2,5,2,4,8,0,1,3,0,1,0,2,0,0,1,1,1,1,3,1,2,1,2,0,3,5,0,0,0,2,3,5,0,1,0,3,1,1,3,0,2,1,0,4,2,1,0,1,0,0,1,0,0,3,4,2,0,5,3,1,0,2,0,2,2,5,1,4,0,0,4,2,0,0
Atp13a5,1,1,1,2,2,0,1,1,1,0,3,0,1,0,1,0,0,0,0,0,0,0,0,0,1,0,1,0,0,2,0,0,1,0,1,1,0,0,0,3,2,0,0,0,0,2,0,2,0,0,0,2,0,0,1,0,4,0,0,0,0,1,1,1,0,0,0,0,0,1,0,0,0,1,1,1,1,1,0,3,0,0,1,0,0,0,0,0,0,0,0,0,2,0,0,0,0,0,0,0,0,0,0,0,1,0,0,0,0,0,0,0,0,1,0,0,0,0,2,1,0,0,0,0,0,1,0,0,0,0,0,0,1,0,0,0,0,0,1,0,0,0,0,0,0,0,0,0,0,0,0,1,1,0,0,0,0,0,1,0,0,0,0,1,0,0,0,0,0,0,0,0,0,4,0,0,0,0,2,0,1,1,0,1,0,0,0,0,0,0,0,0,0,1,0,0,0,1,0,1,0,0,0,2,1,1,0,0,0,3,2,2,0,0,1,0,0,1,0,0,2,0,0,0,0,0,0,0,0,1,1,0,0,0,0,0,1,0,0,3,0,3,0,0,1,0,3,0,0,1,2,0,0,0,1,0,1,0,0,0,0,0,0,0,0,0,0,0,0,0,0,1,0,0,2,0,0,1,0,1,1,1,0,0,1,1,4,0,0,0,0,1,0,0,0,1,0,1,0,0,2,0,0,2,0,0,0,0,0,0,1,1,1,0,1,0,0,2,3,0,0,0,0,0,0,0,0,2,2,2,0,1,0,0,0,0,0,0,0,0,0,0,1,0,1,0,0,0,1,1,1,0,0,0,1,0,0,0,0,3,0,0,1,0,0,2,0,0,0,0,0,0,0,1,0,0,0,0,0,1,0,0,1,0,1,3,0,0,2,0,0,0,1,0,1,0,0,0
Pdgfa,0,1,0,0,0,2,0,0,0,4,2,0,0,0,1,0,0,0,0,0,1,1,0,1,1,0,1,0,3,0,1,1,1,0,0,0,1,0,1,0,1,1,0,0,1,0,0,1,1,0,1,2,1,1,0,0,0,0,0,0,0,0,1,0,0,1,1,0,0,0,0,0,2,0,0,0,0,0,0,1,0,1,0,0,0,0,0,0,0,0,0,0,2,0,0,2,1,3,0,0,0,0,0,0,0,0,2,0,0,0,1,0,0,0,0,1,1,0,0,1,0,0,0,0,0,1,0,1,0,0,0,0,0,0,0,0,0,0,0,0,0,0,1,2,0,0,0,2,0,0,0,1,0,0,0,1,0,0,0,0,1,0,0,0,1,1,0,1,1,3,0,1,1,1,0,0,1,0,0,0,0,0,0,2,1,0,1,0,0,1,1,0,1,0,0,0,0,0,0,0,0,0,0,0,1,0,2,0,0,0,0,1,0,0,1,0,0,0,0,2,0,0,0,0,2,1,1,0,1,0,1,1,0,0,1,0,0,0,2,0,2,1,0,0,0,0,0,1,0,0,0,0,0,1,1,2,0,1,0,0,0,0,0,0,0,0,0,1,0,0,0,3,0,1,0,1,0,1,0,2,1,0,0,0,0,0,0,0,1,0,3,1,1,0,0,0,0,0,0,0,2,0,0,0,0,2,1,0,0,1,1,0,0,0,0,0,0,0,1,0,0,0,0,0,0,0,0,1,0,0,0,2,0,1,0,1,0,0,0,0,0,1,0,0,0,0,0,0,1,0,0,0,0,1,0,1,0,1,0,0,0,1,2,0,0,0,0,1,1,0,0,0,0,2,0,0,0,0,0,1,0,0,1,0,1,0,1,0,3,0,0,1,0,0,0,0,0,2
Grin3a,0,0,0,0,1,1,0,2,0,2,3,0,0,2,1,0,0,0,1,4,0,0,0,1,2,0,0,0,0,2,1,3,0,0,0,0,1,0,0,1,3,1,1,4,0,1,1,0,0,3,1,1,0,0,0,0,0,0,0,0,0,1,0,0,1,0,0,0,2,0,0,0,0,0,0,0,0,1,0,4,1,1,0,0,2,0,0,0,1,0,0,0,0,0,0,2,1,0,0,0,0,0,0,0,0,0,0,0,1,0,0,0,0,0,1,0,2,0,0,0,0,2,0,0,0,1,0,0,0,0,0,0,0,0,0,0,0,0,0,1,0,0,7,0,1,0,4,0,2,1,3,0,1,0,0,1,0,0,0,0,0,0,0,1,0,0,0,1,0,0,0,0,2,0,0,0,0,0,5,0,1,0,0,1,0,1,0,0,0,0,0,0,0,0,1,1,0,0,0,0,0,1,0,2,0,0,0,0,0,6,1,1,0,0,2,0,0,0,0,0,1,0,0,0,1,0,1,0,13,1,0,0,0,0,0,0,0,1,2,1,1,1,0,0,1,3,0,1,0,0,4,0,0,0,2,0,0,3,1,0,0,1,0,0,0,0,0,1,0,0,1,0,3,0,6,0,0,1,0,0,0,0,0,1,0,0,0,2,1,0,0,0,0,0,0,0,0,1,3,0,6,0,0,1,0,0,0,0,0,0,0,0,0,0,0,0,0,0,0,0,0,0,0,2,1,1,0,0,0,0,0,0,0,0,0,0,0,0,0,0,0,0,1,0,0,0,0,0,0,0,0,1,0,0,0,0,0,0,0,0,0,0,0,0,0,0,0,0,0,0,0,0,2,0,0,0,0,1,1,0,0,0,0,0,0,0,2,0,1,0,0,4,1,0,0,0,0,3
Ext1,4,1,5,2,2,6,2,2,0,0,1,0,4,0,0,1,0,3,1,2,0,1,0,1,2,1,1,1,3,4,2,0,1,0,0,1,2,3,0,2,3,2,0,0,1,2,0,1,0,1,2,3,1,3,0,0,2,0,4,1,0,1,0,2,2,0,0,0,0,0,0,0,2,2,2,2,0,0,1,0,0,2,1,0,1,1,0,0,0,3,0,1,2,2,0,0,1,3,1,0,0,1,0,0,2,0,0,0,1,1,0,0,2,0,0,2,3,0,1,0,1,2,0,3,0,2,0,2,2,2,0,2,2,0,0,0,1,2,0,1,0,2,1,0,1,0,1,2,0,2,2,2,1,0,0,2,2,1,1,0,0,0,2,1,0,4,2,1,0,1,0,1,0,2,0,0,1,0,1,0,3,3,1,3,2,1,1,0,2,0,0,0,0,0,4,1,0,2,0,1,0,3,0,4,4,3,1,0,0,4,2,3,1,1,1,0,3,1,0,0,2,0,1,2,0,1,1,1,3,3,0,0,0,3,2,0,0,2,3,2,2,2,1,0,0,1,1,1,0,0,2,0,2,0,2,1,1,0,0,1,2,1,0,1,2,1,1,2,0,0,2,1,1,0,2,3,1,0,0,5,1,1,1,0,2,1,1,2,1,2,1,4,2,0,1,0,1,1,1,0,2,0,0,1,0,2,0,0,0,0,0,0,1,0,0,0,0,0,0,0,0,0,0,1,3,0,0,2,0,0,0,1,0,0,0,0,0,0,1,1,1,1,1,0,2,1,0,0,1,1,0,0,0,1,4,0,0,0,0,0,0,0,0,2,0,2,0,0,0,2,0,0,1,1,0,1,0,2,1,1,1,1,2,0,2,1,0,0,0,2,1,1,1,0,1,0,0,0
Unc5b,1,0,2,2,2,0,1,0,1,1,2,0,2,1,1,0,0,2,2,0,0,0,0,4,0,2,1,1,1,0,0,1,2,0,0,1,2,1,1,6,1,0,0,0,0,1,0,0,0,0,1,1,0,1,1,0,2,0,0,0,0,0,1,0,0,0,2,1,0,0,0,1,0,1,0,0,0,0,0,0,0,0,0,0,0,0,1,0,0,0,0,0,0,0,1,0,2,0,0,0,0,0,0,0,0,1,0,0,2,1,0,0,1,0,2,0,0,0,0,0,0,4,0,0,1,0,0,0,0,2,0,1,0,0,0,1,0,1,0,0,0,0,1,1,0,0,0,0,1,2,1,1,1,0,0,1,0,2,1,0,1,0,1,5,0,0,1,0,0,0,0,2,2,0,0,0,0,0,0,0,1,0,0,0,0,2,0,0,3,5,0,0,3,0,2,2,0,3,0,0,0,0,1,2,1,1,2,0,0,0,4,0,0,1,2,0,1,0,0,0,0,0,0,0,2,1,0,2,0,0,2,0,0,0,0,0,0,2,1,2,0,0,1,0,0,0,0,0,0,0,12,2,0,0,2,1,0,0,0,1,0,0,0,1,1,0,0,4,0,1,0,0,0,0,0,0,0,0,0,0,0,0,0,0,0,1,0,0,1,0,0,1,0,0,0,0,0,0,0,0,0,0,0,0,0,1,0,0,1,1,0,0,1,0,0,0,0,0,1,0,1,0,0,1,0,2,0,1,4,0,0,1,0,1,1,2,0,0,0,1,0,2,0,0,0,2,0,0,2,1,0,0,0,2,0,1,0,0,0,0,0,0,0,1,0,0,0,0,2,0,2,0,0,0,0,0,0,2,2,0,0,0,0,0,0,4,0,0,0,0,1,1,0,0,0,0,0,0
Csgalnact1,0,0,0,0,0,1,1,1,0,0,0,0,1,0,0,0,0,0,0,0,0,0,0,0,0,0,0,1,0,0,1,0,1,0,0,0,0,0,1,0,0,0,0,1,0,0,0,0,0,0,0,2,0,0,0,0,1,1,0,0,0,0,1,1,0,0,1,0,0,0,0,0,0,0,0,0,0,1,0,0,0,0,0,0,0,0,0,0,0,1,0,0,1,0,0,0,0,0,0,0,0,0,0,0,0,0,0,0,1,0,0,0,0,0,0,0,0,0,0,1,0,0,0,0,0,0,0,0,0,0,0,0,0,0,0,0,0,0,0,0,0,0,0,0,1,0,0,0,0,0,1,1,0,0,0,0,0,1,0,0,0,0,0,0,0,0,0,0,0,1,0,0,1,0,0,0,0,0,0,0,0,1,0,0,0,0,0,0,0,0,0,0,1,0,0,0,0,0,0,0,0,0,0,1,1,0,0,0,0,1,1,1,0,0,0,0,2,0,0,0,0,0,0,0,0,0,2,0,0,0,0,0,0,1,0,0,0,0,0,0,0,1,0,0,0,0,0,0,0,0,0,1,0,0,0,0,0,0,0,0,0,0,0,0,0,0,0,1,0,0,0,0,0,0,0,0,0,1,0,0,0,0,0,0,0,0,1,0,0,0,1,0,0,0,0,0,0,0,0,0,0,0,0,0,0,0,0,0,0,0,0,0,0,0,0,0,0,0,0,0,0,0,0,0,0,0,0,0,0,0,1,0,0,1,0,0,1,0,0,1,0,0,0,0,0,0,0,0,0,1,0,0,0,0,1,1,0,0,0,0,0,0,0,0,0,0,0,0,0,0,0,0,0,0,0,0,0,0,0,1,0,0,0,0,0,0,0,0,1,1,1,0,0,0,1,0,0,0
Rxfp1,0,0,0,0,0,0,0,0,0,1,0,0,0,0,0,0,0,0,0,0,0,0,0,0,0,0,0,0,0,0,0,0,1,0,0,0,0,0,0,0,0,0,0,0,0,0,0,0,0,0,0,0,0,0,0,0,0,0,0,0,0,0,0,0,0,0,0,0,0,0,0,0,0,0,0,0,0,0,0,0,0,0,1,0,1,0,0,0,0,0,0,0,0,0,0,0,0,0,0,0,0,0,0,0,0,0,0,0,0,0,0,0,0,0,0,0,0,0,0,0,0,0,0,0,0,0,0,0,0,0,0,0,0,0,0,0,0,0,0,0,0,0,0,0,0,0,0,1,0,0,0,0,0,0,0,0,0,0,0,0,0,0,0,0,0,1,0,0,0,0,0,0,1,0,0,0,1,0,0,0,0,0,0,0,0,0,0,0,0,0,0,0,0,0,0,0,0,0,0,0,0,0,0,0,0,0,0,0,0,0,0,2,0,0,0,0,0,0,0,0,0,0,0,1,0,0,0,0,0,0,0,0,0,0,0,0,0,0,0,0,0,1,0,0,0,0,0,0,0,0,0,0,0,0,0,1,0,0,0,0,0,0,0,0,0,0,0,0,0,0,1,0,0,0,0,0,0,0,0,0,0,0,0,0,0,0,0,0,0,0,0,0,0,0,0,0,0,0,0,0,0,0,0,0,0,0,0,0,0,0,0,0,0,0,0,0,0,0,0,0,0,0,0,0,0,0,0,0,0,0,0,0,0,0,0,0,0,0,0,0,0,0,0,0,0,0,0,0,0,0,0,0,0,0,0,0,0,0,0,0,0,0,0,0,0,0,0,1,0,0,0,0,0,0,0,0,0,0,0,0,0,0,0,0,0,1,0,0,0,0,0,1,0,0,0,0,0,0
Chst8,0,0,0,1,0,5,1,0,0,3,1,0,1,0,0,0,1,0,1,0,1,0,0,2,1,0,0,0,0,0,0,0,1,0,0,0,0,1,0,0,1,0,0,0,0,1,0,0,0,0,0,0,0,0,0,0,1,0,0,0,0,0,0,0,0,0,0,0,0,0,0,0,0,0,0,1,0,0,0,0,1,0,0,0,0,0,0,0,0,0,0,0,0,0,0,0,0,0,0,0,0,0,0,0,0,0,0,0,0,0,0,0,0,0,0,0,0,0,0,0,1,1,0,0,0,0,0,0,0,1,0,0,0,0,0,0,0,0,0,0,0,0,0,0,0,0,0,0,0,0,0,0,0,0,0,1,0,0,0,0,0,0,0,0,0,0,0,0,0,0,0,0,0,0,0,0,0,0,0,0,0,0,0,0,0,0,0,0,1,0,0,0,0,0,0,0,0,0,0,0,0,1,0,1,4,1,0,2,0,6,4,0,0,0,1,0,0,0,0,0,0,0,0,0,1,0,0,0,0,0,0,0,0,0,0,1,0,0,2,0,0,0,0,0,0,0,2,0,0,0,0,0,0,0,1,1,0,0,0,0,0,0,1,1,1,0,0,1,1,0,0,0,0,0,1,0,0,0,0,0,0,1,0,0,0,0,0,1,0,0,0,0,0,0,0,0,0,0,0,0,0,0,0,0,0,0,0,0,1,1,0,0,0,0,0,0,0,0,0,0,0,0,0,0,0,0,0,0,0,0,0,0,0,0,0,0,0,0,0,1,0,0,0,0,0,0,0,0,0,0,0,0,0,0,0,0,0,0,0,0,0,0,0,0,0,0,0,0,0,0,0,0,0,0,0,0,0,0,0,0,0,0,0,0,0,1,0,0,1,0,0,0,0,0,0,0,0,0
Gal3st1,0,0,0,0,0,0,0,0,0,0,0,0,0,0,0,0,0,0,0,0,0,0,0,0,0,0,0,0,0,0,0,1,0,0,0,0,0,0,0,0,1,1,0,0,0,0,0,4,0,0,1,0,0,0,0,0,1,0,0,0,0,0,0,0,0,0,0,0,0,0,0,0,0,0,0,0,0,0,0,0,0,0,0,0,0,0,0,0,0,0,0,1,0,0,0,0,0,0,0,0,0,0,0,0,0,0,1,0,0,0,0,0,0,0,0,0,0,1,0,0,0,0,0,0,1,0,0,0,0,0,0,1,0,0,0,0,1,0,0,0,0,0,0,0,1,0,0,0,0,0,0,0,0,0,0,0,1,0,0,0,2,1,0,0,0,0,1,0,1,2,0,0,0,0,0,0,0,0,0,0,0,0,0,0,0,0,0,0,0,0,0,0,0,0,4,0,0,0,0,0,0,1,0,0,0,0,2,0,0,2,0,0,0,1,0,0,0,0,0,0,1,0,0,0,1,0,0,0,1,0,0,0,0,1,0,0,0,0,0,0,0,0,0,0,0,0,0,0,0,0,3,0,0,0,0,0,0,0,0,0,1,1,0,0,0,0,0,0,0,0,0,0,0,0,0,0,0,0,0,1,0,1,0,0,0,0,0,0,0,0,0,0,1,0,0,0,0,0,0,0,0,0,0,0,0,0,0,0,0,0,0,0,0,0,0,0,0,0,0,0,0,0,0,0,0,0,0,0,0,0,0,1,0,0,0,0,0,0,0,0,0,0,0,0,0,0,0,0,0,0,0,0,0,0,1,0,0,0,0,1,0,0,0,0,0,0,0,0,0,0,0,0,0,0,0,0,0,0,0,0,0,0,0,0,0,0,0,0,0,0,0,0,0,0,0,0,0,0
Chpf,2,8,3,2,1,9,1,5,2,3,3,0,3,4,2,1,0,1,1,0,0,2,0,2,2,4,0,3,5,1,0,5,1,0,0,0,4,2,6,3,3,0,0,0,1,3,0,3,0,1,7,2,1,4,2,0,7,0,1,0,0,0,2,0,1,0,3,1,0,3,0,1,1,2,0,1,1,1,3,1,1,1,1,1,0,0,1,0,0,0,0,1,2,0,1,0,0,0,2,0,0,0,0,1,5,0,0,0,0,2,0,2,1,2,0,0,0,0,0,1,0,1,0,1,2,0,2,0,0,1,0,0,0,1,0,0,0,1,0,0,0,0,2,1,0,0,1,1,0,2,1,0,0,5,0,1,0,2,1,2,4,1,1,1,1,0,0,1,1,0,0,0,4,0,0,0,0,0,0,0,0,2,2,2,1,0,0,2,1,4,0,1,1,0,1,0,0,1,0,1,0,5,2,1,2,0,0,2,0,1,4,1,0,0,1,3,1,0,0,0,1,0,0,1,0,2,0,3,0,0,2,0,1,0,2,2,0,1,1,1,0,0,0,0,0,1,1,0,0,1,0,0,1,0,0,4,0,1,0,0,5,0,0,0,2,2,0,2,0,0,1,1,0,0,4,1,0,0,0,0,2,0,0,1,1,3,3,3,5,1,0,1,0,0,3,0,1,0,2,1,1,0,2,0,0,1,1,0,0,0,0,0,3,0,0,0,0,0,0,2,0,0,0,0,2,3,2,1,2,0,3,2,0,2,0,1,1,1,1,0,0,0,3,2,2,1,0,0,2,0,0,1,0,2,0,0,0,0,1,2,1,0,3,0,0,2,0,3,1,0,0,0,2,0,0,0,0,1,1,0,0,1,2,0,1,2,0,3,0,1,1,0,2,0,1,1,0,0
St6galnac2,0,0,0,0,0,0,0,0,0,0,0,0,1,0,0,0,0,0,0,0,0,0,0,0,0,0,0,0,0,0,0,0,0,0,0,0,0,0,0,0,0,0,0,0,0,0,0,0,0,0,0,0,0,0,0,0,0,0,0,0,0,0,0,0,0,0,0,0,0,0,0,0,0,0,0,0,0,0,0,0,0,0,0,0,0,0,0,0,0,0,0,0,0,0,0,0,0,0,0,0,0,0,0,0,0,0,0,0,0,0,0,0,0,0,0,0,0,0,0,0,0,0,0,0,0,0,0,0,0,0,0,0,0,0,0,0,0,0,0,0,0,0,0,0,0,0,0,0,0,0,0,0,0,0,0,0,0,0,0,0,0,0,0,0,0,0,0,0,1,0,0,0,0,0,0,0,0,0,0,0,0,0,0,0,0,0,0,0,0,0,0,0,0,0,0,0,0,0,0,0,0,0,0,1,0,0,0,0,0,0,0,0,0,0,0,0,0,0,0,0,0,0,0,0,0,0,0,0,0,0,0,0,0,0,0,0,0,0,0,0,0,0,0,0,0,0,0,0,0,0,0,0,0,0,0,0,0,0,0,0,0,0,0,0,0,0,0,0,0,0,0,0,0,0,0,0,0,0,0,0,0,0,0,0,0,0,0,0,0,0,0,0,0,0,0,0,0,0,0,0,0,0,0,0,0,0,0,0,0,0,0,0,0,0,0,0,0,0,0,0,0,0,0,0,0,1,0,0,0,0,0,0,0,0,0,0,0,0,0,0,0,0,0,0,0,0,0,0,0,0,0,0,0,0,0,0,0,0,0,0,0,0,0,0,0,0,0,0,0,0,0,0,0,0,0,0,0,0,0,0,0,0,0,0,0,0,0,0,0,0,0,0,0,0,0,0,0,0
St8sia5,2,8,2,1,2,8,2,1,1,4,1,0,0,7,2,0,1,1,3,0,0,0,0,5,0,1,3,4,0,4,0,3,5,0,0,0,2,1,1,5,2,1,2,2,3,4,0,1,0,2,4,1,1,3,0,0,2,0,0,1,0,0,1,1,0,1,0,0,0,0,0,0,5,0,2,3,3,1,2,0,0,0,0,1,1,0,0,0,1,0,0,1,2,0,2,0,0,1,0,0,0,0,0,0,1,2,0,1,0,2,0,0,0,1,0,1,2,3,0,2,1,4,0,0,0,2,1,1,0,3,0,1,0,0,0,0,0,1,0,0,0,0,1,1,1,1,2,1,0,4,2,3,1,1,1,0,1,0,4,0,0,2,0,0,0,1,1,1,4,2,0,0,2,0,0,0,2,1,0,0,2,3,2,1,0,1,0,1,0,0,0,0,0,1,2,2,0,2,0,2,0,5,1,1,0,0,4,1,1,5,3,1,0,0,1,0,4,1,0,0,0,0,1,0,2,0,0,2,1,0,0,0,2,6,2,3,0,1,3,3,0,2,0,0,1,4,1,0,1,0,0,0,0,0,0,1,0,0,0,0,5,1,1,5,0,1,0,3,0,1,4,1,1,2,10,3,1,1,0,2,1,0,0,1,1,0,2,0,4,0,2,2,1,0,0,1,2,1,0,1,2,0,0,1,0,0,1,2,1,0,1,0,0,0,0,0,0,1,0,0,0,0,0,1,5,4,0,4,0,5,2,3,0,2,0,0,0,0,0,1,0,0,0,0,0,2,0,1,1,0,0,0,0,1,0,0,1,4,0,1,0,0,4,0,0,1,0,1,3,2,0,0,1,1,0,0,1,0,0,4,1,0,2,0,0,3,0,0,0,0,0,2,3,1,0,1,0,0
Chst15,0,0,0,0,0,3,2,0,2,1,1,0,0,1,0,1,0,0,1,0,1,1,0,0,1,0,2,0,3,1,0,6,1,0,0,0,0,0,0,0,0,0,0,0,0,1,1,0,0,0,5,0,0,0,0,0,0,0,0,0,0,0,0,0,0,0,0,0,0,0,0,0,0,1,0,0,0,0,1,0,0,0,0,0,0,1,0,1,0,0,0,0,1,0,0,0,0,0,0,0,1,0,1,0,0,0,0,0,0,0,0,0,0,0,0,0,2,0,1,0,1,0,0,0,0,0,0,0,0,1,0,1,0,0,0,0,0,0,0,0,0,0,0,1,0,1,0,2,1,3,0,0,0,1,0,1,0,0,1,0,1,1,1,1,0,1,0,1,2,0,0,0,1,1,0,0,1,0,1,0,0,0,2,0,3,0,0,0,0,0,0,0,0,0,0,0,0,0,0,0,0,0,0,1,1,0,0,0,0,0,1,0,0,1,0,0,2,1,0,0,0,0,0,0,0,0,0,0,0,0,0,0,0,5,0,0,0,0,0,0,0,0,0,0,0,0,0,0,0,1,0,0,0,0,0,0,0,1,0,0,1,0,0,0,1,0,0,1,0,0,0,0,0,1,1,0,0,0,0,0,0,0,0,0,2,2,2,0,0,1,0,0,0,0,0,0,0,0,0,1,1,0,0,0,0,1,0,1,0,1,0,0,0,0,0,0,0,0,0,0,0,0,0,1,0,0,0,0,3,0,0,0,0,0,0,0,0,0,0,0,0,0,0,0,2,1,0,0,2,2,0,0,0,0,0,0,0,0,0,0,0,0,0,0,0,1,0,0,0,0,0,0,0,0,0,0,0,0,0,0,0,0,0,0,1,6,0,0,0,0,0,0,1,0,0,0,0,2
Chsy3,0,0,0,0,0,0,0,0,0,0,0,0,1,0,0,1,0,0,1,0,0,0,0,0,0,0,0,0,0,0,0,1,1,0,0,0,1,0,0,0,0,1,0,0,0,0,0,0,0,0,1,0,0,0,0,0,0,0,0,0,0,0,0,0,0,0,1,0,0,0,0,0,0,0,0,0,0,0,1,0,0,0,0,1,0,0,0,0,0,0,0,0,0,0,0,0,1,0,0,0,0,0,0,0,2,0,0,0,0,0,0,0,0,0,0,0,0,0,0,0,0,0,0,0,1,0,1,0,1,0,0,1,0,0,0,0,0,0,0,0,0,0,0,0,0,0,0,0,0,0,1,2,0,0,0,0,1,0,1,0,0,0,1,0,0,0,0,2,1,1,0,0,0,0,0,1,0,0,0,0,0,1,0,0,0,0,0,0,1,0,0,1,0,0,0,0,0,0,0,1,0,1,0,0,0,0,0,0,0,2,0,2,0,3,0,0,0,0,0,0,0,0,0,0,0,0,0,1,0,0,0,0,0,2,3,0,0,0,0,0,0,0,0,0,0,1,0,0,0,0,0,1,1,0,0,0,0,0,0,0,0,0,0,2,0,2,0,1,0,0,0,0,0,0,1,0,0,0,0,0,0,1,0,0,0,1,1,1,1,0,0,0,0,0,0,0,0,0,0,0,0,0,0,0,0,0,0,0,0,0,0,0,0,0,0,0,0,0,0,0,0,0,0,0,0,1,0,1,0,2,0,0,0,0,0,0,0,0,0,0,0,0,0,1,0,0,0,0,0,1,0,0,0,0,0,0,0,0,0,0,0,0,0,0,0,0,0,1,0,0,0,0,0,0,0,0,0,1,1,1,1,0,0,0,1,4,1,0,0,0,1,0,1,0,0,1,0,0
Sdhc,2,2,0,0,2,0,2,3,1,2,1,0,2,0,0,2,0,0,0,0,0,0,0,0,0,1,0,0,0,0,0,0,2,0,0,0,1,0,0,1,1,0,0,1,0,0,0,2,0,1,0,1,0,1,2,0,2,0,0,1,0,0,0,0,0,0,0,0,0,1,0,0,1,0,0,1,0,0,1,0,0,0,2,0,0,0,0,0,0,1,0,0,0,1,0,0,0,0,0,0,0,0,1,0,0,0,0,0,0,1,0,0,0,0,2,1,0,0,0,0,0,0,0,1,1,0,0,0,0,0,0,0,0,0,0,0,2,0,0,1,0,2,0,0,1,1,1,0,0,1,2,0,0,1,0,0,0,1,1,0,1,0,0,1,0,1,0,1,2,3,1,2,0,0,0,0,0,0,0,1,0,0,0,0,0,0,0,0,1,0,0,0,0,0,1,0,0,1,0,1,0,4,0,2,2,0,3,0,0,0,0,1,0,0,0,0,1,1,0,0,1,1,0,0,0,0,1,0,0,0,0,0,0,0,0,2,0,0,0,2,1,1,1,0,0,0,2,0,0,0,1,0,0,0,0,0,1,0,0,0,0,0,0,0,0,1,1,0,0,0,0,0,0,0,1,1,0,0,0,1,0,0,1,1,0,0,0,0,1,0,0,0,1,0,0,0,0,0,0,0,0,0,0,0,0,0,0,0,0,0,0,0,0,0,0,0,1,0,0,0,0,0,0,2,0,0,0,1,1,0,1,2,0,0,0,0,0,0,0,1,0,0,0,0,0,0,0,0,0,2,0,0,0,0,0,1,0,0,1,1,0,1,0,0,0,0,0,3,1,0,1,0,1,0,0,0,0,3,0,2,0,1,0,0,0,0,0,0,1,0,0,0,1,0,0,0,0,0
Col18a1,0,1,0,1,0,0,0,0,0,0,0,0,0,0,0,0,0,0,0,0,0,0,0,0,0,0,0,0,0,0,0,0,0,0,0,0,0,0,0,0,0,0,0,0,0,0,0,0,0,0,0,0,0,0,0,0,0,0,0,0,0,0,0,0,0,0,0,0,0,0,0,0,0,0,0,0,0,0,0,0,0,0,0,0,0,0,0,0,0,0,0,0,0,0,0,0,0,0,0,0,0,0,0,0,0,0,0,0,0,0,0,0,0,0,0,0,0,0,1,0,0,0,0,0,0,0,0,0,0,0,0,0,0,0,0,0,0,0,0,0,0,0,0,0,0,0,0,0,0,0,0,0,0,0,0,0,0,0,0,0,0,0,0,0,0,0,0,0,0,0,0,0,0,0,0,0,0,0,0,0,0,0,0,0,0,0,0,0,0,0,0,0,0,0,0,0,0,0,0,0,0,0,0,0,0,0,0,0,0,0,0,0,0,0,0,0,0,0,0,0,0,0,0,0,0,0,0,0,0,0,0,0,0,0,0,0,0,0,0,0,0,0,0,0,0,0,0,0,0,0,0,0,0,0,0,0,0,0,0,0,0,0,0,0,0,0,0,0,0,0,0,0,0,0,0,0,0,0,0,0,0,0,0,0,0,1,0,0,0,0,0,1,1,0,0,0,0,0,0,0,0,0,0,0,0,0,0,0,0,0,0,0,0,0,0,0,0,0,0,0,0,0,0,0,0,0,0,0,0,0,0,0,0,0,0,0,0,0,0,0,0,0,0,0,0,0,0,0,0,0,0,0,0,0,0,0,0,0,0,0,0,0,0,0,0,0,0,0,0,0,0,0,0,0,0,0,0,0,0,0,0,0,0,0,0,0,0,0,0,0,0,0,0,0,0,0,0,0
Gpx3,0,0,1,0,0,0,1,0,0,1,0,0,1,0,0,0,0,0,0,0,0,0,0,0,0,0,0,0,0,0,0,0,0,0,0,0,0,0,1,0,1,0,0,0,0,0,0,0,0,0,0,0,0,0,0,0,0,0,0,0,0,0,0,0,1,0,0,0,0,0,0,0,0,0,0,1,0,0,0,0,0,0,0,0,0,0,0,1,0,0,0,0,0,0,0,0,0,0,0,0,0,0,0,0,0,0,0,0,0,0,0,0,0,0,0,0,0,0,1,0,0,0,0,0,0,0,0,1,0,0,0,0,0,0,1,0,0,0,0,0,0,0,1,0,0,0,0,1,0,0,0,0,0,0,0,0,0,0,0,0,0,0,0,1,0,0,0,0,0,0,0,0,3,0,0,0,1,0,1,0,0,0,0,0,0,0,1,0,0,0,0,0,0,0,0,0,0,0,0,0,0,0,1,0,1,0,0,0,0,0,0,0,0,0,0,0,0,0,0,0,0,0,0,0,0,0,0,0,0,0,0,0,0,0,0,0,0,0,0,0,0,0,0,0,0,0,0,0,0,0,0,0,0,0,1,0,0,0,0,0,1,0,0,0,0,0,0,0,0,0,0,0,0,0,0,1,0,0,0,0,0,0,0,0,0,0,0,0,0,0,0,0,0,0,0,0,0,0,0,0,0,0,0,1,0,0,0,0,0,0,0,0,0,0,0,0,0,0,0,0,0,0,0,0,0,0,0,0,0,0,0,0,0,0,0,0,0,0,0,0,0,0,0,0,0,1,0,0,0,1,0,0,0,0,0,0,0,1,0,0,0,0,0,0,0,1,0,0,0,0,0,0,0,0,0,0,0,0,0,0,0,0,0,0,0,0,0,0,0,0,0,0,1,0,0,0,0,0
Hs3st2,0,0,3,0,0,12,0,7,0,6,0,0,4,2,1,0,3,0,6,0,0,0,0,0,0,0,0,0,0,5,0,12,3,0,0,0,6,0,1,1,0,0,0,1,2,0,0,0,0,9,8,6,0,0,0,1,0,0,0,0,0,1,1,0,0,0,0,1,2,0,0,0,3,0,2,1,2,0,0,0,0,1,2,0,0,0,0,0,0,0,0,0,0,0,1,0,0,3,3,0,0,0,2,0,1,2,0,0,1,0,0,3,0,0,2,0,0,1,1,2,0,2,0,1,1,1,2,1,0,1,0,0,0,0,0,0,2,2,0,0,1,0,0,1,0,1,0,0,0,2,1,1,0,0,0,1,3,0,0,0,3,0,0,1,0,5,0,2,8,1,0,1,5,0,0,0,1,1,3,1,2,2,0,0,0,0,1,0,3,0,0,0,0,1,0,1,3,2,0,0,1,2,1,8,5,4,1,0,0,3,9,2,0,0,0,0,1,1,0,0,0,0,0,0,0,0,0,0,0,1,0,0,2,6,0,2,0,0,1,2,1,9,0,0,0,3,0,0,1,0,0,0,1,0,0,0,2,0,0,0,0,0,0,0,3,1,0,4,1,0,9,0,0,5,6,1,0,1,0,0,0,0,0,4,1,0,0,0,0,0,0,2,0,0,0,0,0,0,4,0,0,0,0,4,1,0,1,0,0,0,0,0,0,1,0,0,0,0,0,0,0,0,0,1,3,5,2,0,0,2,0,1,0,0,0,0,0,0,0,1,0,0,0,2,2,0,0,0,0,1,0,0,0,2,0,0,0,0,0,0,0,0,1,0,0,2,2,9,0,0,0,0,0,0,0,0,0,0,4,1,1,0,0,0,0,1,4,1,0,1,0,1,1,2,0,0,0,0
Slc17a7,12,98,27,6,13,88,12,46,39,49,20,3,46,24,14,6,6,4,47,2,2,3,0,12,18,18,42,32,4,31,18,53,20,7,0,19,38,4,4,16,18,21,8,15,14,41,1,17,9,54,83,31,22,30,13,5,15,4,11,7,3,21,11,4,19,2,16,13,3,17,4,1,30,11,12,20,23,8,9,19,9,16,11,8,1,0,1,1,1,6,1,15,8,7,17,6,12,16,17,0,6,1,17,5,18,19,6,6,5,11,2,24,5,2,9,10,43,8,79,16,7,21,3,28,24,27,13,13,7,7,2,13,8,0,11,1,13,7,12,7,14,21,14,23,15,11,1,42,34,35,29,32,6,31,10,29,17,33,38,7,42,31,40,25,12,46,14,44,48,16,2,22,43,8,16,1,22,26,15,0,15,30,18,30,38,9,15,29,14,16,15,1,6,2,8,13,10,9,8,11,2,33,10,35,25,18,7,19,8,33,60,21,3,9,3,0,7,1,0,0,3,6,1,2,11,5,3,14,14,7,24,11,22,46,12,11,0,8,18,17,24,19,9,6,8,21,9,4,1,0,8,10,9,2,14,19,10,0,3,3,14,3,4,6,14,21,5,28,18,1,39,16,0,13,47,8,15,3,7,15,13,5,3,16,12,33,34,10,19,15,10,15,26,1,5,0,5,2,21,5,3,3,4,20,2,11,17,7,5,2,8,2,7,1,5,0,5,7,2,0,2,1,0,21,19,33,5,16,18,31,10,37,4,2,1,3,3,5,9,8,6,11,8,12,14,13,2,2,22,37,2,9,2,5,9,7,6,12,3,13,1,5,36,8,1,17,13,24,7,4,0,7,6,1,1,0,1,8,23,25,5,16,6,13,20,27,12,8,14,10,13,19,17,10,4,5,1,0
Hmgb1,0,0,0,0,0,0,0,1,0,1,0,0,0,0,0,0,0,0,0,0,0,0,0,0,0,0,1,1,0,0,0,0,0,0,0,0,0,0,0,0,0,0,0,0,0,0,0,0,0,0,0,0,0,0,0,0,0,0,1,0,0,1,0,0,0,0,0,0,0,1,0,0,0,0,0,0,0,0,0,0,0,0,0,0,0,0,0,0,0,0,0,0,1,0,0,0,1,1,0,0,0,0,0,0,0,0,0,0,1,0,0,1,0,0,0,0,0,0,0,1,0,0,0,0,0,0,0,0,0,1,0,1,0,0,0,0,0,0,0,0,0,0,0,0,0,0,0,0,0,0,0,0,0,1,0,0,0,0,1,0,2,1,0,1,0,0,0,0,0,0,0,0,0,1,0,0,0,0,0,0,0,0,0,0,0,0,0,0,1,0,0,0,0,0,0,0,0,1,0,0,0,0,0,0,0,0,0,1,0,0,0,0,0,0,0,0,0,0,1,0,1,1,0,0,0,0,0,0,0,0,0,0,0,0,0,0,0,0,0,0,0,0,0,0,0,0,0,0,0,0,0,0,0,0,0,0,0,0,0,0,0,0,0,0,1,0,0,1,0,0,0,0,0,0,0,0,0,0,0,0,0,0,0,0,0,0,0,0,0,0,0,1,0,0,0,0,0,0,0,0,0,0,0,0,0,0,0,0,0,0,0,0,0,0,0,0,0,0,1,0,0,0,0,0,0,0,0,0,1,1,0,0,0,0,1,0,0,0,1,0,2,0,0,0,0,0,0,0,0,0,0,0,0,0,0,1,0,1,0,0,0,0,0,0,0,0,0,0,0,0,0,0,0,0,0,0,0,0,0,1,0,0,0,0,0,0,1,0,1,0,0,0,0,0,0,0,0,1
Scarb1,0,0,0,0,0,0,0,0,0,0,0,0,0,0,0,0,0,0,0,0,0,1,0,1,0,0,0,0,0,0,0,0,0,0,0,0,0,0,0,0,0,0,0,0,0,0,0,0,0,0,0,0,0,0,1,0,1,0,0,0,0,0,0,0,0,0,0,0,0,1,0,0,0,0,0,1,0,0,0,0,0,0,0,0,0,0,0,0,0,0,0,0,1,0,0,0,0,0,0,0,0,0,0,0,0,1,0,0,0,1,0,0,0,0,0,0,1,0,0,1,0,0,0,0,0,0,0,0,0,0,0,0,0,0,0,0,0,0,0,0,1,1,0,0,0,1,0,1,0,0,0,0,0,2,1,0,0,0,0,0,1,0,0,0,0,0,0,0,1,1,0,0,0,1,0,0,1,0,0,0,0,0,0,0,0,0,2,0,0,0,0,0,0,0,0,0,0,0,0,0,0,0,0,0,0,0,0,0,0,0,0,0,0,0,0,0,0,0,0,0,0,0,0,0,0,0,0,0,0,0,0,0,0,0,0,0,0,0,0,0,0,0,0,0,0,0,0,0,0,0,0,0,0,0,1,0,0,0,0,0,0,0,0,0,0,1,0,0,0,0,0,0,0,0,0,0,0,0,0,0,0,0,0,0,0,0,0,0,0,0,0,1,0,0,0,0,0,0,0,0,0,0,0,0,0,0,0,1,0,0,0,0,0,0,0,0,0,0,0,0,0,0,0,0,0,0,0,0,0,0,1,0,0,0,0,1,0,0,0,0,0,0,0,0,0,0,0,0,0,1,0,0,0,0,0,0,0,0,0,0,0,0,0,0,0,0,0,0,0,0,1,0,0,0,0,0,0,0,0,0,0,0,0,0,0,0,0,0,0,0,0,0,0,0,0,0,0,0
Ap2s1,2,3,2,1,2,4,2,3,2,2,0,1,2,1,2,0,0,0,0,2,0,1,0,2,1,5,2,1,0,7,4,2,5,1,0,3,3,2,0,5,2,1,0,1,0,1,0,1,0,3,4,3,3,1,1,0,1,2,0,1,0,0,0,0,0,0,2,0,0,0,0,0,1,1,1,0,1,1,2,0,3,0,0,0,0,0,0,1,0,0,1,0,1,1,2,0,1,2,1,0,0,0,1,0,0,1,1,0,0,2,0,1,0,0,0,1,1,2,0,1,0,4,0,0,0,2,2,0,0,2,1,1,1,0,0,0,0,1,0,1,2,2,2,2,4,1,3,2,1,2,3,1,2,2,0,2,0,0,5,0,3,0,3,1,1,1,1,1,0,4,0,2,3,1,0,0,1,1,0,0,1,2,1,0,2,2,1,3,1,1,2,0,0,0,1,3,0,1,0,0,1,1,0,0,4,4,0,1,0,0,0,0,0,0,1,1,1,1,2,0,0,0,0,0,0,1,2,1,0,1,3,0,0,3,1,1,0,0,0,2,1,2,0,0,1,2,2,0,0,0,0,0,1,0,3,1,0,1,0,0,4,0,0,0,2,0,0,0,0,2,1,2,0,1,6,0,0,1,1,0,3,0,0,2,1,4,0,1,2,0,0,0,0,0,0,0,1,0,2,0,2,0,2,0,0,0,0,0,1,0,1,0,0,0,1,0,0,0,1,0,0,0,0,0,1,3,0,2,1,2,1,5,0,1,0,3,0,1,1,0,0,0,2,2,0,0,1,0,1,3,0,0,0,1,1,0,0,0,0,1,0,0,2,1,0,2,0,1,1,1,0,1,0,0,0,0,0,1,1,2,2,1,2,2,0,2,2,0,2,1,3,4,2,0,0,1,0,0
Rfc5,0,2,2,0,2,0,0,0,0,0,0,0,0,0,0,0,0,0,0,0,0,0,0,0,0,1,0,2,0,1,0,0,0,0,0,0,0,0,0,1,0,0,0,0,0,0,0,0,0,0,0,1,0,0,1,0,2,0,0,0,0,0,0,0,0,0,0,0,0,0,0,0,1,0,0,1,0,0,0,0,0,0,0,0,0,0,0,0,0,0,0,0,0,0,0,0,0,0,0,0,0,0,0,0,0,0,0,0,0,0,0,0,0,0,0,0,0,0,1,0,1,0,0,0,0,0,0,0,0,0,0,0,1,0,0,0,0,0,0,0,0,0,0,0,0,0,0,1,0,0,0,0,0,1,0,0,0,0,0,0,0,0,0,0,0,0,0,0,0,0,0,0,0,0,0,0,0,0,0,0,0,0,0,0,0,0,0,0,0,0,0,0,0,0,0,0,0,0,0,0,0,0,0,0,0,0,0,0,0,0,0,1,0,2,0,0,0,0,0,0,0,0,0,0,0,0,0,0,0,0,0,0,0,0,0,0,0,0,0,0,0,0,0,0,0,0,0,0,0,0,1,0,0,0,0,1,0,0,0,0,0,0,0,0,0,0,0,0,0,0,0,1,0,0,0,0,0,0,0,0,0,0,0,0,0,0,0,0,0,0,0,0,0,0,0,0,0,0,0,0,0,0,0,0,0,0,0,0,0,0,0,0,0,0,0,0,0,0,0,0,0,0,0,2,0,0,0,0,0,0,1,0,0,0,0,0,0,0,0,0,0,0,0,0,0,0,1,0,0,0,0,0,0,0,0,0,0,0,0,0,0,0,0,1,0,0,0,0,0,0,0,0,0,0,0,0,0,0,0,0,0,0,0,0,0,0,0,0,0,0,0,0,0,0,0,0,0,0
Nfxl1,0,0,0,0,0,0,0,0,1,0,1,0,0,0,1,0,0,0,0,0,1,1,0,0,0,1,0,0,1,0,0,0,0,0,0,0,1,0,0,1,1,0,0,0,0,1,0,0,0,3,1,0,0,0,0,0,0,0,0,0,0,0,0,0,0,0,0,0,0,0,0,0,0,0,0,0,0,0,0,0,0,0,0,0,0,0,0,0,0,1,0,0,0,0,0,0,1,1,0,0,0,0,0,0,2,0,0,0,1,0,0,0,0,0,0,0,0,1,0,0,1,0,0,0,0,0,0,0,0,0,0,1,0,0,1,0,1,0,0,0,1,1,0,1,0,0,0,0,0,0,0,0,1,1,0,0,0,0,0,0,1,0,0,0,0,0,0,0,0,0,0,0,1,1,0,0,0,0,0,0,1,0,0,1,1,0,0,0,0,0,0,0,0,0,0,0,0,0,0,0,0,0,1,1,0,0,0,1,1,0,0,0,0,0,0,0,0,0,1,0,0,0,0,0,0,0,0,0,0,0,0,0,0,0,0,0,0,0,0,0,0,0,0,0,0,0,0,0,0,1,0,0,0,0,0,0,0,0,0,0,2,0,0,1,0,0,0,0,0,0,0,0,0,0,0,0,0,0,0,0,0,0,0,0,0,0,0,0,1,0,1,0,0,0,0,0,0,1,0,0,0,0,0,0,1,0,0,0,0,0,1,0,0,0,0,0,0,0,0,0,0,0,0,0,0,1,0,0,0,1,0,0,0,0,0,0,0,0,0,0,0,0,0,0,0,0,0,0,0,1,0,0,0,2,0,0,0,0,0,1,0,0,1,1,0,0,0,0,0,0,0,0,0,0,0,0,0,0,0,0,0,0,0,0,0,0,1,0,0,0,0,0,0,1,1,0,0,0
Cbln4,1,1,0,0,0,0,0,2,0,0,3,0,0,0,0,0,0,0,0,0,0,1,0,0,1,0,0,0,0,0,0,0,0,0,0,0,0,0,0,1,0,0,0,0,0,0,0,0,0,3,1,0,0,0,1,0,1,0,0,0,0,0,0,0,0,0,0,1,0,0,0,0,0,0,0,0,0,1,1,0,0,0,0,0,0,0,0,0,0,0,0,0,0,1,0,0,0,1,0,0,0,0,0,0,0,0,0,0,0,0,0,0,0,0,0,0,1,0,0,0,0,0,0,0,0,0,0,0,2,0,0,0,0,0,0,0,0,0,0,0,0,0,0,0,0,0,0,0,2,0,0,1,0,0,0,0,0,0,0,0,0,0,0,0,0,0,0,0,0,0,0,0,0,0,0,0,1,0,0,0,0,0,0,0,0,0,3,2,0,0,0,0,0,0,0,0,0,0,0,0,0,9,0,0,1,0,0,1,2,0,0,1,0,0,0,0,0,0,0,0,1,0,0,0,0,0,0,0,0,0,0,0,0,0,0,0,0,0,0,0,0,0,0,0,0,0,0,0,0,0,0,0,0,0,0,1,1,0,0,0,0,0,0,0,0,0,0,0,0,0,1,2,0,0,0,0,0,0,0,0,0,0,0,0,1,1,0,0,0,0,1,3,0,0,0,0,0,0,0,0,0,0,0,0,0,0,0,0,0,0,0,0,0,0,0,0,0,0,0,0,0,0,0,0,0,1,0,0,0,0,0,0,0,0,0,0,0,0,0,0,0,0,1,0,0,0,0,0,0,0,0,0,0,0,0,0,0,0,1,1,0,1,0,0,0,0,0,1,0,0,0,0,1,0,0,0,0,1,0,0,0,0,0,0,0,0,0,0,0,0,0,0,0,0,1,0,0,1
Hs6st2,0,0,0,0,0,4,1,0,0,0,0,0,0,1,0,0,0,0,1,0,0,0,0,0,0,0,2,0,0,0,0,1,0,0,0,0,0,0,0,0,0,0,0,0,0,0,0,0,0,2,0,0,0,0,0,0,0,0,0,0,0,0,1,0,0,0,0,0,0,0,1,0,0,0,0,0,0,0,0,0,0,1,0,0,0,0,0,0,0,0,0,0,0,0,0,0,0,0,0,0,0,0,0,0,0,0,0,0,0,0,0,1,0,0,0,0,0,0,0,0,0,0,0,0,0,0,0,0,0,0,0,0,0,0,0,0,0,1,0,0,0,0,0,0,0,2,0,2,0,1,0,0,0,0,0,1,0,0,0,0,0,0,2,0,1,0,0,0,1,0,0,0,0,0,0,0,1,1,0,0,0,0,0,0,1,1,0,0,0,0,0,0,0,0,0,0,0,0,0,0,0,0,0,0,0,0,1,0,0,2,0,0,0,0,0,0,0,0,0,0,0,0,0,0,1,0,0,0,0,0,0,0,0,0,1,0,0,0,0,0,0,0,0,0,0,0,0,0,0,0,1,0,0,0,0,0,0,0,0,0,0,0,0,0,0,2,0,1,0,0,0,0,0,0,0,0,0,0,0,0,0,0,0,0,0,0,1,0,0,0,1,0,0,0,0,0,0,0,0,0,0,0,0,1,0,0,0,0,0,0,0,0,0,0,0,0,0,0,0,0,0,0,0,1,0,0,0,0,0,1,0,0,0,0,0,2,0,1,0,0,0,0,0,0,0,0,0,0,0,1,0,0,0,0,0,0,0,0,0,0,0,0,0,0,0,0,0,0,0,0,0,0,0,0,0,0,0,0,0,1,1,0,0,0,0,2,0,0,0,0,0,0,2,0,0,0,0,0
Hs6st1,2,6,1,0,0,1,2,5,2,3,2,0,2,0,0,0,0,0,2,0,0,3,0,1,2,1,6,3,1,4,0,0,2,0,0,4,0,0,0,1,1,0,0,1,0,5,0,4,0,1,5,1,0,7,1,0,5,0,2,0,0,0,0,0,1,0,2,0,0,0,0,1,1,1,0,1,3,1,0,2,0,0,1,1,0,0,1,0,0,1,0,0,1,0,2,0,3,3,0,0,0,0,0,0,0,0,0,0,0,0,0,0,1,1,2,1,1,0,1,1,0,0,0,3,3,0,1,0,1,1,0,1,0,0,0,0,0,2,0,1,0,0,2,0,0,0,1,1,0,1,2,0,2,1,0,2,0,1,1,2,3,2,0,2,1,1,1,0,1,1,0,1,5,1,0,0,1,1,0,0,1,0,0,1,1,0,0,1,3,1,1,0,1,0,0,1,3,2,2,2,0,2,1,3,1,1,1,1,0,0,1,4,0,0,0,0,2,0,0,0,1,0,0,2,5,0,2,2,0,0,0,0,0,1,0,1,2,1,0,1,0,1,0,2,0,0,1,0,0,2,2,0,0,0,1,2,0,0,0,0,3,0,0,0,2,1,2,3,0,1,1,0,0,0,0,1,2,2,0,1,2,0,0,0,3,3,2,2,1,1,3,2,1,0,0,0,0,2,0,0,0,0,0,2,0,0,0,0,0,0,0,0,0,1,0,0,0,0,0,0,0,0,0,0,1,0,0,3,0,1,0,4,0,0,0,1,0,0,0,3,0,0,2,0,0,2,0,0,1,0,0,0,0,3,0,0,1,1,0,2,2,1,1,1,1,0,0,1,0,0,0,1,0,0,0,2,0,0,0,1,1,0,0,0,0,1,0,0,2,1,1,1,0,2,0,2,0,0
Gpc6,1,3,0,0,1,0,1,0,0,1,1,0,1,0,0,0,0,0,1,0,0,0,0,1,0,0,1,0,0,0,2,0,1,0,0,0,0,0,0,0,2,0,0,0,0,0,0,0,0,1,0,0,0,0,1,0,0,0,0,0,0,0,0,0,0,0,0,0,0,1,0,0,0,0,0,0,0,0,0,0,1,1,0,0,0,0,0,0,0,0,0,0,1,0,0,0,0,0,0,0,0,0,0,0,0,1,0,0,0,0,0,0,2,0,0,1,0,0,0,0,0,2,0,0,1,0,0,0,1,0,0,0,0,0,0,0,1,0,0,0,0,0,0,1,0,0,2,0,0,1,0,0,0,0,0,0,0,2,0,0,0,0,0,0,1,0,0,0,0,0,0,0,0,1,0,0,0,0,0,1,1,2,1,0,0,0,0,1,0,1,0,0,0,0,0,0,0,1,0,1,0,1,1,1,0,0,0,0,0,0,0,0,0,0,0,1,0,0,1,0,0,0,0,0,0,1,0,0,0,1,0,0,0,0,3,0,0,0,0,0,1,0,0,0,0,0,0,0,0,0,0,0,0,0,1,0,1,0,0,0,0,0,0,0,0,0,0,0,0,0,0,0,0,0,0,0,0,0,0,0,0,1,0,0,0,0,1,0,1,0,0,1,1,0,0,0,0,0,0,0,0,0,0,0,0,0,0,0,0,0,0,0,0,0,0,0,0,0,0,0,1,0,0,0,1,0,0,0,1,0,0,0,0,0,0,0,0,0,0,0,0,0,0,0,0,0,0,0,0,0,0,0,0,0,0,0,0,0,0,0,0,0,0,1,0,1,0,0,0,0,0,0,0,0,0,0,0,0,0,0,1,0,0,0,0,0,0,0,0,0,0,0,0,0,2,1,0,0
Myl9,0,0,0,0,0,0,0,0,0,0,0,0,0,0,0,0,0,0,0,0,0,0,0,0,0,0,0,0,0,0,0,0,0,0,0,0,0,0,0,0,0,0,0,0,0,0,0,0,0,0,0,0,0,0,0,0,0,0,0,0,0,0,1,0,0,0,0,0,0,0,0,0,0,0,0,0,0,0,0,0,0,0,0,0,0,0,0,0,0,0,0,0,0,0,0,0,0,0,2,0,0,0,0,0,0,0,0,0,1,0,0,0,0,0,0,0,0,1,0,1,0,0,0,0,0,0,0,0,0,0,0,0,0,0,0,0,0,0,0,0,0,0,0,0,0,1,0,0,0,0,1,0,0,0,0,1,0,0,0,0,0,0,0,0,0,0,1,0,0,0,0,1,0,0,1,0,0,0,0,0,0,0,0,0,0,0,0,0,0,0,0,0,0,0,0,0,0,0,0,0,0,0,0,0,0,0,0,0,0,0,0,0,0,0,1,0,0,0,0,0,0,0,0,0,0,0,0,0,0,0,0,0,0,0,0,0,0,0,1,0,0,0,0,0,0,0,0,0,0,0,0,0,0,0,0,0,1,1,0,0,0,0,0,0,0,0,0,0,0,0,1,0,0,0,0,0,0,0,0,0,0,0,0,0,0,0,0,0,0,0,0,0,0,0,0,0,0,0,0,0,0,0,0,0,0,1,0,0,0,0,0,0,0,0,0,0,0,0,1,0,0,0,0,0,0,0,0,0,0,0,0,0,0,0,0,0,1,0,0,0,0,0,0,0,0,0,0,0,0,0,0,0,0,0,0,0,0,0,0,0,0,0,0,0,0,1,0,0,0,0,0,0,0,0,0,0,0,0,0,0,0,0,0,0,0,0,0,0,0,0,0,0,1,0,0,0,0,0
Ap2m1,1,5,0,1,1,5,4,5,2,5,3,0,2,2,1,0,0,3,0,0,0,3,0,1,2,3,7,1,2,3,0,5,5,0,1,1,3,2,1,1,0,1,0,4,1,2,0,1,0,2,2,5,2,1,1,0,1,0,0,0,0,0,0,0,0,0,1,1,0,2,0,0,1,1,1,3,0,0,1,0,0,0,0,0,0,0,0,0,0,0,1,1,0,1,0,0,1,1,0,0,0,1,0,1,0,2,0,0,2,3,1,0,0,0,0,0,3,1,2,2,1,2,0,2,1,0,0,1,1,2,0,2,0,0,0,0,0,1,0,0,1,5,0,1,1,2,0,4,2,2,2,1,0,3,0,1,0,3,2,1,4,2,1,1,0,2,1,3,3,3,0,3,5,2,0,0,4,0,1,0,5,2,1,1,0,1,1,1,2,0,0,0,0,0,2,0,3,3,0,0,0,1,1,2,2,2,1,1,1,6,6,0,0,3,1,4,2,0,0,0,3,0,1,0,1,0,0,0,2,0,0,3,3,0,1,1,1,2,2,0,1,0,0,0,2,0,1,0,0,1,0,0,2,0,1,0,2,0,0,0,2,0,0,0,1,1,0,1,1,0,0,1,0,1,1,0,2,1,0,2,3,1,1,0,0,1,1,1,1,0,1,2,1,0,0,0,0,0,0,2,1,0,0,3,1,0,0,0,0,0,2,0,0,0,1,0,0,0,0,0,0,1,0,0,5,2,0,2,2,6,1,1,0,0,0,0,0,0,1,0,0,1,1,0,1,0,1,1,0,4,0,0,0,1,1,1,1,4,0,0,2,0,2,1,0,0,3,0,0,1,0,1,0,0,0,0,0,0,1,0,0,1,1,0,1,1,1,3,1,0,2,2,2,0,1,0,0,0
Sema3g,0,0,0,0,0,0,0,0,0,0,0,0,0,0,0,0,0,0,0,0,0,0,1,0,1,0,0,0,0,0,0,0,1,0,0,0,0,0,0,0,0,0,0,0,0,0,0,0,0,0,0,0,0,0,0,0,0,0,0,0,0,0,0,0,0,0,1,0,0,0,0,0,0,0,0,0,0,0,0,0,0,0,0,0,0,0,0,0,0,0,0,0,0,0,0,0,0,0,0,0,0,0,0,0,0,0,0,0,1,0,0,0,0,0,0,0,0,0,0,0,0,0,0,0,0,0,0,0,0,0,0,0,0,0,0,0,0,0,0,0,0,0,0,0,0,0,1,0,0,0,0,0,0,0,0,0,0,0,0,0,1,0,0,1,0,0,0,0,0,0,0,0,0,0,0,0,0,0,0,0,0,0,0,0,0,0,0,0,0,0,0,0,0,0,0,0,0,0,0,1,0,0,0,0,0,0,0,0,0,0,0,0,0,0,0,0,0,0,0,0,0,0,0,0,0,0,0,0,0,0,0,0,0,0,0,0,0,0,0,0,0,0,0,0,0,0,0,0,0,0,1,1,0,0,0,0,0,0,0,0,0,0,0,0,0,0,0,0,0,0,0,0,0,0,0,0,0,0,0,0,0,0,0,0,0,0,0,0,0,0,0,0,0,0,0,0,0,0,0,0,0,0,0,0,0,0,0,0,0,0,0,0,0,0,0,0,0,0,0,0,0,0,0,0,0,0,0,0,0,0,0,0,0,0,0,0,0,0,0,0,0,0,0,0,0,0,0,0,0,0,0,0,0,0,0,0,0,0,0,0,0,0,0,0,0,0,0,0,0,0,0,0,0,0,0,0,0,0,0,0,0,0,0,0,0,0,0,0,0,0,0,0,0,0,0,0,0,0
Myh11,0,0,0,0,0,0,0,0,0,0,0,0,0,0,0,0,0,0,0,0,0,0,0,0,0,0,0,0,0,0,0,0,0,0,0,0,0,0,0,0,0,0,0,0,0,0,0,0,0,0,0,0,0,0,0,0,0,0,0,0,1,0,0,0,0,0,0,0,0,0,0,0,0,1,0,0,1,0,0,0,0,0,0,0,0,0,1,0,0,1,0,0,0,0,0,0,1,0,1,0,0,0,0,0,0,0,0,0,0,0,0,0,0,0,0,0,0,0,0,0,0,0,0,0,0,0,0,0,0,0,0,0,0,0,0,0,0,0,0,1,0,1,0,0,0,0,0,0,0,0,0,0,0,0,0,0,0,0,0,0,0,0,0,0,0,0,1,0,0,0,0,0,1,1,0,0,0,0,0,0,0,0,0,0,0,0,0,0,1,0,0,0,1,0,0,3,0,0,0,0,0,0,0,0,0,1,1,0,0,0,0,0,0,0,1,0,0,0,1,0,0,0,0,0,0,0,0,0,0,0,0,0,0,0,0,0,0,1,1,0,0,0,0,0,0,0,0,0,0,0,2,0,0,0,0,0,0,0,0,0,0,0,0,0,0,0,0,0,0,0,0,0,0,0,0,0,0,0,0,0,0,0,0,0,0,0,0,0,0,0,0,0,0,0,0,0,0,0,0,0,2,0,0,0,0,0,0,0,0,0,0,0,0,0,0,0,0,0,0,0,0,0,0,0,0,0,0,0,0,0,0,0,0,0,0,0,0,0,1,0,0,0,0,0,0,0,0,0,0,0,0,0,0,0,0,0,0,0,0,0,0,0,0,0,0,0,0,0,0,0,0,0,0,0,0,0,5,0,0,0,0,0,0,0,0,0,0,0,0,0,0,0,0,0,0,0,0,0
Adamtsl2,0,0,0,0,0,0,0,0,0,0,0,0,0,0,0,0,0,0,0,0,0,0,0,0,0,0,0,0,0,0,0,0,1,0,0,0,0,0,0,0,0,0,0,0,0,0,0,0,0,0,0,0,0,0,0,0,0,0,0,0,0,0,0,0,0,0,0,0,0,0,0,0,0,0,0,0,0,0,0,0,0,0,0,0,0,0,0,0,0,0,0,0,0,0,0,0,0,1,0,0,0,0,0,0,0,0,0,0,0,1,0,0,0,0,0,0,0,0,0,0,0,0,0,0,0,0,0,0,0,0,0,0,0,0,0,0,0,0,0,0,0,0,0,0,0,0,0,0,0,1,0,0,0,0,0,0,0,0,1,0,0,0,0,0,0,0,0,0,0,0,0,0,0,0,0,0,0,0,0,0,0,0,0,0,0,1,0,0,0,0,0,0,0,0,0,0,0,0,0,0,0,0,0,0,0,0,0,0,0,0,0,0,0,0,0,0,0,0,0,0,0,0,0,0,0,0,0,0,0,0,0,0,0,0,0,0,0,0,0,0,0,0,0,0,0,0,0,0,0,0,0,0,0,0,0,0,0,0,0,1,0,0,0,0,0,0,0,0,0,0,0,0,0,0,0,0,0,0,0,0,0,0,0,0,0,0,0,0,0,0,0,0,0,0,1,0,0,0,0,0,0,0,0,0,0,0,0,0,0,0,0,0,0,0,0,0,0,0,0,0,0,0,0,0,0,0,0,0,0,0,0,0,0,0,0,0,0,0,0,0,0,0,0,0,0,0,0,0,0,1,0,2,0,0,0,0,0,0,0,0,0,0,0,0,0,0,0,0,0,0,0,0,0,0,0,0,0,0,0,0,0,0,0,0,0,0,0,0,0,0,0,0,0,0,0,0,0,0
Cdk7,1,1,0,0,0,0,1,2,0,0,1,0,0,0,1,0,0,1,0,0,0,0,0,0,2,0,1,0,0,0,0,0,0,0,1,0,0,0,2,0,0,0,0,0,0,1,0,1,0,1,2,1,0,0,2,0,0,0,0,0,0,0,0,0,0,0,0,0,0,1,0,0,0,0,0,1,2,1,0,0,0,0,0,0,0,0,0,0,0,0,0,1,0,0,0,0,0,1,1,0,0,0,0,0,0,0,0,0,0,0,0,0,1,1,0,0,1,0,0,0,0,0,0,1,0,1,0,0,0,0,0,0,0,0,0,0,1,1,0,0,0,0,0,0,0,0,0,0,0,1,0,1,1,1,0,0,0,0,1,0,1,0,0,0,0,0,0,0,0,0,0,0,1,0,0,0,0,1,0,0,0,1,0,1,2,1,1,0,2,0,1,0,0,0,0,0,0,1,0,1,0,0,0,0,0,0,1,0,0,0,1,1,0,0,0,0,0,0,0,0,0,0,0,0,0,0,0,2,0,1,0,0,0,0,0,0,0,0,1,0,2,0,0,0,0,0,0,0,0,1,0,0,0,0,0,0,0,0,0,0,0,0,0,0,0,0,0,0,2,0,0,2,0,0,0,0,0,2,0,3,0,0,0,1,1,1,1,0,2,0,3,0,0,0,0,0,0,1,0,0,0,0,0,0,0,0,0,0,0,0,0,0,0,0,0,0,0,0,0,0,0,0,0,1,1,1,0,0,0,1,0,1,0,1,0,0,0,0,0,0,0,0,1,0,0,0,0,0,0,1,0,0,0,0,0,0,0,0,0,0,0,0,1,0,0,0,1,0,0,0,0,0,0,0,0,0,0,0,1,0,0,0,0,0,0,0,0,0,0,0,0,0,0,0,0,1,0,0
Nr2f1,0,4,1,1,3,4,4,1,3,4,2,0,0,0,1,0,0,0,1,1,0,1,0,0,1,0,4,1,0,1,0,0,1,1,0,0,0,2,0,1,1,1,0,0,1,0,0,2,0,3,4,2,6,3,1,0,5,2,1,2,0,0,0,0,1,1,0,1,0,1,0,1,0,3,1,1,0,1,1,3,1,2,0,1,0,0,2,1,0,1,0,0,0,0,0,1,1,1,0,0,3,0,0,0,0,0,0,0,1,0,0,1,0,0,0,1,0,0,1,3,0,0,0,1,0,2,1,0,0,0,0,0,1,0,0,0,1,0,0,0,0,0,3,3,1,0,1,0,1,2,1,0,0,0,0,0,1,3,4,0,2,0,1,0,0,0,3,3,1,1,0,0,2,1,0,0,0,0,1,0,0,1,0,2,1,0,0,1,2,0,5,0,2,0,0,3,0,1,0,1,0,2,1,1,1,2,2,2,0,0,0,1,0,0,0,0,2,0,0,0,0,1,0,0,2,1,0,3,2,1,5,0,2,1,2,2,1,0,0,0,2,0,0,0,2,0,1,1,0,2,2,1,0,0,2,1,0,0,0,4,0,0,0,1,0,0,1,1,0,2,0,2,1,1,0,2,1,1,1,2,1,1,0,1,0,2,4,0,3,2,1,1,1,1,1,0,1,2,1,2,0,1,0,1,0,2,1,0,0,0,0,0,0,0,0,0,0,0,1,2,0,0,0,5,2,2,0,2,1,1,1,3,0,2,0,0,0,0,3,1,3,1,1,0,0,3,0,0,0,4,0,0,0,0,4,1,1,0,0,1,1,0,1,1,1,4,0,0,0,0,0,0,0,0,0,1,1,0,0,2,0,0,2,1,2,2,0,0,1,0,0,1,0,0,2,0,0,0
Cntnap3,1,0,0,0,0,1,0,0,1,0,0,0,0,1,1,0,0,0,0,0,0,1,0,0,0,0,0,0,0,0,0,0,0,0,0,1,0,0,0,0,0,0,0,0,0,0,0,0,0,0,0,0,0,0,0,0,0,0,0,1,0,0,0,0,0,0,0,0,0,0,0,0,0,0,0,0,0,0,0,0,0,0,0,0,0,0,0,0,0,0,0,0,0,0,0,0,0,0,0,0,0,0,0,0,0,0,0,0,0,0,0,0,0,0,0,1,0,0,0,0,0,0,0,0,0,0,0,0,0,0,0,0,0,0,0,0,0,0,0,0,0,0,0,1,0,0,0,0,0,0,0,0,0,0,0,0,0,0,0,0,0,0,0,0,0,0,0,0,0,0,0,1,0,0,0,0,0,0,0,0,0,0,0,0,0,0,0,0,0,0,0,0,0,0,0,0,0,0,0,0,0,0,0,0,0,1,0,0,0,0,0,0,0,0,0,0,0,0,0,0,0,0,0,0,0,0,0,0,0,0,0,0,0,0,0,0,0,0,0,0,0,0,0,0,0,0,0,0,0,0,0,0,0,0,0,0,0,0,0,0,0,0,0,0,0,0,0,0,0,0,0,0,0,0,0,0,0,1,0,0,0,0,0,0,0,0,0,0,0,0,0,0,0,0,0,0,0,0,0,0,0,0,0,0,0,0,0,0,0,0,0,0,0,0,0,0,0,0,0,0,0,0,0,0,0,0,0,0,0,0,0,1,0,0,0,0,0,0,0,0,0,0,0,0,0,0,0,0,1,0,0,0,0,0,0,0,0,0,0,0,0,0,0,0,0,1,0,0,0,0,0,0,0,0,0,0,0,0,0,0,0,0,0,0,0,0,0,0,0,0,0,0,0,0,0,0,0,0
Col11a1,0,0,0,0,0,1,0,0,0,0,0,0,0,0,0,0,0,0,0,0,0,0,0,0,0,0,0,0,0,0,0,0,0,1,0,0,1,0,0,0,0,0,0,0,0,0,0,0,0,0,0,0,0,0,0,0,1,0,0,0,0,0,0,0,0,0,1,0,0,0,0,0,0,0,1,0,0,0,0,1,0,0,0,0,0,0,0,0,0,0,0,0,0,0,0,0,0,0,0,0,0,0,0,0,0,0,0,0,0,0,0,0,0,0,0,0,0,0,0,0,0,0,0,0,0,0,0,0,0,0,0,0,0,0,0,0,0,0,0,0,0,0,0,1,0,0,0,0,0,0,0,0,0,0,0,0,0,0,0,0,0,0,0,0,0,0,1,0,0,0,0,0,0,1,0,0,0,0,0,0,0,0,0,0,0,0,0,0,0,0,0,0,0,0,0,1,0,0,0,0,0,0,0,0,0,0,0,0,1,0,0,0,0,0,0,0,0,0,0,0,0,0,0,0,0,0,0,0,0,0,0,0,0,0,0,0,0,0,0,0,0,0,0,0,0,0,1,0,0,0,0,0,0,0,0,0,0,0,0,0,0,0,0,0,0,0,0,0,0,0,0,0,0,0,0,0,0,0,0,0,0,0,0,0,0,1,0,0,0,1,0,0,0,0,0,0,0,0,0,0,0,0,0,0,0,0,0,0,0,0,0,0,0,0,0,0,0,0,0,0,0,1,0,0,0,0,0,0,0,0,0,0,0,0,0,0,0,0,0,0,0,0,0,0,0,0,0,0,0,0,0,0,0,0,0,0,0,0,0,0,0,0,0,0,0,0,0,0,0,0,0,0,0,0,0,0,0,0,0,0,0,0,0,0,0,0,0,0,0,0,0,0,0,0,0,0,0,0
Ptprb,0,0,0,0,0,0,0,0,0,0,0,0,0,0,0,4,0,0,0,0,0,1,0,0,0,0,0,0,0,0,0,0,0,0,0,0,0,0,0,0,0,0,0,0,0,1,0,0,0,0,0,0,0,1,0,0,0,0,0,0,0,0,0,0,0,0,0,0,0,0,0,0,0,0,1,0,0,0,0,3,0,0,0,1,0,0,0,0,0,0,0,0,0,0,0,0,0,0,0,0,0,0,0,0,0,0,0,1,0,0,0,0,0,0,0,0,0,0,0,0,0,1,0,0,0,0,0,0,0,0,0,0,0,0,0,0,1,0,0,0,0,0,0,0,0,1,0,0,2,0,1,0,0,0,0,0,0,0,0,0,0,0,0,2,0,0,0,2,0,0,0,0,0,2,0,0,0,0,0,0,0,0,0,0,0,1,1,0,0,0,0,0,1,0,0,0,0,0,0,0,0,1,0,0,0,0,2,0,0,0,3,0,0,0,0,1,0,0,5,0,0,0,0,0,0,0,0,0,0,0,0,0,0,0,0,0,0,0,0,0,0,0,2,0,0,0,0,0,0,0,0,0,0,0,0,1,0,0,0,0,0,0,0,0,0,0,0,0,0,0,0,0,0,0,0,0,0,0,1,0,0,0,0,0,0,0,0,0,0,0,1,0,1,0,0,0,1,0,1,0,1,0,0,0,0,0,0,0,0,0,0,0,0,0,0,0,0,0,0,0,0,0,0,0,0,0,0,1,0,0,0,0,0,0,0,0,0,0,0,0,0,0,0,0,0,0,0,0,0,0,0,0,0,1,0,0,0,0,0,0,0,0,0,1,0,0,0,1,0,0,0,2,0,0,0,0,0,0,0,0,0,0,0,0,0,0,2,0,0,0,0,0,0,0,0,0,0,0
Tdg,0,1,2,1,0,0,0,2,1,0,1,0,1,0,2,2,0,0,0,0,0,0,0,0,0,1,0,0,0,0,0,0,0,0,0,0,1,0,0,0,1,0,0,2,0,1,0,0,0,0,0,0,0,0,0,0,0,0,0,0,0,1,0,0,0,0,0,0,0,0,0,0,0,0,0,0,0,0,0,0,0,0,0,0,0,0,0,0,0,0,0,0,0,1,0,0,0,0,0,0,0,0,0,0,0,0,0,0,0,0,0,0,0,0,0,0,0,0,0,0,1,0,0,0,0,0,0,0,0,0,0,0,0,0,0,0,0,1,0,0,1,0,0,0,0,0,1,1,0,0,0,0,0,0,0,0,0,0,0,0,0,0,0,0,0,0,0,1,0,2,0,0,1,0,0,0,0,0,1,0,0,0,0,1,0,0,0,0,0,0,0,0,0,0,0,0,0,0,0,0,0,0,0,0,1,0,0,0,0,1,1,0,0,0,0,0,0,0,0,0,0,0,0,0,0,0,0,0,0,0,0,0,0,0,0,0,0,0,1,0,0,0,0,0,0,1,0,0,0,0,0,0,0,0,1,1,0,0,0,0,0,0,0,0,0,0,0,0,0,0,0,0,0,0,0,0,0,0,0,0,0,0,0,0,0,0,0,0,0,0,0,0,1,0,0,0,0,0,0,0,1,0,0,0,0,0,0,0,0,0,0,0,0,0,0,0,0,0,0,0,0,0,0,0,0,1,0,0,0,0,0,0,0,0,0,0,0,0,0,0,0,0,0,0,0,0,0,0,0,0,0,0,0,0,0,0,0,0,0,0,0,0,0,0,0,0,0,0,0,0,0,0,0,0,0,0,0,0,0,1,0,1,0,0,0,0,0,0,0,0,0,0,0,0,1,1,0,0
Hs3st3b1,0,0,1,1,0,2,1,1,1,0,1,0,0,0,1,0,0,0,0,0,0,0,0,0,0,0,0,0,1,0,0,1,1,0,0,2,0,0,0,0,1,0,0,0,0,0,1,0,0,0,0,0,0,1,1,0,0,1,0,0,0,0,0,0,0,0,1,0,0,1,0,0,0,1,0,0,2,0,0,0,0,0,0,0,1,0,0,2,1,2,0,0,1,1,1,0,1,0,0,0,0,0,0,0,0,0,0,0,0,0,0,0,0,0,0,0,0,0,2,0,0,0,0,0,0,1,0,0,0,0,0,0,0,0,0,0,1,0,0,0,0,1,0,0,2,1,1,0,0,0,0,0,1,0,0,0,0,0,0,0,0,0,0,0,1,0,1,0,0,0,0,0,0,2,0,0,0,0,2,0,0,2,1,0,0,0,0,1,0,0,0,0,0,0,0,2,0,0,0,0,0,0,0,1,0,1,0,0,0,0,1,1,0,0,0,0,0,0,0,0,0,0,0,0,0,1,0,0,2,0,0,0,0,0,0,0,0,0,2,0,0,0,0,0,0,1,0,0,0,0,0,0,0,0,1,0,0,0,0,0,0,0,0,0,0,0,0,0,0,0,0,0,0,0,0,0,0,1,1,0,2,0,0,0,1,0,1,0,0,0,0,0,0,0,0,0,0,0,0,0,1,0,0,0,0,0,0,1,0,0,0,0,0,0,0,0,0,1,2,0,0,0,0,1,0,2,0,0,2,0,1,1,0,0,0,0,0,0,0,0,0,0,0,0,0,0,0,0,0,0,0,1,0,2,0,1,0,0,0,0,0,0,0,0,0,0,0,0,0,0,0,0,0,0,0,0,0,0,0,0,0,1,1,0,0,0,0,0,0,0,1,0,0,0,0,0,0,0
Gad1,14,0,1,7,1,1,1,10,5,1,0,0,1,8,1,0,1,0,0,0,0,0,0,2,0,2,0,2,0,0,2,0,6,0,0,1,2,2,2,4,0,1,1,0,1,1,0,0,0,6,0,0,0,0,0,0,1,3,0,0,0,0,1,0,1,0,0,0,1,0,1,0,0,0,0,1,2,3,2,1,0,0,1,0,0,0,0,0,4,1,0,0,3,1,2,0,0,0,3,0,0,1,0,0,0,0,1,0,0,6,1,0,1,0,0,0,3,0,0,7,1,6,4,2,7,0,2,0,7,1,0,0,0,1,1,11,1,0,4,1,0,0,0,0,0,0,35,0,2,4,6,0,0,3,0,0,0,0,0,2,0,1,1,0,0,2,1,1,1,8,0,3,5,0,0,1,4,1,0,0,0,2,0,1,0,0,4,0,2,3,2,0,19,0,0,2,0,0,0,24,0,0,0,3,1,1,0,3,1,0,1,0,0,2,0,0,15,0,0,0,2,0,4,0,0,5,0,1,0,1,0,0,2,0,1,0,0,5,0,2,0,1,0,1,0,5,0,0,0,2,0,0,2,0,0,0,0,0,0,3,4,2,2,0,1,2,0,3,0,0,0,0,3,0,0,0,1,1,0,1,2,4,1,3,2,0,0,1,1,2,14,0,1,0,1,0,0,0,0,2,0,0,0,1,0,0,1,0,0,0,0,1,3,1,0,0,0,0,0,0,1,0,0,0,10,2,0,1,2,7,0,2,0,32,0,0,0,0,0,2,0,0,2,0,1,0,0,0,0,1,0,0,1,1,0,0,0,0,0,1,0,1,0,1,0,0,3,5,0,1,0,0,1,0,0,0,0,4,3,3,2,0,1,0,0,1,1,3,0,1,4,3,1,0,3,0,0,0
St6galnac6,2,10,8,5,2,12,4,6,13,5,7,0,5,8,9,3,3,0,5,2,1,9,1,7,8,3,16,5,4,9,3,15,11,2,0,5,8,4,5,7,7,1,0,5,6,12,0,9,4,4,12,9,12,18,5,1,14,0,2,0,1,3,2,1,1,0,3,5,1,3,0,1,1,4,2,0,1,1,8,5,1,1,7,2,0,0,1,1,0,3,1,1,3,7,2,2,5,4,6,0,0,0,3,1,4,1,3,4,1,2,1,1,0,1,3,3,12,3,3,4,4,7,2,7,4,7,4,0,9,2,0,2,1,1,3,0,5,1,4,0,2,4,6,2,2,6,2,5,7,4,6,5,2,4,2,5,12,10,8,4,5,3,11,3,1,8,4,10,8,15,0,4,8,4,2,1,8,2,3,0,2,6,5,6,5,6,6,6,3,1,9,1,4,0,8,6,0,3,0,2,3,2,4,7,2,8,1,4,2,4,5,2,1,6,5,6,2,0,4,1,7,3,2,0,5,5,4,3,4,1,5,0,1,11,9,6,0,5,2,12,12,7,1,0,2,7,5,2,0,0,3,2,6,0,3,5,3,2,1,3,3,1,5,5,3,4,1,8,3,2,1,2,1,0,12,2,2,1,4,5,2,1,0,4,5,5,5,3,5,8,8,8,8,0,3,0,0,1,0,2,0,3,3,0,0,0,2,0,3,2,0,0,0,1,0,0,2,2,4,1,0,0,2,3,8,10,0,2,2,3,6,13,0,2,0,7,0,2,2,5,3,3,4,9,0,1,3,0,4,9,0,5,0,5,5,1,0,3,0,10,3,2,3,5,1,6,2,11,3,5,0,0,3,3,0,0,0,5,5,4,3,5,4,6,2,1,3,2,0,0,6,9,4,0,6,2,1,1
Nxph4,0,0,0,0,0,0,0,0,1,0,0,0,0,0,0,0,0,1,0,0,0,0,0,0,0,1,0,0,1,0,0,0,0,0,0,0,3,0,0,0,0,0,0,0,0,0,0,0,0,1,0,0,0,0,0,0,0,0,0,0,0,0,0,0,0,0,0,0,0,0,0,0,0,0,0,0,0,0,0,0,0,0,0,0,0,0,0,0,0,0,0,0,0,0,0,0,0,0,0,0,0,0,0,0,0,0,1,0,0,0,0,1,0,0,0,0,0,0,0,0,0,0,0,0,0,0,0,0,0,0,0,0,0,0,0,0,0,0,0,0,0,0,0,0,0,0,0,0,0,0,0,0,0,2,0,0,0,0,0,0,0,0,0,1,0,0,0,0,0,0,0,0,0,0,0,0,0,0,0,0,0,0,0,0,0,0,0,0,0,0,0,0,0,0,0,0,1,0,0,0,0,0,0,0,0,0,0,0,0,0,0,0,0,0,0,0,0,0,0,0,0,0,0,0,0,0,0,0,1,0,0,0,0,0,0,0,0,0,0,0,0,0,0,0,0,0,0,0,0,0,0,0,0,0,0,0,0,0,0,0,0,0,0,0,0,0,0,0,0,0,0,0,0,0,0,0,0,0,0,0,0,0,0,0,0,0,0,0,0,0,0,0,0,0,0,0,0,0,0,0,0,0,0,0,0,0,0,0,0,0,0,0,0,0,0,0,0,0,0,0,0,0,0,0,0,0,0,0,0,0,0,1,0,0,0,0,0,0,0,0,0,0,0,0,1,0,0,0,0,0,0,0,0,0,0,0,0,0,0,0,0,0,0,0,0,0,1,0,0,0,0,0,0,0,0,0,0,0,0,0,0,0,0,0,0,0,0,0,0,0,0,0,0,0,0,0,0,0
Lig4,0,0,0,1,0,0,0,0,0,0,0,0,1,0,0,0,0,0,0,0,0,0,0,0,0,0,0,0,0,0,0,0,0,0,0,0,0,0,0,0,1,0,1,0,0,0,0,0,0,0,0,0,0,0,0,0,1,0,0,0,0,0,0,0,0,0,0,0,0,0,0,0,0,0,0,0,1,0,0,0,0,0,0,0,0,0,0,0,0,0,0,0,0,0,1,0,0,0,0,0,0,0,0,0,1,0,0,0,0,0,0,0,0,0,0,0,0,0,1,0,0,0,0,0,0,0,0,0,0,0,0,0,0,0,0,0,0,0,0,0,0,0,0,0,0,0,0,0,0,0,0,0,0,0,0,0,0,0,0,0,0,0,0,0,0,0,0,0,0,0,0,0,0,0,0,0,0,0,0,0,0,1,0,0,0,0,0,1,0,0,0,0,0,0,0,0,0,0,0,0,0,0,0,0,0,0,0,1,0,0,0,0,0,0,0,0,1,0,0,0,0,0,0,0,0,0,0,0,0,0,0,0,0,0,0,0,0,0,0,0,0,1,0,0,0,0,0,0,0,0,0,0,0,0,0,0,0,0,0,0,0,0,0,0,0,0,0,0,0,0,0,0,0,0,0,0,0,1,0,1,0,0,0,0,0,0,0,0,0,0,0,0,0,0,0,0,0,0,0,0,0,0,0,0,0,0,0,0,0,0,0,0,0,0,0,0,0,0,0,0,0,0,0,0,2,0,0,0,0,0,0,0,0,0,0,0,0,0,0,0,0,0,0,0,0,0,1,0,0,1,0,0,0,0,0,0,0,0,0,0,0,0,0,0,0,0,0,0,0,0,0,0,0,0,0,0,0,0,0,0,0,0,0,0,0,0,0,0,0,0,0,0,1,0,0,0,0,0
Pole4,0,0,0,0,2,1,0,0,0,1,1,0,0,1,0,0,0,0,1,0,0,0,0,0,0,0,1,0,1,0,0,0,1,0,0,2,0,1,0,0,1,0,0,0,0,1,1,0,0,2,1,1,0,1,0,0,1,0,0,0,0,2,2,0,1,0,1,0,0,0,0,0,0,0,0,0,0,0,0,0,0,0,0,0,0,0,0,0,0,0,0,0,0,0,0,0,0,0,0,0,0,0,0,0,1,0,0,0,0,0,0,0,0,0,1,0,1,0,1,1,0,1,0,0,0,0,0,0,0,0,0,0,0,0,1,0,0,0,2,0,0,0,0,0,0,0,0,0,0,1,1,1,0,0,0,1,0,1,0,0,0,0,0,3,0,1,0,1,0,0,0,0,1,0,0,0,0,0,0,0,0,2,0,0,0,0,0,0,0,0,0,0,0,0,0,0,0,0,0,0,0,2,0,0,0,0,0,0,0,0,0,0,0,0,0,0,1,0,0,0,0,1,0,0,0,0,0,0,0,0,0,0,0,0,0,1,0,0,0,0,0,1,0,0,0,0,0,0,0,0,0,0,0,0,0,0,0,0,0,0,0,0,0,0,0,0,0,0,0,0,0,0,0,0,0,0,0,0,0,0,0,0,0,0,0,1,0,0,0,0,0,0,0,0,0,0,0,1,0,0,0,0,0,0,0,0,0,0,0,0,1,0,0,0,0,0,0,0,0,0,0,0,0,0,0,0,0,0,0,0,0,1,0,0,0,0,0,0,0,0,0,0,0,0,0,0,0,0,0,0,0,0,0,1,0,0,0,0,0,0,0,0,0,0,0,0,0,0,0,0,0,0,0,0,0,0,0,0,0,0,0,0,0,0,0,0,0,0,0,0,0,0,0,0,0,0,0,0
B3gat3,7,15,2,2,3,9,4,7,5,11,5,0,4,4,2,0,1,4,5,3,0,4,1,7,6,4,8,4,1,3,0,6,5,1,0,5,5,0,0,6,5,2,1,6,4,6,1,7,0,7,12,7,11,4,1,0,10,1,1,1,0,2,0,1,4,0,1,3,1,3,0,1,2,5,1,1,1,2,2,2,1,2,3,0,0,0,0,0,1,4,0,1,6,3,2,2,6,6,1,0,1,0,0,1,1,0,1,1,2,3,0,2,0,0,2,3,5,2,1,4,0,5,2,2,6,2,3,1,2,3,0,0,0,1,2,0,3,0,1,1,3,2,7,4,3,3,4,3,6,3,4,7,1,4,0,5,0,2,9,1,4,4,11,7,2,7,7,4,5,5,0,3,0,4,0,0,9,1,2,3,2,9,2,8,12,2,7,1,4,1,2,1,1,0,2,1,1,2,1,5,3,5,3,6,6,2,4,0,1,2,4,6,0,3,0,2,4,1,3,0,1,3,0,0,0,0,2,0,4,1,2,2,1,4,3,2,1,0,3,1,0,3,0,0,0,3,3,0,0,1,2,0,0,0,3,4,0,2,0,4,4,0,5,2,1,2,1,5,1,0,1,3,0,2,4,0,3,5,1,2,3,5,1,6,1,8,3,2,1,1,4,5,6,1,4,0,2,4,1,3,1,0,0,1,3,1,2,1,3,0,0,0,3,2,0,0,2,4,1,1,1,0,0,3,8,4,0,5,4,2,2,8,0,1,0,2,0,1,4,4,0,4,4,2,0,8,0,0,5,4,1,1,0,1,1,2,1,3,0,0,0,0,5,1,1,3,1,5,1,3,2,1,0,1,3,0,0,4,2,6,2,2,2,1,2,1,0,2,3,1,8,0,3,0,4,1,0,1
Lig1,0,0,0,0,1,3,0,0,0,2,0,0,0,0,0,0,0,0,0,0,0,0,0,1,0,0,0,0,0,0,0,1,0,0,0,0,0,0,0,0,0,1,0,0,0,0,0,0,0,0,1,0,0,0,0,0,1,0,0,0,0,1,0,0,0,0,0,0,0,1,0,0,0,0,0,0,1,0,0,0,0,0,0,0,0,0,0,0,0,0,0,0,0,0,0,0,0,0,0,0,0,0,0,0,0,0,1,0,0,0,0,0,0,0,0,0,0,0,0,0,0,1,0,0,0,0,0,0,0,0,0,0,0,0,0,0,0,0,0,0,0,0,0,0,0,1,0,1,0,0,0,0,1,0,0,0,0,0,0,0,0,0,0,0,0,0,0,0,1,0,0,0,0,0,0,0,0,0,0,0,0,2,0,0,0,0,0,0,0,0,0,0,0,0,0,0,1,0,0,0,0,1,0,0,0,3,0,1,0,0,0,0,0,0,0,0,0,0,0,0,0,0,0,0,0,0,0,1,0,0,0,0,0,1,0,0,0,0,0,0,0,1,0,0,0,0,0,0,0,0,0,0,0,0,0,0,0,0,0,0,0,0,0,0,0,0,0,0,0,0,0,0,0,0,0,0,2,0,0,0,0,0,0,0,0,0,0,0,0,0,0,0,0,0,0,0,0,0,0,0,1,0,0,0,1,0,0,0,0,0,0,0,0,0,0,0,0,0,0,0,0,0,0,0,0,0,0,0,0,0,0,0,0,0,0,0,0,0,0,0,0,0,0,0,0,0,0,0,0,0,0,0,0,0,0,1,0,0,0,0,0,0,0,0,0,0,0,0,0,0,0,0,0,0,0,0,0,0,0,0,0,0,0,0,0,0,0,0,0,0,0,2,0,0,0,0,0,0
Hpse2,0,0,0,0,0,0,0,0,0,0,0,0,0,0,0,0,0,0,0,1,0,0,0,0,0,0,0,0,0,0,0,0,0,0,0,0,0,0,0,0,0,0,0,0,0,0,0,0,0,0,0,0,0,0,0,0,0,0,0,0,0,0,0,0,0,0,0,0,0,0,0,0,0,0,0,0,0,1,0,2,0,0,0,0,0,0,0,0,0,0,0,0,0,0,0,0,0,0,0,0,1,0,0,0,0,0,0,0,0,0,0,1,0,0,0,0,0,0,0,0,0,0,0,0,0,0,0,0,0,0,0,0,0,0,0,0,0,0,0,0,0,0,0,0,0,0,0,0,0,0,0,0,0,0,0,0,0,0,0,0,0,0,0,0,0,0,0,0,0,0,0,0,0,0,0,0,0,0,0,0,0,0,0,0,0,0,0,0,0,0,0,0,0,0,0,0,0,0,0,0,0,0,0,0,0,0,0,0,0,0,0,0,0,0,0,0,0,0,0,0,0,0,0,0,0,0,0,0,0,0,0,0,0,0,0,0,0,0,0,1,0,0,0,0,0,0,0,0,0,0,1,0,0,0,0,0,0,0,0,0,0,0,0,0,0,0,0,0,0,0,1,0,0,0,1,0,0,0,0,0,0,0,0,0,0,1,0,0,0,0,0,0,0,0,0,0,0,0,0,0,0,0,0,0,0,0,0,0,0,0,0,0,0,0,0,0,0,0,0,0,0,0,0,0,0,0,0,0,0,0,0,0,0,0,0,0,0,0,0,0,0,0,0,0,0,0,0,0,0,0,0,0,0,0,0,0,0,0,0,0,0,0,0,0,0,0,0,0,0,0,0,0,0,0,0,0,0,0,0,0,0,0,0,0,0,0,0,0,0,0,0,1,0,0,0,0,0,0
Chst14,0,1,1,0,1,0,0,0,0,0,0,0,0,0,0,0,1,0,1,0,0,0,0,0,1,0,0,1,0,0,0,1,0,0,0,0,1,3,0,0,2,0,0,0,0,1,0,0,0,0,3,2,0,1,0,0,0,0,0,0,0,0,0,2,0,0,0,0,0,0,0,0,1,1,0,0,0,0,0,0,0,0,1,0,0,0,0,0,0,0,0,0,0,2,0,0,0,0,0,0,0,0,0,0,0,0,0,0,2,0,0,0,0,0,0,0,0,0,1,3,0,0,0,1,0,1,0,0,0,0,0,1,2,0,0,0,1,1,0,0,0,0,0,0,0,0,0,1,0,0,0,0,0,0,0,0,0,0,1,0,0,0,0,0,0,0,0,0,0,0,0,0,1,0,0,0,0,0,0,0,0,1,0,2,0,0,0,2,0,0,0,0,0,0,1,0,0,0,0,0,0,0,0,2,3,1,0,0,0,0,1,0,0,1,0,0,0,0,0,0,0,0,0,0,0,0,0,0,0,1,1,0,0,1,3,1,0,0,0,3,1,0,0,0,2,0,0,0,0,1,0,0,0,0,0,0,0,0,0,0,0,0,0,2,0,0,0,0,0,0,0,0,0,0,2,0,1,1,0,0,0,1,0,0,0,1,0,0,0,0,0,0,0,1,0,1,0,1,0,0,0,0,0,0,0,0,0,0,1,0,0,0,0,0,0,0,0,0,1,0,0,0,0,0,0,1,0,0,0,0,0,0,0,0,0,0,0,0,0,0,0,0,0,0,0,0,0,0,3,1,0,0,0,3,0,0,0,0,0,0,0,0,1,0,0,0,0,0,0,0,0,0,0,0,0,0,0,0,2,0,1,0,0,0,1,0,0,1,4,0,0,0,0,0,0,0,0,0
Lrrc74b,0,0,0,0,0,0,0,0,0,0,0,0,0,0,0,0,0,0,0,0,0,0,0,0,0,0,0,0,0,0,0,0,1,0,0,0,0,0,0,0,0,0,0,0,0,0,0,0,0,0,0,0,0,0,0,0,1,0,0,0,0,0,0,0,0,0,0,0,0,0,0,0,0,0,0,0,0,0,0,0,0,0,0,0,0,0,0,0,0,0,0,0,0,0,0,0,0,0,0,0,0,0,0,0,0,0,0,0,0,0,0,0,0,0,0,0,0,0,0,0,0,0,0,0,0,0,0,0,0,0,0,0,0,0,0,0,0,0,0,0,0,0,0,0,0,0,0,0,0,0,0,0,0,0,0,0,0,0,0,0,0,0,0,0,0,0,0,0,0,0,0,1,0,0,0,0,0,0,0,0,0,0,0,0,0,0,0,0,0,0,0,0,0,0,0,0,0,0,0,0,0,0,0,0,0,0,0,0,0,0,0,0,0,0,0,0,0,0,0,0,0,0,0,0,0,0,0,0,0,0,0,0,0,0,0,0,0,0,0,0,0,0,0,0,0,0,0,0,0,0,0,0,0,0,0,0,0,0,0,0,1,0,0,0,0,0,0,0,0,0,0,0,0,0,0,0,0,0,0,0,0,0,0,0,0,0,0,0,0,0,0,0,0,0,0,0,0,0,0,0,0,0,0,0,0,0,0,0,0,0,0,0,0,0,0,0,0,0,0,0,0,0,0,0,0,0,0,0,0,0,0,0,0,0,0,0,0,0,0,0,0,0,0,0,0,0,0,0,1,0,0,0,0,0,0,0,0,0,0,0,0,0,0,0,0,0,0,0,0,0,0,0,0,0,0,0,0,0,0,0,0,0,0,0,0,0,0,0,0,0,0,0,0,0,0,0,0,0
Lratd2,1,2,0,0,1,0,0,0,0,0,0,0,0,0,0,0,0,0,0,0,0,0,0,0,0,2,0,0,0,0,0,0,2,0,0,0,0,0,0,0,1,0,0,0,0,0,0,0,0,0,1,0,0,0,0,0,1,0,2,0,0,0,0,0,0,0,0,0,0,0,0,0,0,0,0,0,0,0,0,0,0,1,0,0,0,0,0,0,0,0,0,0,1,0,0,0,0,0,0,0,0,0,0,0,0,0,0,0,0,0,0,0,0,0,0,0,0,0,1,0,0,0,0,0,0,0,0,0,0,0,0,0,0,0,0,0,0,0,0,0,0,0,0,0,0,0,0,0,0,0,0,0,0,1,0,1,0,0,0,0,0,0,0,0,0,0,0,1,1,0,0,0,0,1,0,0,0,0,0,0,0,0,0,0,0,0,0,2,0,0,0,0,0,0,0,0,0,0,0,0,0,0,0,0,0,0,0,0,0,1,0,0,0,0,0,0,0,0,0,0,0,0,0,0,0,0,0,0,2,0,2,0,0,0,0,0,0,2,0,0,0,0,0,0,0,0,0,0,0,0,0,0,0,0,0,0,0,0,0,0,0,0,0,0,0,0,0,2,0,0,0,0,0,0,1,0,0,0,0,0,0,0,0,0,0,0,0,0,0,0,0,0,0,0,0,0,0,0,0,0,0,0,0,0,0,0,0,0,0,0,0,0,0,0,0,0,0,0,0,0,0,0,0,0,0,0,0,0,0,0,0,0,0,0,0,0,0,0,0,0,0,0,0,1,0,0,0,0,0,0,0,0,0,0,1,0,0,0,0,0,0,1,0,0,0,0,0,0,1,0,0,0,0,0,0,0,0,0,0,1,0,0,0,0,0,0,0,0,1,1,0,0,0,0,0,0,0,0
Gtf2h5,3,0,0,0,0,0,0,2,0,0,0,0,1,0,0,0,0,0,0,0,0,0,0,0,0,0,0,1,0,0,1,2,1,0,0,0,1,0,0,1,0,1,0,0,0,0,0,1,0,0,0,1,0,0,1,0,0,0,1,1,0,0,0,1,0,0,0,0,0,0,0,0,0,0,0,0,0,0,0,0,0,0,0,0,0,0,0,0,0,1,0,0,0,0,0,0,0,0,0,0,0,0,0,1,0,0,0,0,0,0,0,0,0,0,0,0,0,0,1,0,0,0,1,0,0,0,0,0,0,1,0,0,0,0,0,0,0,0,0,0,0,1,0,0,0,1,2,0,0,0,0,0,0,0,1,0,0,1,0,0,2,0,0,0,0,1,0,2,0,0,0,0,1,0,0,0,0,0,0,0,0,0,0,0,0,0,0,0,1,1,0,0,1,0,0,0,0,0,0,0,0,0,0,0,0,0,0,0,0,2,0,0,0,0,1,0,0,0,0,0,0,0,0,0,0,0,0,0,0,0,0,0,0,0,0,1,0,0,0,3,0,1,0,0,0,0,0,0,0,1,0,0,0,0,0,0,0,1,0,0,1,0,0,0,0,0,0,0,0,0,0,0,1,0,1,1,0,0,0,0,1,0,0,0,0,0,1,0,0,0,0,0,0,0,0,0,0,0,0,0,0,0,0,0,0,0,0,0,0,0,0,0,0,0,0,0,0,0,0,0,0,0,0,0,1,0,0,0,0,1,0,0,0,0,0,0,0,1,1,0,1,0,0,0,0,0,0,0,0,0,0,0,0,0,0,1,0,0,0,0,0,0,1,0,0,0,1,0,0,0,0,0,0,0,0,0,0,0,0,0,0,0,0,0,1,0,1,0,0,0,0,0,0,0,1,0,0,0
Meis2,7,13,6,4,2,9,4,8,5,13,2,0,6,5,3,2,2,1,5,0,1,6,0,5,3,5,8,6,11,5,1,4,12,3,0,2,6,1,2,11,8,6,3,1,1,6,0,1,1,6,21,10,6,7,4,1,3,0,2,6,0,6,5,1,2,1,2,3,0,3,0,0,9,9,3,4,3,4,0,2,6,2,4,2,3,1,4,0,3,3,0,3,6,3,3,12,2,9,7,0,2,0,3,3,5,0,2,0,5,1,6,3,7,2,0,4,4,2,9,6,0,7,0,2,4,5,2,2,0,1,0,2,0,0,2,0,0,1,2,0,2,4,3,3,2,4,4,6,5,9,4,2,3,10,4,6,5,18,10,0,4,4,7,2,2,4,8,2,9,1,0,11,5,4,2,0,6,2,8,2,4,9,1,6,9,7,0,2,14,2,0,4,3,0,2,3,0,5,0,3,2,2,8,6,6,10,6,1,1,4,3,7,0,3,2,1,3,0,5,1,6,3,2,1,3,4,2,11,9,2,7,1,1,10,6,4,2,2,0,2,4,3,5,0,6,5,2,2,1,6,5,4,4,0,5,4,5,0,3,3,8,1,3,0,1,0,1,1,1,1,5,0,0,1,4,2,1,3,2,2,5,5,0,3,3,0,4,4,7,7,9,4,1,0,2,2,1,2,3,1,0,0,1,2,0,3,1,2,1,0,1,1,2,0,1,0,0,2,1,6,1,0,1,9,4,3,2,2,5,13,1,6,0,6,0,4,0,0,3,2,5,1,2,2,2,1,0,0,6,7,1,1,0,5,5,4,0,1,0,8,4,0,6,0,1,2,1,1,2,1,0,4,2,2,0,1,0,3,1,3,0,3,4,0,1,2,2,0,1,6,3,2,6,0,2,4,0,3
Rpa2,0,2,0,0,1,0,0,0,0,1,0,0,1,0,0,0,0,0,0,0,0,0,0,1,1,0,0,1,0,0,1,0,0,0,0,0,1,0,0,1,0,0,0,0,0,0,0,0,0,0,1,0,0,0,0,0,1,0,0,0,0,0,0,0,0,0,1,0,0,0,0,0,0,0,0,0,0,0,0,0,0,0,0,0,0,0,0,0,0,1,0,0,0,1,0,0,0,0,0,0,0,0,0,0,0,1,0,1,1,1,0,2,0,0,0,0,2,0,0,0,1,0,0,1,0,0,1,0,0,0,0,0,0,0,0,0,0,0,0,0,0,0,0,0,0,0,0,0,0,0,0,0,0,0,0,0,0,0,0,0,1,0,0,0,1,0,0,0,0,0,0,0,0,0,0,0,0,0,0,0,1,0,0,0,0,1,0,0,0,0,0,2,0,0,0,0,0,0,0,0,0,0,0,0,0,0,0,0,0,0,0,0,0,0,0,0,0,0,0,0,0,0,0,0,0,0,0,0,0,0,0,0,0,0,1,1,0,0,0,0,0,0,0,1,0,0,0,0,1,0,0,0,0,0,0,0,0,0,0,0,0,0,0,1,0,0,0,0,0,0,0,1,0,0,1,0,0,0,1,0,0,0,0,0,0,0,0,0,0,0,1,1,0,0,1,0,0,0,0,0,0,0,0,1,0,0,1,0,0,0,0,0,0,0,0,0,0,0,0,0,0,0,0,0,0,0,0,0,1,0,0,1,0,1,0,0,0,0,0,0,0,0,1,0,0,1,0,0,0,0,0,0,0,1,0,0,1,0,0,1,0,0,0,0,0,0,0,0,0,1,0,0,0,0,0,0,0,0,0,0,0,0,0,0,0,0,0,0,0,0,0,0,0,0,0,0,0,0
Pde1a,0,0,0,0,0,5,0,2,0,2,1,0,3,3,0,2,1,0,2,0,1,3,0,1,2,2,0,0,0,3,0,6,2,0,0,0,5,2,0,4,1,1,0,0,0,0,0,0,1,4,7,0,0,1,0,1,2,0,3,0,0,3,1,0,0,0,1,0,0,0,0,0,3,1,1,3,0,0,0,2,1,0,0,0,0,0,0,0,1,0,0,0,0,0,2,1,0,0,3,0,0,0,0,0,0,2,2,1,0,0,0,3,0,1,1,0,1,0,2,2,0,1,0,2,3,2,1,0,0,0,1,1,0,0,0,0,0,1,0,0,1,1,1,0,1,5,1,0,2,1,0,4,1,1,0,1,0,4,3,3,0,4,2,0,0,3,0,1,6,1,0,2,7,0,0,0,0,3,0,0,1,2,0,0,0,0,1,0,1,1,0,0,0,0,1,0,0,0,0,0,0,1,2,0,2,0,3,0,0,3,16,3,0,2,0,0,0,1,2,0,0,0,0,2,0,0,1,0,1,3,2,0,6,6,3,3,0,2,2,0,5,0,0,0,0,1,0,1,0,0,0,0,1,0,0,1,2,0,0,0,1,0,0,2,1,0,0,4,1,1,3,0,0,0,7,1,1,1,2,0,0,1,0,1,0,1,1,0,0,0,1,0,2,0,0,0,0,0,2,0,0,2,0,1,0,0,0,0,0,0,0,0,1,0,0,0,0,0,0,0,0,0,0,3,1,0,0,0,0,3,0,2,0,0,0,0,0,0,0,0,0,0,0,1,5,0,0,0,1,2,0,0,0,0,0,1,0,1,1,1,0,1,1,1,0,2,0,0,0,0,0,0,0,0,0,0,0,0,1,1,0,2,1,0,0,2,1,0,2,0,0,1,0,2,0,0,1,1
Mog,0,0,0,1,3,0,0,0,0,0,1,0,1,0,0,0,0,0,2,0,0,0,0,0,2,1,0,0,1,0,0,4,5,0,0,0,0,0,0,6,2,0,0,0,0,1,0,0,0,1,0,1,0,0,0,0,1,0,1,1,0,0,0,1,0,0,1,0,0,1,1,0,0,0,0,1,0,0,0,1,0,0,1,0,0,0,1,1,0,0,0,0,0,1,0,0,1,0,2,0,0,0,0,0,0,0,1,0,0,0,0,1,0,2,0,1,0,0,1,1,0,2,0,0,0,1,1,1,0,2,0,1,0,0,0,0,0,1,0,0,0,0,0,1,0,0,1,0,0,0,0,0,1,0,0,0,0,1,0,1,1,1,1,0,0,1,1,0,0,0,0,4,1,1,0,0,2,0,1,0,0,1,0,1,0,0,0,0,0,2,0,0,0,0,1,0,0,0,0,0,0,1,0,0,0,0,0,0,1,0,0,1,0,0,1,0,0,0,1,1,0,0,0,0,0,0,0,0,0,0,1,0,0,0,0,0,0,0,1,0,0,0,1,0,0,1,1,1,0,1,4,0,0,0,1,1,1,0,1,1,1,0,0,0,2,0,0,1,0,0,1,1,0,0,0,1,0,1,0,0,0,0,0,0,3,2,1,0,0,0,0,0,0,0,0,0,0,1,1,0,1,0,0,0,1,1,0,0,0,0,0,0,0,0,0,0,0,0,1,0,1,0,0,2,1,0,0,0,1,1,0,0,0,0,1,1,1,0,0,0,0,0,0,2,1,0,0,0,0,1,0,0,0,2,0,1,0,0,0,1,0,0,0,0,0,0,1,0,1,1,0,1,2,0,0,0,0,3,0,0,0,0,1,0,0,0,1,0,0,0,0,0,1,0,0,0,0,0
Mutyh,0,0,1,0,0,0,0,0,1,0,0,0,0,1,0,0,0,0,0,0,0,2,0,0,0,0,0,0,0,1,0,0,0,0,0,0,0,0,0,0,0,0,0,0,0,1,0,2,0,0,1,1,0,0,0,0,0,0,0,0,0,0,0,0,0,0,0,0,0,0,0,0,0,0,0,0,0,0,0,0,0,0,0,0,0,0,0,0,0,1,0,0,0,0,0,0,0,0,0,0,0,0,0,0,0,1,0,0,0,0,0,0,0,0,0,0,0,0,0,0,0,0,0,0,0,0,0,0,0,0,0,0,0,0,0,0,0,0,0,0,0,0,0,0,0,0,0,1,0,0,1,0,0,0,1,0,0,0,0,0,0,0,0,0,0,0,0,0,0,0,0,0,0,0,0,0,0,0,0,0,0,0,0,1,0,0,0,0,0,0,0,0,0,0,0,0,0,0,0,0,0,0,0,0,1,0,0,0,0,0,0,0,0,0,0,0,0,0,1,0,0,0,0,0,0,0,0,1,0,0,0,0,0,0,0,0,0,0,0,0,0,0,1,0,0,0,0,0,0,0,0,0,0,0,0,1,0,0,0,0,0,0,0,0,0,0,0,0,0,0,0,0,2,0,0,0,0,0,0,0,0,0,0,0,0,0,0,0,0,1,0,0,0,0,0,0,0,0,0,0,0,0,0,0,0,0,0,0,0,0,0,0,0,0,0,0,0,0,0,0,0,0,0,0,0,0,0,0,0,0,0,0,0,1,0,0,0,0,0,0,0,0,0,0,0,0,1,0,0,0,0,0,0,0,0,0,0,0,0,0,0,0,0,0,0,0,0,0,0,0,0,0,0,0,0,0,0,0,0,0,1,0,0,0,0,0,0,0,0,0,0,0,0,0,1,0,0,0
Col23a1,0,0,0,0,0,2,0,0,0,0,2,0,0,0,0,0,0,0,1,1,0,0,0,2,0,0,1,0,0,0,0,3,1,0,0,0,0,0,0,1,0,0,0,0,0,1,0,0,0,0,1,0,0,0,0,0,2,0,0,0,0,0,1,0,0,0,0,0,0,0,0,0,0,0,0,0,0,0,0,0,0,0,0,0,3,0,1,0,0,0,0,0,0,1,0,0,0,0,0,0,0,0,0,0,0,0,0,0,0,0,0,0,0,1,0,0,0,0,0,0,0,0,0,0,0,0,0,0,0,0,0,0,0,0,0,0,0,0,0,0,0,0,0,0,0,3,0,0,0,0,0,0,0,0,0,0,0,0,0,0,0,0,1,0,0,0,0,0,1,0,0,0,1,0,0,0,0,0,0,0,1,0,0,0,0,0,1,1,0,0,0,0,0,0,0,0,0,0,0,0,0,0,0,0,0,0,1,0,0,0,1,0,0,0,0,0,0,0,0,0,0,0,0,0,0,0,0,0,0,0,0,0,0,1,0,0,0,0,0,0,0,0,0,0,0,0,0,0,0,0,0,0,0,0,0,0,0,1,0,1,2,0,0,0,0,1,0,0,0,0,1,0,0,2,2,0,1,0,0,0,0,1,0,0,0,1,1,0,1,0,0,1,0,0,0,0,0,0,0,0,2,0,0,0,0,0,0,0,0,0,0,0,0,0,0,0,0,0,0,0,0,0,0,0,0,0,0,0,1,0,0,0,0,1,0,0,0,0,0,0,0,0,0,0,0,0,0,0,0,0,0,0,0,0,0,0,0,0,0,0,0,0,0,0,0,0,0,0,0,0,0,0,0,0,0,0,0,0,1,0,0,1,0,0,0,0,0,0,1,0,0,1,0,0,0,0,0,1
St6galnac4,0,0,0,0,0,0,0,0,0,0,1,0,0,0,0,0,0,0,0,0,0,0,1,0,0,0,2,0,0,0,0,1,0,1,0,0,0,0,0,1,0,0,0,0,1,0,0,1,0,0,0,1,0,0,0,0,1,0,0,0,0,0,0,0,0,0,0,0,0,0,0,0,0,0,1,0,0,0,0,0,0,0,1,0,0,0,0,0,0,1,0,0,0,0,0,0,0,0,0,0,0,0,0,0,0,0,0,0,0,0,0,0,0,0,0,0,0,0,0,0,0,1,0,0,0,0,1,0,0,0,0,0,0,0,0,0,0,0,0,0,0,0,0,0,0,0,0,1,0,0,1,0,0,1,0,0,0,0,0,0,0,0,1,0,0,1,0,1,0,0,0,0,0,0,0,0,0,0,0,0,0,0,0,0,0,0,0,0,1,0,0,0,0,0,0,0,0,0,0,0,0,0,0,0,0,2,0,0,0,0,0,0,0,0,0,0,0,0,0,0,0,0,0,0,0,0,1,0,0,1,1,0,0,0,0,0,1,0,0,0,0,1,0,0,0,0,1,1,0,0,0,0,0,0,0,0,0,0,0,0,0,0,0,0,0,0,0,0,0,0,0,0,0,0,1,0,0,0,0,0,0,0,0,0,0,0,1,0,0,0,0,0,0,0,0,0,0,1,0,1,1,0,0,0,0,0,0,0,1,0,0,0,0,0,0,0,0,0,0,0,0,0,0,0,0,0,0,0,1,0,0,1,0,0,0,0,0,0,0,0,0,0,0,0,1,1,0,0,0,0,0,0,0,0,0,0,0,0,0,0,0,0,0,0,0,0,0,0,0,0,0,0,0,0,0,0,0,1,0,1,0,0,0,0,0,0,0,0,0,0,0,0,0,0,0,0,0,0
Ntng2,0,2,3,3,1,4,0,1,0,1,1,0,2,0,1,0,0,0,0,0,0,0,0,0,1,2,1,1,3,1,0,0,1,0,1,2,0,0,2,1,3,1,0,1,1,1,0,1,0,1,1,2,1,1,0,0,3,0,1,0,0,0,1,1,0,0,0,2,1,1,0,0,0,0,0,1,1,1,1,9,0,1,0,1,0,0,1,0,2,2,0,0,0,1,0,0,0,0,2,0,0,0,0,0,2,1,0,0,0,0,1,7,0,1,0,1,0,0,0,0,0,1,0,0,1,0,0,0,3,0,0,0,1,0,0,0,1,0,0,0,0,1,2,2,0,0,0,0,0,0,0,0,0,0,1,0,0,1,4,0,1,0,1,1,1,2,2,0,4,1,0,1,6,1,1,0,1,0,1,0,1,1,1,0,4,0,0,0,2,1,0,0,2,0,0,0,1,0,0,0,1,0,1,0,3,1,0,1,0,1,1,2,0,0,0,0,4,0,0,0,1,1,0,1,0,0,0,0,0,1,0,1,0,0,2,0,0,0,0,1,0,2,0,0,2,1,1,2,0,1,3,0,3,0,1,0,1,0,1,0,4,0,0,0,2,0,1,1,1,0,1,1,0,0,1,0,1,0,0,0,2,0,0,0,2,2,1,1,2,1,2,0,2,0,0,0,2,0,0,0,1,1,0,9,1,1,0,1,0,0,1,1,0,0,0,0,0,0,0,0,0,0,0,2,3,0,0,0,0,1,0,2,0,1,1,0,0,0,0,0,0,0,0,0,1,0,0,0,2,2,0,0,0,0,0,0,0,0,0,0,0,0,3,1,0,1,2,5,0,0,0,0,0,0,0,0,0,0,0,0,1,1,0,0,0,1,0,0,0,0,0,0,0,0,1,0,0,0
Pold2,0,0,0,4,0,0,0,0,0,1,0,0,2,1,0,0,0,0,0,0,0,2,1,0,1,0,3,0,1,0,0,0,0,0,0,0,0,0,1,0,0,0,1,0,0,2,0,0,0,0,1,0,0,1,0,0,0,0,0,0,0,0,1,0,0,0,0,0,0,0,0,0,0,0,0,2,0,0,0,0,0,0,0,0,0,0,1,0,0,0,0,0,0,1,0,0,0,1,0,0,0,0,0,0,0,0,0,0,0,1,0,0,0,0,0,0,0,0,2,0,0,0,0,0,0,0,0,0,0,0,0,1,0,0,0,0,0,0,0,1,0,0,0,0,0,0,2,0,0,0,1,0,0,0,0,1,0,0,0,0,0,0,0,0,1,0,0,0,0,0,0,0,0,0,0,0,0,0,0,0,0,2,0,1,0,1,0,0,1,0,0,0,0,0,0,1,0,0,0,0,0,0,1,0,1,0,1,0,0,0,0,0,1,0,0,0,0,0,0,0,0,0,0,0,0,0,0,0,0,0,1,0,0,1,0,0,0,0,0,0,1,0,0,0,0,0,0,0,0,0,0,0,0,0,0,0,0,0,0,0,0,0,0,0,2,1,0,0,0,0,0,0,0,0,0,0,0,0,0,0,1,0,0,0,1,1,0,0,0,0,1,1,1,0,0,0,0,0,1,0,0,0,0,1,0,1,0,0,0,0,0,0,0,0,0,0,1,0,0,0,0,0,0,0,0,1,0,0,0,3,0,1,0,0,0,0,0,0,0,0,1,0,0,0,1,0,0,0,0,1,0,0,0,1,0,1,0,0,0,1,0,0,0,2,0,0,0,0,0,1,0,0,0,0,0,0,0,0,0,0,1,0,1,0,1,0,0,0,1,1,1,0,0,0,0,0,0,0
Dclre1c,0,0,1,0,0,0,0,0,0,0,0,0,0,0,0,0,0,0,0,0,0,0,0,0,0,0,0,0,0,0,0,0,0,0,0,0,0,0,0,0,0,0,0,0,0,0,0,0,0,1,0,0,0,0,0,0,0,0,0,0,0,0,0,0,0,0,0,0,0,0,0,0,0,0,0,0,0,0,0,0,0,0,0,0,0,0,0,0,0,0,0,0,0,0,0,1,0,0,0,0,0,0,0,0,0,0,0,0,0,0,0,0,0,0,1,0,0,0,0,0,0,0,0,0,0,0,0,0,0,0,0,0,0,0,0,0,0,0,0,0,0,0,0,0,0,0,0,0,0,0,0,0,0,0,0,0,0,0,0,0,0,0,0,0,0,0,0,0,0,0,0,0,0,0,1,0,1,0,0,0,0,1,0,0,1,0,0,0,0,0,0,0,0,0,0,0,0,1,0,0,0,0,0,1,0,0,0,2,0,1,0,0,0,0,0,0,0,0,0,0,0,0,0,0,0,0,0,0,0,0,0,0,0,0,0,0,0,0,0,0,0,0,0,0,0,0,0,0,0,0,0,0,0,0,0,0,0,0,0,0,0,0,0,0,0,0,0,0,0,0,0,0,0,0,1,1,0,0,0,0,0,0,0,0,0,0,0,0,0,0,0,0,0,0,0,0,0,0,0,0,0,0,0,0,0,0,0,0,0,0,0,0,0,0,0,0,0,0,0,0,0,0,0,0,0,0,0,0,0,0,0,0,0,0,0,0,0,0,0,0,0,0,0,0,1,0,0,0,1,0,0,0,0,0,0,0,0,0,0,0,0,0,1,0,0,0,0,0,0,0,0,0,0,0,0,0,0,1,1,0,0,0,0,0,0,0,0,0,0,0,0,0,0,0,0,0,0,0
Pecam1,0,0,0,1,1,2,0,0,0,0,0,0,0,0,0,0,0,0,0,0,0,1,0,1,0,0,0,0,0,0,0,0,0,0,0,0,0,0,0,0,0,0,0,0,0,0,0,0,0,0,0,0,0,0,0,0,0,0,0,0,0,0,1,1,0,0,0,0,0,0,0,0,0,0,0,0,1,0,0,0,0,0,0,1,0,0,0,0,0,0,0,0,0,0,0,1,0,0,2,0,0,0,0,0,0,0,2,0,1,0,0,0,0,1,2,0,0,0,0,0,0,2,0,0,0,1,0,0,0,5,0,0,0,0,0,0,0,0,0,0,0,0,0,0,0,0,1,0,3,0,2,0,0,0,0,0,0,0,0,0,0,0,0,3,0,0,0,0,0,0,0,0,0,0,0,0,0,0,0,0,0,0,0,0,0,1,0,0,0,0,0,0,0,0,0,0,0,0,0,0,0,0,0,0,0,0,0,0,0,0,2,0,0,0,0,0,0,1,1,0,1,0,0,0,0,0,0,0,0,0,0,0,0,0,0,0,0,0,0,0,0,0,0,0,0,1,0,0,0,0,0,3,0,0,0,0,0,1,0,0,0,0,0,0,0,0,0,0,0,1,0,0,0,0,0,1,0,0,0,0,0,0,0,1,0,0,0,0,0,0,0,0,0,0,0,1,0,0,1,0,1,0,0,0,0,0,0,0,0,0,1,0,0,0,0,0,0,0,0,0,0,0,0,0,0,0,0,0,0,0,0,0,0,0,0,0,0,0,1,0,0,0,0,0,0,0,0,0,0,0,0,0,0,0,0,0,0,0,0,0,0,0,0,0,0,1,0,1,0,0,0,0,0,1,0,0,0,0,0,0,0,0,1,0,0,0,0,1,0,0,0,0,0,0,0,0,0,0
Cnp,2,7,2,3,4,1,7,2,2,6,1,2,3,2,2,2,1,1,2,0,3,6,1,3,1,2,2,2,5,2,2,3,4,0,1,1,8,1,1,17,7,0,1,1,2,1,2,2,14,2,5,21,3,2,3,2,5,3,0,0,0,1,7,1,1,0,1,1,2,1,0,0,3,3,1,3,3,2,1,1,1,0,1,1,1,0,2,1,3,0,0,2,0,3,5,0,4,0,0,0,0,0,0,2,1,2,3,1,12,1,0,3,0,1,1,0,3,0,11,1,1,1,0,2,3,6,0,6,0,8,1,9,0,0,1,0,5,0,2,0,2,2,1,2,2,3,1,1,4,5,2,2,0,0,0,4,2,1,4,0,2,1,0,2,1,6,4,0,11,1,0,8,9,9,0,0,3,1,0,2,1,3,1,2,1,1,2,0,2,27,2,1,2,1,26,2,2,6,0,1,1,7,5,4,3,12,3,3,0,1,2,6,0,1,7,3,2,3,4,0,2,1,0,0,7,21,2,2,0,2,2,0,4,5,1,3,1,1,4,4,5,0,1,0,3,1,1,3,0,0,62,0,8,0,0,2,3,4,1,2,1,0,2,0,1,2,1,4,8,1,1,4,5,2,3,1,0,1,0,2,3,3,0,1,1,0,1,2,1,3,5,0,2,1,1,0,0,0,0,0,0,0,0,2,0,1,0,1,7,1,2,1,1,0,4,1,0,3,2,1,1,1,0,1,4,2,3,2,2,3,2,3,0,1,0,3,0,0,1,1,2,1,1,2,2,4,1,0,1,1,1,1,0,3,4,5,2,3,0,5,2,1,6,1,0,1,3,1,1,3,0,0,0,0,1,0,1,18,7,2,1,2,6,0,3,2,6,4,6,2,2,5,2,3,4,2,0,3
Adra1d,0,0,0,1,0,1,1,0,0,1,0,0,0,0,0,0,0,0,1,0,0,0,0,1,0,0,0,1,0,0,0,0,1,0,0,0,0,0,0,0,0,0,0,0,1,2,0,1,0,0,0,0,1,0,0,0,2,0,0,0,0,0,1,1,1,0,1,1,0,0,0,0,0,0,0,0,1,0,3,0,0,2,0,0,0,0,0,0,0,0,0,1,0,0,0,0,1,1,0,0,2,0,0,0,0,0,0,0,0,0,0,0,0,0,0,0,1,1,0,0,0,0,0,0,1,0,0,0,1,0,0,0,0,0,0,0,0,0,1,0,0,0,0,0,0,0,0,0,0,0,0,0,1,0,0,0,0,1,1,0,1,0,0,0,0,0,0,0,1,0,0,0,0,0,0,0,0,1,0,0,0,1,0,0,0,0,3,3,0,0,2,0,0,0,0,1,0,0,1,2,0,5,0,0,0,3,1,2,0,0,4,0,0,0,0,0,1,0,1,0,0,1,0,0,0,0,0,0,0,0,0,0,1,0,2,1,0,0,0,1,0,0,0,0,0,0,0,0,0,0,0,0,0,0,0,1,0,0,0,0,0,0,2,0,0,0,0,0,0,0,0,1,0,0,0,2,0,0,1,0,0,0,0,0,0,0,1,0,0,1,2,3,0,0,0,0,0,0,0,0,1,0,1,0,0,0,0,0,1,0,0,0,1,0,0,0,0,1,0,0,0,0,0,0,0,0,0,0,0,0,0,5,0,0,0,0,0,0,0,0,0,1,0,0,0,2,0,0,0,0,0,0,0,0,0,1,0,0,0,2,0,0,0,0,0,0,0,1,0,0,0,0,0,0,0,0,0,1,0,0,0,0,1,0,0,0,0,0,0,0,0,0,0,1,0,0,0,0
Mtor,5,12,10,3,7,9,7,4,4,7,3,0,12,1,5,1,1,1,5,3,0,4,1,5,1,2,6,1,3,2,1,4,0,0,0,3,1,3,1,4,4,3,0,6,0,8,0,4,0,2,5,5,0,2,0,1,7,0,1,2,0,2,3,1,4,0,5,0,1,3,0,0,1,1,2,6,0,4,2,2,0,4,3,4,1,0,2,0,3,6,0,0,2,2,1,1,2,2,2,0,0,0,0,2,2,2,0,0,2,1,1,0,0,1,3,2,1,1,6,3,0,6,2,3,0,1,1,3,1,2,0,3,2,0,1,1,2,5,2,2,2,1,5,3,0,3,5,2,0,5,7,6,2,4,0,2,3,1,4,5,7,2,4,4,1,2,1,3,2,0,0,3,8,1,0,0,2,3,6,0,2,1,0,6,1,1,2,5,5,0,1,0,3,0,2,10,5,5,0,4,0,0,8,8,3,8,8,4,0,10,9,5,0,2,2,7,3,2,3,0,8,0,1,1,2,3,5,5,6,5,3,2,3,4,2,6,0,3,2,0,1,2,1,1,6,2,3,4,1,7,2,2,2,0,3,0,4,2,0,2,1,0,0,3,1,4,0,2,1,0,8,4,3,1,5,4,6,4,2,4,0,1,3,1,3,6,3,0,2,1,1,6,3,2,2,0,2,3,0,1,5,2,0,4,2,6,0,1,0,1,0,1,0,0,2,0,1,1,1,1,0,0,1,7,5,5,0,3,2,5,0,4,1,3,0,0,1,1,3,0,0,1,2,0,3,0,1,0,6,7,0,1,0,4,4,1,1,2,0,8,0,0,5,3,1,0,4,3,2,3,0,1,4,1,0,0,0,1,0,3,1,1,3,0,1,4,1,0,0,0,2,6,2,1,0,1,1,2
Adra2b,0,0,0,0,1,0,0,0,0,0,0,0,0,0,0,0,0,1,0,0,0,0,0,0,0,0,0,0,0,0,0,0,0,0,0,0,0,0,0,0,1,0,0,0,0,0,0,0,0,0,0,0,0,0,0,0,1,0,0,0,0,0,0,0,0,0,0,0,0,0,0,0,0,0,0,0,0,0,0,0,0,0,0,0,0,0,0,0,0,0,0,0,0,0,1,0,0,0,0,0,0,0,0,1,0,0,0,0,1,0,0,0,0,0,0,0,0,0,1,0,0,0,0,0,0,0,0,0,0,1,0,0,0,0,0,0,0,0,0,0,0,0,0,0,0,0,0,0,0,0,1,0,0,0,0,0,0,0,0,0,0,0,0,0,0,0,0,2,0,0,0,0,0,1,0,0,0,0,0,0,0,0,0,0,0,0,0,0,0,0,0,0,0,0,0,0,0,0,0,0,0,0,0,0,0,0,0,0,0,0,0,0,0,0,0,0,0,0,0,0,0,0,0,0,0,0,0,0,0,0,0,1,0,0,0,1,0,0,0,0,0,0,0,0,0,0,1,0,0,0,0,0,0,0,1,0,0,0,0,0,0,0,0,0,0,0,1,0,0,0,0,0,0,0,0,0,0,0,0,0,0,0,0,0,0,0,0,0,0,0,0,0,0,0,0,0,0,0,0,0,0,0,0,0,0,0,0,0,0,0,0,0,0,0,0,0,0,0,0,0,0,0,0,0,0,1,0,0,0,0,0,0,0,0,0,0,0,0,0,0,0,0,0,0,0,0,0,0,0,0,0,0,0,0,0,1,0,1,0,0,0,0,0,0,0,0,0,1,0,0,0,0,0,1,0,0,0,0,0,0,0,0,0,0,0,0,0,0,1,0,0,0,0,0,0,0,0,0
Agrn,6,6,9,5,4,8,3,6,2,2,4,0,2,1,3,1,1,1,1,3,0,4,0,3,3,2,14,2,6,8,0,4,3,0,0,4,7,0,0,4,6,0,0,4,2,7,0,2,0,2,2,5,0,6,1,0,8,3,1,0,0,4,7,1,5,0,2,0,1,4,0,0,4,1,3,5,1,2,0,4,2,0,1,2,1,1,2,0,0,2,1,0,1,2,1,2,3,4,0,0,0,0,0,1,0,0,2,0,1,0,0,1,1,1,1,1,2,0,5,1,0,4,2,1,1,0,2,1,0,4,0,2,1,0,0,0,3,4,3,0,1,2,2,4,2,5,2,4,5,2,3,2,4,4,0,3,0,1,3,0,5,2,3,7,0,0,2,2,0,0,0,3,5,4,0,0,1,3,2,0,1,5,1,5,1,4,2,4,7,2,0,0,0,0,2,0,3,2,0,1,0,1,8,5,1,4,2,0,0,4,2,5,0,0,2,3,2,0,0,0,2,0,0,0,0,1,5,3,1,2,6,1,1,4,2,7,0,2,0,3,3,2,0,1,4,2,2,3,2,0,2,4,1,0,7,0,2,0,1,3,8,0,0,0,1,2,1,0,0,0,6,9,3,2,5,1,2,4,0,3,1,3,0,0,1,5,3,5,3,0,0,2,5,2,0,5,2,2,1,0,6,0,0,4,1,4,0,0,0,0,7,4,1,1,0,0,2,0,0,0,0,0,1,2,4,2,0,3,2,2,1,0,0,1,0,1,0,1,4,0,5,0,0,0,0,3,0,0,2,4,1,0,0,2,4,1,2,0,0,2,0,2,2,1,1,2,2,2,0,1,0,1,0,0,0,0,0,2,4,2,0,0,4,0,1,0,1,1,4,1,3,3,1,1,3,2,0,1
Esr1,0,0,1,0,0,0,0,0,0,0,1,0,0,0,0,0,0,1,0,0,0,1,0,0,0,1,0,1,0,0,0,0,0,0,0,0,1,0,0,0,0,0,0,0,0,1,0,0,0,0,0,0,0,0,0,0,1,0,0,0,0,0,1,0,0,0,0,0,0,0,0,0,0,1,0,0,0,0,0,0,0,0,0,0,0,0,0,0,0,0,0,0,0,0,0,0,0,0,0,0,0,0,0,0,0,0,0,0,0,0,0,0,0,0,1,0,0,0,0,0,0,0,1,0,0,0,0,0,0,0,0,0,0,0,0,0,0,0,0,0,0,0,0,0,0,0,0,0,0,0,0,0,0,0,0,0,0,0,0,1,0,0,0,0,0,0,0,0,0,0,0,1,0,0,0,0,0,0,0,0,0,0,0,1,0,0,0,0,1,0,0,0,0,0,0,0,0,0,0,0,1,1,0,0,0,0,0,0,0,0,0,0,0,0,0,0,2,0,0,0,0,0,0,0,0,1,0,0,0,0,1,0,0,0,0,0,0,0,0,0,0,0,0,0,0,0,0,0,0,0,0,1,0,0,0,0,0,0,0,0,0,0,0,0,0,0,0,0,0,0,0,0,0,0,1,0,0,0,0,0,1,0,0,0,1,0,1,0,0,0,0,0,0,0,0,0,0,0,0,0,0,0,0,0,0,0,0,0,0,0,0,0,0,0,0,0,0,0,0,0,0,0,0,0,0,0,0,0,0,0,0,0,0,0,0,0,0,0,0,0,1,0,0,0,1,0,0,0,0,0,0,0,0,0,0,0,0,0,0,0,0,0,0,0,0,0,0,0,0,0,0,0,0,0,0,0,0,0,0,0,0,0,0,0,0,0,0,0,0,0,1,0,0,0,0,0,0,0
Oprm1,0,0,0,0,0,0,0,0,0,0,0,0,0,0,0,0,0,0,0,0,0,0,0,0,0,0,0,0,0,0,0,0,0,0,0,0,0,1,0,0,0,0,0,0,0,0,0,0,0,0,0,0,1,0,0,0,0,0,0,0,0,0,0,0,0,0,0,0,0,0,0,0,0,0,0,0,0,0,0,0,0,0,0,0,0,0,0,0,0,0,0,0,0,0,0,0,1,0,0,0,0,0,0,0,0,1,0,0,0,1,0,0,0,0,0,0,0,0,0,0,0,0,0,1,0,0,0,0,1,0,0,0,0,0,0,0,0,0,0,0,0,0,0,0,0,0,0,0,0,0,0,0,1,0,0,0,0,0,0,1,0,0,0,0,0,0,0,0,0,0,0,0,0,0,0,0,0,0,0,0,0,1,0,0,0,0,0,0,0,0,0,0,0,0,0,0,0,0,0,0,0,0,0,0,0,0,1,0,0,0,0,0,0,0,0,0,0,0,0,0,0,0,0,0,0,0,0,0,0,0,0,0,0,0,0,0,0,0,0,0,0,0,0,0,0,0,0,0,0,0,0,0,0,0,0,0,0,0,0,0,0,0,0,0,0,0,0,0,0,0,0,0,0,0,0,0,0,0,0,0,0,0,0,0,0,0,0,0,0,0,1,0,0,0,0,0,0,0,0,0,0,0,0,0,0,0,0,0,0,0,0,0,0,0,0,0,0,0,0,0,0,0,0,0,0,0,0,0,0,1,0,0,0,0,0,0,0,0,0,0,0,0,0,0,0,0,0,0,0,0,0,0,0,0,1,0,0,0,0,0,0,0,0,0,0,0,0,0,0,0,0,0,0,0,0,0,0,0,0,0,0,0,0,0,0,0,0,0,0,0,0,0,0,0,0,0,0,0
Slc25a22,2,0,4,0,1,7,2,1,1,1,1,0,2,3,1,0,3,1,3,0,2,5,0,2,0,3,2,0,1,3,1,0,2,2,0,0,5,0,1,1,5,2,0,0,1,3,0,2,0,2,3,2,3,1,1,0,0,0,0,0,0,2,1,1,0,0,2,1,0,1,0,0,0,0,2,1,2,3,2,0,0,0,0,0,0,0,1,0,0,1,0,0,1,1,1,0,4,2,0,0,0,0,0,0,4,2,0,0,1,0,0,3,1,0,1,0,0,0,2,2,0,2,0,2,2,2,1,0,0,0,0,1,0,0,1,0,0,1,0,0,0,3,1,1,0,3,0,0,1,0,5,1,3,5,1,0,1,2,1,1,1,1,1,0,0,0,0,2,1,2,1,4,2,3,0,0,3,0,2,0,2,3,1,3,2,2,1,1,2,1,1,1,1,1,4,1,0,1,0,2,0,0,1,2,2,2,2,3,1,4,8,2,0,0,1,0,0,1,1,0,0,0,0,0,1,0,1,0,0,2,1,1,0,1,1,1,0,0,2,1,0,0,1,0,1,0,1,1,0,0,0,0,0,0,3,1,0,1,0,0,5,0,0,0,0,2,0,2,1,1,1,0,0,0,4,0,2,1,0,0,0,1,0,4,2,1,1,1,2,2,3,1,0,0,1,0,2,0,1,0,0,3,0,1,0,0,1,0,0,0,0,0,1,0,0,0,0,0,1,1,1,0,0,3,4,3,0,1,0,1,0,4,1,2,0,2,0,0,0,1,1,0,0,1,0,0,0,0,0,2,0,0,0,1,2,0,0,1,0,3,0,1,5,1,0,1,2,0,0,0,0,1,0,0,0,0,0,2,1,4,0,3,1,0,1,8,0,0,3,0,1,4,0,0,2,1,0,1
Inpp5a,1,2,2,0,2,0,3,0,1,3,0,0,2,0,2,0,0,0,0,0,0,0,0,3,2,0,1,0,2,0,1,1,1,0,0,0,5,0,0,2,0,1,1,0,1,0,0,0,1,2,2,3,3,3,0,0,1,1,1,0,0,2,0,0,1,0,1,2,0,2,0,0,0,0,0,1,2,2,1,2,1,1,0,0,0,0,0,0,1,0,0,0,0,2,1,0,1,1,0,0,0,0,0,0,1,0,0,0,0,1,0,0,0,0,1,0,0,0,1,1,1,1,0,3,0,0,2,2,0,1,0,1,0,0,0,0,0,1,0,0,1,0,0,0,0,0,0,1,1,2,2,0,3,3,1,2,2,0,2,0,2,0,7,3,0,3,1,0,3,1,0,0,1,2,1,0,0,1,0,0,0,0,0,0,2,2,0,0,0,1,2,0,0,0,2,1,0,2,0,1,0,0,0,0,0,4,0,0,1,0,4,2,1,1,0,1,0,0,1,0,0,0,0,0,1,0,1,0,0,0,2,0,2,1,0,2,1,0,1,1,0,3,0,0,1,0,0,0,0,0,1,0,0,0,0,0,0,0,0,2,2,0,0,0,0,0,1,5,0,0,0,0,1,0,2,2,3,2,1,3,2,1,0,1,2,1,1,0,1,1,0,0,1,0,0,0,0,0,1,0,1,1,0,1,0,0,0,0,0,0,0,2,0,0,0,0,0,0,0,0,0,0,0,1,2,1,0,1,1,1,1,2,0,1,0,1,0,0,0,3,3,0,0,0,0,1,1,0,2,1,0,0,0,7,0,1,0,1,0,0,1,0,0,0,1,0,0,1,0,1,0,2,1,0,0,0,0,0,1,2,0,1,1,0,0,0,1,0,2,0,2,1,1,0,0,0,0,1
Hs3st4,0,0,0,0,0,9,0,5,0,4,0,0,11,1,6,0,2,2,0,0,1,1,0,2,0,1,3,1,0,4,8,19,0,0,0,0,10,1,1,0,1,1,3,1,0,0,0,0,0,5,15,4,3,0,0,1,3,1,0,0,0,0,1,0,1,0,0,1,0,3,1,0,1,1,1,0,2,3,3,1,4,0,0,0,0,0,0,0,0,0,0,0,0,1,0,0,0,0,0,0,0,0,0,0,0,0,1,1,1,0,0,1,0,0,1,0,0,0,5,1,0,1,0,1,0,2,3,0,1,0,0,5,0,0,0,0,2,0,2,0,1,2,0,2,0,1,0,0,0,0,0,0,1,0,0,1,2,1,2,0,2,0,0,2,0,6,0,1,8,4,0,1,1,0,0,1,2,1,2,1,1,0,0,1,0,1,2,2,5,0,5,1,1,0,0,1,7,4,0,2,0,4,2,5,3,4,3,3,1,0,0,5,0,1,0,0,0,0,1,0,1,0,0,0,0,0,0,0,2,4,0,0,1,16,0,0,0,0,1,1,3,3,1,0,2,0,1,3,0,0,4,2,2,0,0,0,0,0,0,0,0,0,0,0,1,0,0,2,2,0,1,0,0,0,0,0,2,1,1,0,0,1,0,1,0,0,0,0,0,0,1,2,0,0,0,0,0,0,0,0,0,0,0,1,0,0,0,1,0,0,0,0,1,0,1,0,0,0,0,0,0,0,0,0,5,0,0,0,0,2,0,1,0,1,0,2,0,0,0,2,0,0,0,1,2,0,0,1,4,3,0,0,0,0,0,0,0,2,0,0,0,0,1,3,0,3,3,2,0,0,0,0,0,0,0,0,0,0,3,0,0,2,0,0,1,7,1,1,2,0,0,4,6,1,1,1,0,0
Extl2,0,7,1,0,1,1,0,2,0,1,1,0,0,0,2,0,1,0,1,0,0,0,0,1,0,0,4,0,1,0,0,0,2,0,0,1,0,0,0,0,1,0,0,0,0,1,0,0,0,1,0,0,2,2,0,0,1,0,0,0,0,0,0,0,0,0,0,0,0,0,0,0,0,1,0,0,0,0,0,0,0,3,0,0,0,0,0,0,0,0,0,0,0,2,0,0,0,0,1,0,1,0,0,0,2,0,0,0,1,1,0,0,0,0,0,0,2,0,0,0,0,0,0,0,0,1,1,1,1,1,0,1,0,0,0,0,1,0,1,1,0,1,0,0,1,1,1,1,0,0,1,0,2,1,1,0,0,0,3,0,0,2,0,0,1,0,0,0,0,1,0,1,0,2,0,0,2,1,0,0,0,0,1,1,2,2,0,1,2,0,0,0,1,0,2,0,0,0,2,3,0,1,1,1,3,0,1,1,1,1,1,0,0,0,0,0,2,0,0,0,0,0,0,0,0,0,1,0,2,0,0,1,0,2,1,1,0,1,1,2,0,0,0,0,0,1,0,0,0,0,0,0,0,0,0,1,0,0,0,0,1,0,0,0,1,0,0,1,1,0,0,0,0,1,0,0,2,0,0,0,0,1,1,1,1,4,1,0,1,0,0,1,0,0,0,0,0,0,0,0,2,0,1,0,0,0,0,0,0,0,0,0,0,0,0,0,0,0,0,0,0,0,0,2,0,1,0,2,0,1,0,0,0,1,0,1,0,0,0,0,1,0,0,0,0,0,0,0,0,1,0,0,0,0,0,0,0,0,0,0,0,0,2,1,0,2,1,1,0,0,0,0,0,0,0,0,0,0,0,1,0,0,0,0,1,0,0,0,0,0,1,0,1,0,0,1,0,0
Lepr,0,0,0,0,0,0,0,0,0,0,0,0,0,0,0,0,0,0,1,0,0,0,0,0,0,0,0,0,0,0,0,0,0,0,0,0,0,0,0,0,0,0,0,0,0,0,0,0,0,0,0,0,0,0,0,0,0,0,0,0,0,0,0,0,0,0,0,0,0,0,0,0,0,0,0,0,0,0,0,0,0,0,0,0,0,0,0,0,0,0,0,0,0,0,0,0,0,0,0,0,0,0,0,0,0,0,0,0,0,0,0,0,0,0,0,0,0,0,0,0,0,0,0,0,0,0,0,0,0,0,0,0,0,0,0,0,0,0,0,0,0,0,0,0,0,0,0,0,0,0,0,0,0,0,0,0,0,0,0,0,0,0,0,0,0,0,0,0,0,0,0,0,0,0,0,0,0,0,0,0,0,0,0,0,0,0,0,0,0,0,0,0,0,0,0,0,0,0,0,0,0,0,0,0,0,0,0,0,0,0,0,0,0,0,0,0,0,0,0,0,0,0,0,0,0,0,0,0,0,0,0,0,0,0,0,0,0,1,0,0,0,0,0,0,0,0,0,0,0,0,0,0,0,0,0,0,0,0,0,0,0,0,0,0,0,0,0,0,0,0,0,0,0,0,0,0,0,0,0,0,0,0,0,0,0,0,0,0,0,0,0,0,0,0,0,0,0,0,0,0,0,0,0,0,0,0,0,0,0,0,0,0,0,0,0,0,0,0,0,0,0,0,0,0,0,0,0,0,0,0,0,0,0,0,0,0,0,0,0,0,0,0,0,0,0,0,0,0,0,0,0,0,0,0,0,0,0,0,0,0,0,0,0,0,0,0,0,0,0,0,0,0,0,0,0,0,0,0,0,0,0,0,0,0,0,0,0,0,0,0,0,0,0,0,0,0,0,0
Ubtf,1,9,1,1,3,7,4,2,2,4,4,1,2,0,0,1,2,1,1,4,0,1,0,0,1,4,2,1,2,6,1,7,6,0,0,1,2,0,1,5,2,2,0,0,0,3,0,1,0,3,5,5,3,3,1,1,3,1,2,0,0,0,4,2,4,0,2,3,1,2,0,0,2,1,2,0,5,2,1,2,4,2,1,2,0,1,0,0,2,0,0,3,2,6,3,0,1,0,3,1,2,0,0,0,0,1,3,2,1,0,0,0,1,4,3,1,2,0,1,2,1,3,1,1,3,1,0,1,1,2,0,4,0,0,1,0,1,2,2,2,1,2,2,2,0,2,7,5,5,5,4,1,6,0,2,3,0,0,4,1,2,1,2,1,1,6,7,1,2,1,0,1,1,2,1,3,3,0,2,0,2,4,2,4,3,3,6,2,0,1,0,0,1,0,4,1,1,2,2,3,1,10,3,2,3,3,3,3,0,1,2,1,0,1,1,0,6,1,3,0,0,1,0,0,1,1,2,4,3,1,3,0,3,1,2,4,0,0,3,2,1,1,3,0,3,1,1,1,0,0,0,1,1,2,0,0,1,0,0,1,3,1,1,0,2,2,0,4,2,0,0,2,0,4,9,1,1,2,1,3,1,1,0,1,1,6,3,1,1,2,1,1,2,0,0,1,0,0,2,1,2,0,2,2,2,1,1,1,0,1,1,3,1,0,0,0,1,0,2,0,1,0,2,3,5,3,1,2,2,3,0,3,1,4,0,4,0,1,0,1,3,1,1,0,3,4,1,0,1,4,0,0,0,1,3,0,1,1,0,4,0,1,2,1,0,2,2,0,0,0,0,1,0,1,0,0,0,2,0,4,0,2,3,0,1,6,1,0,2,0,4,1,3,1,2,1,0,2
Gabbr2,3,32,8,6,5,26,6,18,5,9,7,0,12,5,5,3,1,2,5,0,0,5,0,6,6,15,7,6,4,8,3,20,8,0,0,6,2,3,2,0,13,3,4,7,1,9,0,8,0,3,31,8,3,19,4,1,7,1,4,8,0,2,11,3,3,0,5,4,2,2,0,2,8,5,1,3,4,3,3,4,2,2,13,3,0,0,1,0,2,3,1,1,4,4,2,2,6,4,5,0,2,0,3,0,3,1,0,0,3,0,0,7,3,3,5,3,8,3,14,12,3,4,0,3,3,7,1,2,2,3,0,1,2,1,0,1,4,3,3,0,2,8,0,5,4,2,9,7,7,10,7,7,6,7,1,4,0,8,7,3,4,3,8,4,0,5,4,8,19,3,1,6,13,8,3,2,5,4,2,0,10,3,5,8,9,9,9,11,17,6,5,1,9,0,2,6,1,2,3,9,2,12,5,13,5,11,8,6,2,10,14,11,2,6,2,1,9,3,0,0,6,2,2,0,2,6,3,4,3,3,4,3,4,12,7,3,0,6,5,9,3,4,1,0,1,3,4,1,1,6,2,2,2,1,11,6,4,0,3,7,9,3,1,0,6,3,1,6,1,4,8,11,1,4,8,4,3,9,5,7,8,5,0,7,5,10,9,10,2,3,7,7,10,1,1,1,2,4,4,1,2,1,1,17,1,2,1,0,6,2,5,2,3,2,2,2,2,4,0,2,0,0,0,7,13,5,1,3,3,4,4,9,1,2,0,4,1,0,1,4,1,0,2,0,4,6,0,0,7,5,0,2,1,2,4,1,0,4,0,3,0,0,6,3,1,2,1,2,0,1,2,2,0,0,1,0,0,2,4,2,4,0,0,1,3,4,1,3,1,6,7,5,1,4,2,0,0,0
Chst4,0,0,0,0,0,0,0,0,0,0,0,0,0,0,0,0,0,0,0,0,1,0,0,0,0,0,0,0,0,0,0,0,0,0,0,0,0,0,0,0,0,0,0,0,0,0,0,0,0,0,0,0,0,0,0,0,0,0,0,0,0,0,0,0,0,0,0,0,0,0,0,0,0,0,0,0,0,0,0,0,0,0,0,0,0,0,1,0,0,0,0,0,0,0,0,0,0,0,0,0,0,0,0,0,0,0,0,0,0,0,0,0,0,0,0,0,0,0,0,0,0,0,0,0,1,0,0,0,0,0,0,0,0,0,0,0,0,0,0,0,0,0,0,0,0,0,0,0,0,0,0,0,0,0,0,0,0,0,0,0,0,0,0,0,0,0,0,0,0,0,0,0,0,0,0,0,0,0,0,0,0,0,0,0,0,0,0,0,0,0,0,0,0,0,1,0,0,0,0,0,0,0,0,0,0,0,0,0,0,0,0,0,0,0,0,0,0,0,0,0,0,0,0,0,0,0,0,0,0,0,0,0,0,0,0,0,0,0,0,0,0,0,0,0,0,0,0,0,0,0,0,0,0,0,0,0,0,0,0,0,0,0,0,0,0,0,0,0,0,0,0,0,0,0,0,0,0,0,0,0,0,0,0,0,0,0,0,0,0,0,0,0,0,0,0,0,0,0,0,0,0,0,0,0,0,0,0,0,0,0,0,0,0,0,0,0,0,0,0,0,0,0,0,0,0,0,0,0,0,0,0,0,0,0,0,0,0,0,0,0,0,0,0,0,0,0,0,0,0,0,0,0,0,0,0,0,0,0,0,0,0,0,0,0,0,0,0,0,0,0,0,0,0,0,0,0,0,0,0,0,0,0,0,0,0,0,0,0,0,0,0,0,0,0,0,0,0,0
Nnat,0,2,0,0,0,7,0,3,3,0,0,0,1,0,1,0,0,3,0,0,0,2,0,0,1,2,3,0,3,2,2,1,0,0,0,0,1,0,0,0,0,0,0,0,1,0,0,0,1,5,2,1,0,0,2,0,0,0,1,0,0,0,2,0,0,0,0,0,0,0,0,0,0,0,0,0,0,0,0,2,2,0,0,2,1,0,1,3,0,0,0,0,0,0,0,0,1,0,0,0,0,0,0,2,0,0,4,0,3,1,1,3,2,0,9,1,0,1,3,0,0,0,0,0,0,0,0,0,0,0,0,1,2,0,0,0,0,0,0,0,1,5,1,8,4,4,1,5,1,1,0,1,0,0,0,0,1,0,0,0,0,0,0,0,0,0,0,4,0,1,0,9,0,0,0,0,0,0,0,0,1,0,4,0,7,3,0,0,0,2,0,0,0,0,0,0,1,0,0,0,0,0,1,0,1,0,1,2,0,0,0,1,0,0,3,1,0,2,2,1,0,0,0,0,0,0,0,0,0,0,0,0,1,0,0,0,0,0,0,0,1,0,0,0,0,0,0,3,0,0,4,0,0,0,0,0,0,1,0,1,0,0,0,0,0,0,0,0,1,1,1,1,0,0,0,0,0,0,0,0,0,0,0,0,0,0,0,1,0,0,0,0,0,0,0,0,2,1,3,0,1,0,0,1,0,0,0,1,0,0,3,0,0,0,0,0,0,0,1,2,0,0,0,0,3,2,0,0,1,0,0,0,0,0,0,0,0,0,0,0,0,0,0,2,0,0,1,0,1,1,0,0,0,0,1,2,0,0,0,0,1,0,8,2,0,1,0,0,1,0,0,0,0,0,0,0,0,0,0,1,0,1,2,0,1,2,0,2,0,0,1,1,1,0,2,0,0,3
Rad23a,0,3,2,1,1,0,0,0,0,0,0,0,3,1,0,0,0,0,0,0,0,1,1,0,2,1,2,1,0,1,1,0,0,0,0,0,0,0,0,1,0,0,0,0,0,2,0,0,0,0,1,1,0,0,1,0,1,0,0,0,0,1,0,0,1,0,0,0,0,0,0,0,1,0,0,0,0,0,0,1,0,0,0,0,0,0,0,0,0,0,0,0,0,0,0,0,1,0,1,0,0,0,0,0,0,0,0,1,0,0,0,0,0,0,0,0,3,2,0,0,0,0,0,0,0,0,0,0,0,0,0,0,0,0,0,0,0,0,0,0,1,0,0,2,0,0,0,0,2,0,0,0,1,1,0,1,0,1,0,0,0,0,0,0,0,0,1,0,0,2,0,0,2,0,0,0,0,0,0,0,1,1,1,1,0,1,0,0,6,0,0,0,0,0,1,0,0,0,0,1,0,1,1,0,0,0,0,2,0,0,1,3,0,0,0,1,1,0,0,1,0,0,0,0,0,0,0,0,0,0,0,1,0,0,1,0,0,0,2,1,2,1,0,0,0,1,0,0,0,1,1,0,0,0,1,0,0,1,0,0,0,0,1,0,0,1,0,0,0,0,0,0,0,0,0,1,2,1,0,0,0,0,0,1,1,0,2,1,0,0,0,0,0,0,0,0,0,0,0,0,1,0,0,0,0,1,0,0,0,0,0,0,0,0,0,0,0,0,0,0,1,0,0,0,1,0,0,0,0,0,0,3,0,0,1,1,1,0,0,2,0,0,1,0,1,1,0,0,0,2,0,0,0,2,1,2,0,1,0,0,0,0,1,0,1,1,0,1,0,0,0,0,0,0,0,0,0,1,0,0,0,0,0,0,0,0,0,0,0,3,0,0,0,0,0,1,0,1
Sstr4,0,3,2,0,0,2,0,2,0,3,1,0,3,0,0,0,0,0,0,0,0,0,0,0,0,0,0,0,0,2,1,2,2,0,0,1,2,0,0,1,2,2,0,0,0,1,0,0,0,2,5,1,0,1,0,0,1,0,0,0,0,0,0,0,0,0,1,0,0,1,0,0,1,0,1,1,0,1,0,0,2,0,0,0,0,0,0,0,0,0,0,0,0,0,0,0,0,0,1,0,0,0,0,0,1,0,1,0,0,0,0,0,0,0,1,1,0,2,2,0,0,1,0,0,0,1,0,0,0,2,0,0,0,0,0,0,2,1,1,0,0,0,1,0,0,0,0,0,0,1,1,1,0,0,0,0,0,0,0,0,2,0,0,0,0,0,0,0,0,0,0,2,2,0,0,0,1,0,0,0,0,2,1,0,0,0,0,0,0,0,0,0,0,0,0,0,0,0,0,0,0,0,0,1,0,0,1,0,0,1,2,4,1,1,0,0,1,0,1,0,0,1,0,0,0,0,0,0,0,0,1,0,0,0,0,2,0,1,1,0,1,0,0,0,0,1,1,0,0,0,1,0,0,0,0,0,0,0,0,0,0,0,2,0,0,2,0,1,0,0,0,0,1,0,0,0,0,0,0,0,1,0,0,5,1,0,0,0,0,0,1,0,0,0,0,0,0,0,0,0,0,0,0,0,0,0,0,0,2,0,0,0,0,0,1,0,0,1,0,0,0,0,0,1,0,0,0,0,0,0,0,0,0,0,0,0,0,0,0,0,0,0,0,1,0,0,0,0,3,0,0,0,1,0,0,0,0,0,0,0,0,0,0,0,0,1,0,2,0,0,0,0,0,0,0,0,0,0,0,0,0,0,0,0,0,1,0,1,1,0,0,0,0,0,1,0,0,0
Esr2,1,1,0,0,0,0,0,0,0,0,0,0,0,0,0,0,0,0,0,0,0,0,0,0,0,0,0,0,0,0,0,0,1,0,0,0,0,0,0,0,0,0,0,0,0,0,0,0,0,0,0,0,0,0,0,0,0,0,0,0,0,0,0,0,0,0,0,0,0,0,0,0,0,0,0,0,0,0,0,0,0,0,0,0,0,0,0,0,0,0,0,0,0,0,0,0,0,0,0,0,0,0,0,0,0,0,0,0,0,0,0,0,0,0,0,0,0,0,0,0,0,0,0,0,0,0,0,0,0,0,0,0,0,0,0,0,0,0,0,0,0,0,0,0,0,0,0,0,0,0,0,0,0,0,0,0,0,0,0,0,0,0,0,1,0,0,0,0,0,0,0,0,0,0,0,0,0,0,0,0,0,0,0,0,0,0,0,0,0,0,0,0,0,0,0,0,0,0,0,0,0,0,0,0,0,0,0,0,0,0,0,0,0,0,0,0,0,0,0,0,0,0,0,0,0,0,0,0,0,0,0,0,0,0,0,0,0,0,0,0,0,0,0,0,0,0,0,0,0,0,0,0,0,0,0,0,0,0,0,0,0,0,0,0,0,0,0,0,0,0,0,0,0,0,0,0,0,0,0,0,0,0,0,0,0,0,0,0,0,0,0,0,0,0,0,0,0,0,0,0,0,0,0,0,0,0,0,0,0,0,0,0,0,0,0,0,0,0,0,0,0,0,0,0,0,0,0,0,0,0,0,0,0,0,0,0,0,0,0,0,0,0,0,0,0,0,0,0,0,0,0,0,0,0,0,0,0,0,0,0,0,0,0,0,0,0,0,0,0,0,0,0,0,0,0,0,0,0,0,0,0,0,0,0,0,0,0,0,0,0,0,0,0,0,0,0,0,0
Pms2,0,0,0,1,0,0,0,1,0,0,0,0,0,0,0,0,0,0,0,0,0,0,1,0,0,0,0,0,1,0,1,1,0,0,0,0,0,0,0,0,1,0,0,0,0,1,0,1,0,0,0,0,0,0,0,0,0,0,0,0,0,0,0,0,1,0,0,0,0,0,0,0,0,0,0,1,0,1,0,0,2,2,0,0,1,0,0,0,0,1,0,0,0,0,1,0,0,0,0,0,0,0,0,0,0,0,0,0,0,0,0,0,0,0,0,0,1,0,0,1,0,0,0,0,0,0,0,0,0,0,0,0,0,0,0,0,0,0,0,0,0,0,0,0,0,1,1,0,0,0,0,0,1,0,1,0,0,0,0,0,0,0,1,1,1,0,0,0,0,0,0,0,4,0,0,0,2,0,0,0,0,0,0,0,0,0,0,0,1,0,0,0,0,0,0,1,0,0,0,0,0,0,0,0,0,0,0,0,0,1,0,0,0,0,0,0,0,0,0,0,1,0,0,0,0,0,0,0,0,0,0,0,0,0,0,0,0,0,0,0,0,0,0,0,0,0,0,0,0,0,0,0,0,0,0,0,0,0,0,0,0,0,0,0,0,0,0,0,0,0,0,0,0,0,0,0,1,0,0,0,1,0,0,0,0,0,0,0,0,0,0,0,0,0,0,0,0,0,0,0,0,0,0,1,0,0,0,0,0,0,0,0,0,0,0,0,0,0,0,0,0,0,0,0,0,0,0,0,1,0,0,0,0,0,0,0,0,0,2,0,0,0,0,0,0,0,0,0,0,0,0,0,0,1,0,0,0,0,0,0,0,0,0,1,0,0,0,0,1,0,0,0,0,0,0,0,0,0,0,0,0,0,0,0,1,0,1,0,0,0,0,0,0,0,0,0,0,0
Cux2,5,17,4,3,0,1,0,1,10,0,1,0,0,0,0,0,0,0,0,0,0,0,0,0,0,6,5,3,2,0,0,0,0,0,0,2,0,0,0,0,0,0,1,0,0,12,0,1,0,0,0,1,6,14,3,0,3,0,8,1,0,0,0,2,2,1,0,3,1,0,0,3,0,3,1,0,0,3,2,2,0,1,0,0,0,0,0,0,0,3,0,0,2,0,6,2,3,1,0,0,0,0,0,2,0,1,0,0,0,0,1,5,2,0,1,4,7,0,0,4,0,0,0,0,0,1,3,0,3,0,0,0,0,0,2,2,1,0,1,2,0,0,2,2,2,1,2,6,2,3,4,0,7,7,2,0,0,5,7,0,2,4,6,4,5,0,0,0,1,2,0,0,0,5,5,0,2,0,1,1,0,1,0,9,5,3,2,8,1,1,8,2,0,0,1,5,0,0,0,1,0,11,0,0,0,0,0,4,3,0,0,2,0,0,0,2,2,0,1,0,0,0,1,0,0,0,0,2,0,0,2,3,0,0,0,0,0,0,0,2,4,0,3,0,0,2,2,0,0,2,2,0,0,0,1,4,1,0,0,1,1,0,1,0,0,0,0,1,0,0,0,0,0,0,0,0,0,1,2,9,5,1,0,0,0,6,5,6,7,5,6,3,2,0,4,0,0,0,0,0,0,0,0,1,0,0,0,0,1,1,3,3,0,0,0,0,0,0,0,0,0,0,1,1,0,0,0,2,3,0,4,2,0,3,0,0,0,0,1,0,0,2,0,0,0,4,0,0,0,0,0,1,0,0,1,2,0,3,0,0,0,0,1,0,0,2,0,4,0,2,0,2,5,1,1,0,0,2,0,2,0,0,0,2,0,0,1,0,0,0,5,0,0,0,3,2,0,0
Dntt,0,0,0,0,0,0,0,1,0,0,0,0,1,1,0,0,0,0,0,0,0,0,0,0,0,0,0,0,0,0,0,0,0,0,0,0,0,0,0,0,0,0,0,0,0,0,0,0,0,0,1,0,0,0,0,0,0,0,1,0,0,0,0,0,0,0,0,0,0,0,0,0,0,0,0,0,0,0,0,0,0,0,0,0,0,0,0,0,0,0,0,0,0,0,0,0,0,0,0,0,0,0,0,0,0,0,0,0,0,0,0,0,0,0,0,0,0,0,0,0,0,0,0,1,0,0,0,0,0,0,0,0,0,0,0,0,0,0,0,0,0,0,0,0,0,0,0,0,0,0,0,0,0,0,0,0,0,0,0,0,0,0,0,0,0,0,0,0,0,0,0,0,0,0,0,0,0,0,0,0,0,0,0,0,0,1,0,0,0,0,0,0,0,0,0,0,0,0,0,0,0,0,0,0,0,0,0,0,0,0,0,0,0,0,0,0,0,0,0,0,0,0,0,0,0,0,0,0,0,0,0,0,0,0,1,0,0,0,0,0,0,0,0,0,0,0,0,0,0,0,0,0,0,0,0,0,0,0,0,0,0,0,0,0,0,0,0,0,0,0,0,0,0,0,0,0,0,0,0,0,0,0,0,0,0,1,0,0,0,0,0,0,0,0,0,0,0,0,0,0,0,0,0,0,0,0,0,0,0,0,0,0,0,0,0,0,0,0,0,0,0,0,0,0,0,0,0,0,0,0,0,0,0,0,0,0,0,0,0,0,0,0,0,0,0,0,0,0,0,0,0,0,0,0,0,0,0,0,0,0,0,0,0,0,0,0,0,0,0,0,0,0,0,0,0,0,0,0,0,0,0,0,0,0,0,0,0,0,0,0,0,0,0,0,0,0,0,0
Vwf,0,0,0,0,0,0,0,1,0,0,0,0,0,0,0,0,0,0,0,0,0,1,1,0,0,0,0,0,0,0,0,0,0,0,0,0,0,0,0,1,0,0,0,0,0,0,0,0,0,0,0,0,0,0,0,0,0,0,0,0,0,0,0,1,0,2,0,0,0,0,0,0,0,0,0,0,0,0,0,0,0,0,0,0,1,0,1,0,0,0,0,0,0,1,0,0,0,0,4,0,0,0,0,0,0,0,0,0,0,0,0,0,0,0,1,0,0,0,0,0,1,0,0,0,0,0,0,0,0,0,0,0,0,0,0,0,0,0,0,0,0,0,0,0,0,0,0,0,1,0,0,0,0,0,0,0,0,0,0,2,0,0,0,3,0,0,0,0,0,0,0,0,0,1,0,0,0,0,1,0,0,0,0,0,0,1,0,0,1,0,0,0,0,0,0,0,0,0,0,0,0,1,0,0,0,0,1,0,0,0,3,0,0,0,0,1,0,0,0,0,0,0,0,0,0,0,0,0,0,1,0,0,0,0,0,0,0,0,0,0,0,1,0,0,0,0,0,0,0,0,1,0,0,0,0,0,0,1,0,0,0,0,0,0,0,0,0,0,0,0,0,0,0,0,0,0,0,0,0,0,0,0,0,0,0,0,0,0,0,0,0,0,0,0,0,0,0,0,0,0,4,0,0,0,0,0,0,0,1,0,0,0,1,0,1,0,0,0,0,0,0,0,0,0,0,0,0,0,0,0,0,0,0,0,0,0,0,0,0,0,0,0,0,0,0,0,0,0,0,1,0,0,0,0,0,0,0,0,0,0,0,0,0,0,0,0,0,0,0,0,0,1,0,1,0,0,0,0,0,0,0,0,2,0,0,0,0,0,0,3,0,0,0,0,1,0,0,0
Rorb,7,1,5,5,6,5,7,6,4,1,6,0,11,4,3,1,2,0,4,3,2,4,0,4,3,6,6,2,5,7,3,1,5,0,0,4,6,0,5,7,9,7,2,4,2,5,2,7,1,7,13,7,4,8,5,0,12,1,0,2,0,3,4,2,3,0,2,3,2,4,1,1,5,5,3,11,3,7,4,3,4,3,5,3,3,0,3,1,7,4,1,3,6,4,2,5,6,4,3,0,1,0,0,2,2,0,3,0,4,3,1,2,6,5,4,5,4,1,4,7,0,5,0,8,3,2,6,3,3,2,0,4,1,0,1,0,1,1,2,1,3,4,2,6,3,0,0,1,1,6,0,3,7,2,1,4,2,2,4,0,8,2,5,5,0,3,1,2,2,3,0,3,3,6,2,0,7,3,5,1,10,5,2,6,2,5,6,8,6,1,4,1,2,1,5,7,1,4,0,4,2,14,6,2,7,5,7,8,0,9,7,4,0,1,3,6,4,1,1,0,2,1,0,0,1,5,3,4,6,2,4,0,1,4,0,7,0,4,1,5,6,4,0,0,2,3,8,1,0,5,3,1,2,0,10,1,1,3,4,3,2,0,0,0,2,1,0,4,4,1,4,5,1,1,8,5,5,6,4,4,1,2,1,3,2,3,4,0,0,11,4,6,3,0,1,1,3,2,1,2,4,3,1,1,1,1,0,3,1,1,1,1,1,1,1,0,2,4,3,0,1,0,0,1,2,5,4,3,10,6,0,6,0,10,0,8,0,0,4,3,5,1,2,4,2,8,1,0,6,1,0,0,0,10,6,6,0,0,0,1,0,0,3,1,1,7,3,6,0,3,0,1,3,2,1,0,0,6,2,4,0,3,5,2,2,4,2,2,2,0,2,11,4,1,5,1,0,6
Il1rapl2,0,0,0,0,0,0,0,1,0,0,0,0,0,0,0,0,0,0,1,1,0,0,0,0,1,0,0,0,0,0,0,0,0,0,0,0,0,0,0,0,0,0,0,0,0,0,0,0,0,1,0,1,0,0,0,0,0,0,0,0,0,0,0,0,0,0,0,0,0,0,0,0,0,0,0,0,0,0,0,0,0,0,0,0,0,0,0,0,0,0,0,0,0,0,0,0,0,1,0,0,0,0,0,0,0,0,0,0,0,0,0,0,0,0,0,0,0,0,3,0,0,0,0,0,0,0,0,0,0,0,0,0,1,0,0,0,0,0,0,0,0,0,0,0,0,0,0,0,0,0,1,0,0,0,0,0,0,0,0,0,0,0,0,0,0,0,0,0,0,0,0,0,0,0,0,0,0,1,0,0,0,0,0,1,0,0,0,0,0,0,0,1,0,0,0,1,0,0,0,0,0,0,0,0,0,0,0,0,0,0,0,0,0,0,0,0,0,0,0,0,0,0,0,0,0,0,0,0,0,0,0,0,0,0,2,0,0,0,0,0,0,0,0,0,0,0,0,0,0,0,0,0,0,0,0,0,1,0,0,0,1,0,0,0,0,0,0,0,0,0,1,0,0,0,0,0,0,0,0,0,0,0,0,0,0,0,0,0,0,0,0,0,0,0,0,0,0,0,1,0,0,0,0,0,0,0,1,0,0,0,0,0,0,0,0,0,0,0,0,0,0,0,0,0,0,0,0,0,0,0,0,0,0,0,0,0,0,0,0,0,0,0,0,0,0,0,0,0,0,0,0,0,0,0,0,0,0,0,0,0,0,0,0,0,0,0,0,0,0,0,0,0,0,0,0,0,0,0,0,0,0,0,0,0,0,0,0,0,1,0,0,0,0,0,0,0,0,0
Plp1,1,0,2,0,0,7,5,2,0,7,0,0,7,1,3,5,10,3,2,0,0,0,0,3,1,1,3,0,1,4,11,8,5,0,0,0,11,1,1,128,10,1,0,2,1,2,0,3,2,0,10,23,2,2,0,1,4,1,1,0,0,1,0,0,0,0,1,0,0,3,1,1,2,1,11,0,6,1,2,1,1,2,3,0,0,0,0,0,0,0,0,3,4,2,0,0,1,2,0,1,0,0,3,1,1,7,5,3,12,2,0,6,0,2,1,0,8,0,11,0,1,2,2,0,4,0,0,11,4,32,0,18,2,0,0,0,15,1,3,0,1,2,0,2,0,1,0,2,0,1,0,9,0,1,0,8,1,6,0,6,1,0,0,0,0,8,12,0,60,6,0,14,3,0,0,0,20,0,6,0,4,1,0,0,0,0,1,0,3,73,6,0,4,1,56,4,3,2,2,0,0,11,9,3,3,1,5,2,0,2,2,7,2,2,3,3,4,1,2,6,3,1,0,0,18,38,0,1,7,3,2,0,3,14,3,2,3,4,4,11,4,1,0,2,4,1,4,1,0,2,186,1,2,1,1,2,0,2,1,0,1,0,0,0,13,5,2,2,3,0,3,0,0,1,4,0,0,3,0,4,0,0,0,5,4,1,0,0,0,0,0,0,2,0,1,0,0,1,0,0,0,2,0,7,1,2,2,5,9,0,0,0,0,1,5,0,0,2,0,2,1,0,0,0,13,0,0,0,0,6,0,2,1,0,1,5,0,0,1,1,0,0,3,4,5,2,13,3,0,3,2,0,0,6,1,2,1,0,0,4,4,5,2,0,0,1,3,2,2,0,0,0,1,1,0,3,0,48,6,18,0,10,3,1,2,1,32,13,17,1,3,4,1,1,2,0,0,0
Rftn1,0,0,2,0,0,0,0,0,0,1,0,0,0,0,0,0,0,0,0,0,0,0,0,1,0,0,0,0,0,0,0,0,0,0,0,0,2,0,0,0,0,0,0,0,0,0,0,0,0,1,0,0,0,0,0,0,0,0,0,0,0,0,0,0,0,0,0,0,0,0,0,0,0,0,0,0,0,0,0,0,0,0,0,3,0,0,1,0,0,0,0,0,0,0,0,0,0,0,0,0,0,0,0,0,0,0,0,0,0,0,1,0,0,0,0,0,0,0,0,1,0,0,0,0,0,0,0,0,0,0,0,1,0,0,0,0,0,0,0,0,1,1,0,1,0,0,0,0,0,0,0,0,0,0,0,0,0,0,0,0,0,0,0,0,0,0,0,0,0,0,0,0,0,0,0,0,0,0,0,0,0,0,0,0,0,0,0,0,0,1,1,0,0,0,0,0,2,0,0,0,0,0,0,0,0,0,0,0,0,0,0,0,0,0,0,0,0,0,0,0,0,0,0,0,0,0,0,0,0,0,0,0,0,0,0,0,0,0,0,0,0,0,0,0,0,0,0,0,0,0,9,0,0,0,0,0,0,0,0,0,0,0,0,0,0,0,0,0,0,0,0,0,0,0,0,0,0,0,0,0,0,0,0,0,0,0,0,0,0,0,0,0,0,0,1,0,0,0,0,0,0,0,0,0,0,0,0,0,0,0,0,0,0,0,0,0,0,0,0,0,0,0,0,0,0,0,0,0,0,0,0,0,0,0,0,0,0,0,0,0,0,0,0,0,0,0,0,0,0,0,0,0,0,0,0,0,0,0,0,0,0,0,2,0,0,1,0,0,0,0,0,0,0,0,0,0,0,0,0,0,0,0,0,0,0,0,0,0,0,0,0,0,0,0,0,0,0,0
Nrp2,0,0,0,0,0,0,0,0,0,0,0,0,0,0,0,0,0,0,1,4,0,0,0,0,0,1,0,0,0,0,0,2,0,0,0,1,0,0,0,0,0,0,0,0,0,0,0,0,0,0,1,0,0,0,0,0,0,0,0,0,0,1,0,0,0,0,0,0,0,0,0,0,0,0,0,0,0,0,0,0,0,0,0,0,1,2,0,1,0,0,0,0,0,0,0,0,0,0,0,0,0,0,0,0,0,0,0,0,0,0,0,0,0,0,0,0,0,0,0,1,0,0,0,0,0,0,0,0,0,0,0,0,0,0,0,0,0,0,1,0,0,0,0,0,0,0,0,0,1,0,0,0,0,0,0,0,0,1,0,0,0,0,0,0,0,0,0,0,0,0,0,0,0,0,0,0,0,0,0,0,0,0,0,1,0,0,0,0,0,0,0,0,0,0,0,0,0,0,0,0,0,0,0,0,0,0,0,0,0,0,1,0,0,0,0,0,0,0,0,0,0,0,0,0,0,0,0,0,0,0,0,0,0,0,0,0,0,0,0,0,1,0,0,0,0,0,0,0,0,0,1,0,0,0,0,0,0,0,0,0,1,0,0,0,0,0,0,0,0,0,0,0,1,0,0,1,0,0,0,0,0,1,0,0,0,0,0,0,0,0,0,0,0,0,0,0,0,0,0,0,0,0,0,0,0,0,0,0,0,0,0,0,0,0,0,0,0,0,0,0,0,0,0,0,0,0,0,0,0,0,1,0,0,1,0,1,0,0,0,0,0,0,0,1,0,0,0,0,0,1,0,0,0,0,0,0,0,0,0,0,0,0,1,0,0,0,0,0,0,0,0,0,0,0,0,0,0,0,0,0,0,0,0,0,0,0,0,0,0,0,0,0,0,0,0,0,0,0
Grin1,5,37,7,4,3,21,4,9,4,6,6,0,12,4,4,0,3,0,5,1,0,4,0,0,2,2,2,5,0,3,9,17,5,3,0,3,4,0,1,1,5,6,1,2,1,11,1,4,0,6,16,3,12,13,2,0,6,1,2,0,0,0,3,0,4,0,2,5,1,1,1,2,5,1,0,4,2,2,5,0,1,1,2,0,0,0,0,0,1,1,0,0,3,4,1,0,2,2,0,0,1,0,1,2,1,2,0,1,0,3,0,5,1,1,2,1,3,0,10,9,1,4,0,4,2,2,5,6,2,1,0,0,0,1,0,2,3,3,3,1,2,1,2,1,1,1,16,8,3,3,4,2,1,3,2,4,1,2,2,2,5,7,4,0,1,4,2,8,12,3,0,0,11,0,3,0,4,2,2,0,1,5,2,5,6,1,5,16,3,1,3,2,2,1,1,2,2,1,0,9,2,14,2,6,2,5,0,4,3,3,15,24,1,3,3,0,2,1,2,1,1,2,0,1,0,4,1,0,1,2,9,1,2,16,3,4,0,2,3,4,2,2,0,0,1,2,0,2,0,0,0,2,4,0,1,8,2,0,0,0,13,1,4,7,1,3,2,15,0,1,5,3,0,3,16,0,3,2,5,4,2,3,0,2,3,10,5,2,2,0,5,10,3,0,0,0,2,2,5,3,0,0,0,4,0,2,1,0,2,0,1,0,2,0,0,0,1,1,0,0,0,0,0,4,10,3,0,1,0,9,2,14,0,1,0,1,0,1,2,5,0,1,1,2,2,0,0,1,3,8,0,1,0,1,1,0,0,3,0,0,3,3,2,1,0,0,3,3,1,0,0,0,2,1,0,0,0,1,2,2,3,0,2,0,2,10,1,1,0,1,2,4,5,0,0,2,0,0
St3gal6,0,0,0,0,0,0,0,1,0,0,0,0,0,0,0,0,0,0,0,0,0,0,0,0,0,0,0,0,0,0,0,0,0,0,0,0,1,0,0,0,0,0,0,0,0,0,0,0,0,0,0,0,0,0,0,0,0,0,1,0,0,0,0,0,0,0,0,0,1,0,0,0,0,0,0,0,0,0,0,0,0,0,0,0,0,0,0,0,0,0,0,0,0,1,0,0,0,0,1,0,0,0,0,0,0,0,1,0,0,0,0,0,0,1,0,0,0,0,0,0,0,0,0,0,0,0,1,0,0,0,0,1,0,0,0,0,0,0,0,0,0,0,0,0,0,0,0,0,0,0,0,0,0,0,0,0,0,1,0,0,0,0,0,2,0,0,0,0,0,1,0,0,0,2,0,0,0,0,0,0,0,0,0,0,0,1,0,0,0,0,0,0,0,0,0,0,0,0,0,0,0,0,0,0,0,0,0,0,0,0,0,0,0,0,0,0,0,0,0,0,0,0,0,0,0,0,0,0,0,0,0,0,0,0,0,0,0,0,0,0,0,1,0,0,0,0,0,0,0,0,0,0,1,0,0,0,0,0,0,0,0,0,0,0,0,0,0,0,0,0,0,0,0,0,0,0,0,1,0,0,0,0,0,0,0,0,0,0,0,0,0,0,0,0,0,0,0,0,0,0,0,0,0,0,0,0,0,0,0,2,0,0,0,0,0,0,0,0,0,0,0,0,0,0,0,0,0,0,0,0,0,0,0,0,0,0,0,0,0,0,0,0,0,0,0,0,0,0,0,0,0,0,0,0,0,0,0,0,0,0,0,0,0,0,0,0,0,0,0,0,0,0,0,0,0,0,0,1,0,0,0,0,0,0,0,0,4,1,0,0,0,0,0,0,0,0,0,0
Cetn2,0,0,0,0,0,0,0,0,0,1,0,0,0,0,0,0,0,0,0,0,0,0,0,0,0,0,1,0,0,0,0,0,1,0,0,0,0,0,0,0,0,0,0,0,2,0,0,0,0,0,1,0,0,0,1,0,0,0,0,0,0,2,0,0,0,0,0,0,0,0,0,0,0,0,0,1,0,0,0,0,0,0,0,0,1,0,0,0,0,0,0,0,2,0,0,1,0,0,0,0,0,0,0,0,0,0,0,0,0,0,0,0,0,0,0,0,0,0,0,0,0,1,0,0,0,0,0,1,0,0,0,0,0,0,0,0,0,0,0,0,0,0,0,3,0,1,0,0,0,0,0,0,0,0,0,0,1,0,2,0,1,0,2,1,0,0,0,0,0,0,0,0,2,0,0,0,0,0,0,0,0,0,0,0,0,0,0,0,0,0,0,0,0,0,1,0,0,0,0,0,0,0,1,2,0,0,0,0,0,0,1,0,0,0,0,0,0,0,0,0,0,0,0,0,0,1,0,0,0,0,0,0,0,0,0,0,0,0,1,0,0,0,0,0,0,0,0,0,0,0,0,0,0,0,1,0,0,0,0,0,0,0,0,0,0,0,0,0,0,0,0,0,0,0,0,1,0,0,0,0,0,0,0,0,0,1,0,0,0,0,0,0,0,0,0,1,0,0,0,0,0,0,0,0,0,0,0,0,0,0,0,0,0,0,0,0,0,0,0,0,0,0,0,0,1,0,0,0,0,0,0,2,0,0,0,0,0,0,0,0,0,0,0,0,0,0,0,0,0,0,0,0,0,0,1,0,0,0,0,0,0,0,0,0,0,0,0,0,0,0,0,1,0,0,0,0,0,0,1,0,1,0,0,0,0,0,0,0,0,1,0,0,0,0,0,0,0,0
Gabrq,0,0,0,0,0,0,0,1,0,0,0,0,0,0,0,0,0,0,0,0,0,0,0,0,1,0,0,0,0,0,0,0,0,0,0,0,2,0,0,0,0,0,0,0,0,0,0,0,0,1,0,0,0,0,0,0,0,0,0,0,0,0,0,0,0,0,0,0,0,0,0,0,0,0,0,0,0,0,0,0,0,0,0,0,0,0,0,0,0,0,0,0,0,0,0,0,0,0,0,0,0,0,0,0,0,0,0,0,0,0,0,0,0,0,0,0,0,0,0,0,0,0,0,0,0,0,0,0,0,0,0,0,0,0,0,0,0,0,0,0,0,0,0,0,0,0,0,0,0,0,0,0,0,0,0,0,0,0,0,0,0,0,0,0,0,0,0,0,0,0,0,0,0,0,0,0,0,0,0,0,0,0,0,0,0,0,0,0,0,0,0,0,0,0,0,1,0,0,0,0,0,0,0,0,0,0,0,0,0,0,0,0,0,0,0,0,0,0,0,0,0,0,0,0,0,0,0,0,0,0,0,0,0,0,0,0,0,0,0,0,0,0,0,0,0,0,0,0,0,0,0,0,0,0,0,0,0,0,0,0,0,0,0,0,0,0,0,0,0,0,1,0,0,0,0,0,0,0,0,0,0,0,0,0,0,0,0,0,0,0,0,0,0,0,0,0,0,0,0,0,0,0,0,0,0,0,0,0,0,0,0,0,0,0,0,0,0,0,0,0,0,0,0,0,0,0,0,0,0,0,0,0,0,0,0,0,0,0,0,0,0,0,0,0,0,0,0,0,0,0,0,0,0,0,0,0,0,0,0,0,0,0,0,0,0,0,0,0,0,0,0,0,0,0,0,0,0,0,0,0,0,0,0,0,0,0,0,0,1,0,0,0,0,0,0,0,0,0
Atp5c1,2,7,7,2,2,4,4,10,0,7,3,0,5,8,0,0,1,2,3,0,2,4,0,2,2,4,3,4,0,3,0,1,3,0,0,2,3,2,2,5,7,0,0,6,2,6,0,2,0,4,4,6,2,8,2,1,8,0,2,0,0,0,0,1,1,0,0,3,0,0,0,0,2,0,2,1,1,2,0,1,1,3,2,0,0,0,1,0,0,1,0,0,1,1,1,0,2,2,2,0,0,0,1,0,1,1,0,0,0,3,0,0,1,0,2,1,4,1,3,3,2,4,0,2,7,2,2,3,3,3,1,2,1,0,1,0,0,2,2,0,0,0,0,0,2,1,0,3,4,2,9,2,3,3,1,2,2,2,6,3,3,2,2,3,1,4,1,1,6,2,0,6,2,0,0,0,0,2,1,0,0,4,1,0,2,1,2,2,2,0,1,1,2,0,1,1,0,2,0,2,1,6,0,2,1,2,3,3,1,4,5,1,0,0,0,1,3,1,1,0,3,1,0,0,1,1,2,2,2,0,3,0,1,3,3,0,0,6,2,2,3,3,0,1,0,2,3,0,2,0,2,0,1,0,1,0,1,0,2,1,1,0,0,0,0,2,0,0,1,0,4,2,0,0,2,1,0,1,0,0,3,1,1,0,2,3,3,0,2,0,0,2,0,0,0,0,1,0,2,0,0,0,0,0,1,0,0,0,0,0,0,1,0,1,0,0,0,0,0,0,0,0,0,3,5,5,0,3,1,2,0,5,0,1,0,3,0,0,1,2,3,0,1,0,2,4,0,0,1,0,0,0,0,3,1,1,1,1,0,2,0,0,2,1,0,1,0,2,2,2,0,0,1,0,1,0,0,3,3,3,2,0,0,1,2,3,0,2,4,0,3,5,1,0,0,0,0,0
Mre11a,1,0,3,0,0,1,1,2,0,0,0,0,2,0,0,0,0,0,0,0,0,0,0,0,0,0,0,0,0,0,0,0,0,0,0,0,0,0,1,1,1,0,0,0,0,1,0,0,1,0,2,1,0,0,0,0,0,0,0,0,0,0,1,0,0,0,0,1,0,0,0,0,0,0,0,0,1,0,0,0,0,0,0,0,0,0,0,0,0,0,0,0,0,0,0,1,1,0,0,1,0,0,0,0,1,0,0,0,2,0,0,0,1,2,0,0,0,0,0,1,0,1,0,0,0,1,0,0,0,0,0,0,1,0,0,0,0,0,0,0,0,0,0,0,0,1,0,0,2,0,0,1,0,1,0,0,0,0,1,0,0,0,0,0,0,0,2,0,0,0,0,1,2,0,0,0,0,0,1,0,0,2,0,0,0,0,0,0,0,0,0,0,0,0,0,0,1,0,0,0,0,0,0,0,0,0,1,0,0,0,0,0,0,0,0,0,0,0,1,0,1,0,0,0,0,0,0,0,0,0,0,0,0,0,0,0,0,0,0,0,1,0,0,0,1,0,0,0,0,0,1,0,0,0,1,0,0,0,0,0,0,0,0,0,0,1,0,0,0,0,0,0,0,0,0,0,0,0,0,1,1,0,0,0,0,0,0,0,0,0,1,0,0,0,1,0,0,0,0,0,0,0,0,0,0,0,1,0,0,0,0,0,0,0,0,0,0,0,0,0,0,0,1,0,1,0,0,1,1,0,0,0,0,0,0,0,0,0,1,1,0,0,0,0,0,1,0,0,0,0,0,0,0,2,0,0,0,0,0,0,0,0,1,0,0,0,0,0,0,0,0,0,0,0,0,0,0,0,0,0,0,0,0,0,0,1,0,0,2,0,0,0,0,0,0,0,0,0
Xylt2,2,2,0,0,0,1,0,0,1,0,0,0,1,1,0,0,0,0,0,0,0,0,0,1,0,1,0,1,0,0,0,0,2,0,0,0,0,0,0,3,0,0,0,0,0,3,0,1,0,0,2,2,0,3,0,0,0,0,1,0,0,0,1,0,1,0,0,0,0,1,0,0,1,0,0,1,0,0,1,0,0,0,0,0,1,0,0,0,0,0,0,0,0,1,0,0,0,0,0,0,0,0,0,0,0,0,0,1,0,0,0,0,1,0,0,0,0,0,0,1,0,0,0,0,0,2,1,0,0,0,0,1,0,0,0,0,0,0,0,0,1,2,0,0,1,1,2,1,1,0,0,0,0,0,0,1,0,1,1,0,1,0,1,1,0,0,0,0,0,1,0,0,1,0,0,0,0,0,0,0,0,0,0,0,0,1,1,1,0,1,0,0,0,0,0,1,1,0,1,0,0,0,0,2,1,2,1,1,1,0,0,1,0,1,2,0,0,0,1,0,0,0,0,0,0,0,1,0,0,0,0,0,1,0,0,0,0,0,2,0,1,0,0,1,0,0,0,0,0,0,0,0,0,0,1,0,1,0,0,0,0,0,0,0,1,1,0,0,0,0,0,0,1,0,0,0,1,2,0,0,0,0,0,0,1,2,1,0,0,0,0,0,0,0,0,0,0,0,0,1,0,0,0,0,0,0,0,0,0,0,0,1,0,0,0,0,0,0,0,0,0,0,0,1,1,1,0,0,1,0,0,0,0,0,0,1,0,0,0,0,0,0,0,0,0,0,0,0,0,0,0,0,0,0,0,0,0,1,0,0,0,0,1,0,0,0,0,1,0,0,0,0,1,0,0,0,0,0,0,0,0,0,2,1,0,0,0,0,0,0,1,0,1,0,0,0,0,0
Cdh13,0,0,0,0,0,5,1,8,0,0,0,0,3,0,0,0,1,0,0,0,0,0,0,1,1,1,0,0,0,0,2,0,0,0,0,0,3,0,0,0,0,0,0,0,0,0,0,0,0,5,0,0,0,0,0,0,0,0,0,0,0,0,6,0,0,0,0,1,0,0,0,0,2,0,0,0,0,0,0,0,0,0,0,0,0,0,1,0,0,0,0,0,0,0,0,0,0,0,0,0,0,0,0,0,1,0,0,0,0,0,0,1,0,0,0,0,2,0,1,0,0,2,0,0,0,1,0,0,0,0,0,0,0,0,0,0,0,0,0,0,0,1,0,0,0,0,0,0,0,0,0,0,0,0,0,0,0,0,0,1,0,0,0,1,1,0,0,0,0,0,0,2,1,0,0,0,0,0,0,0,0,0,0,0,0,0,0,0,1,1,0,0,0,0,0,1,0,0,0,0,0,0,0,0,0,0,0,0,0,0,0,1,0,0,0,0,0,0,0,0,0,0,0,0,0,0,0,0,0,0,0,0,0,2,0,0,0,0,0,0,1,0,0,0,0,0,0,0,0,0,0,1,0,0,1,0,0,0,0,0,0,0,0,0,0,0,0,1,1,0,0,0,0,0,0,0,0,0,0,1,0,1,0,0,0,0,0,0,0,0,0,0,1,0,0,0,0,1,0,0,0,0,0,0,0,0,0,0,0,0,0,0,0,0,0,0,0,0,0,0,0,0,0,5,2,0,0,0,0,0,0,1,0,0,0,0,0,0,0,0,0,0,1,0,0,0,0,0,0,0,0,0,0,0,1,0,0,0,0,0,0,0,1,0,0,2,1,0,1,0,0,0,0,0,0,0,0,0,0,0,1,0,0,0,0,0,0,0,0,0,0,0,0,0,1,0,0,0
Numb,0,3,2,1,3,6,3,2,2,4,6,0,4,1,0,3,2,1,0,2,0,1,0,1,2,2,2,0,4,2,0,5,2,0,0,0,4,0,0,1,4,0,0,0,0,2,0,1,0,3,6,1,1,4,1,0,0,0,2,2,0,1,3,1,2,0,1,2,1,0,0,0,3,0,0,0,3,1,2,0,0,0,0,2,1,0,0,0,2,1,1,0,0,3,2,0,3,1,1,0,0,0,0,0,2,0,2,0,1,1,1,0,0,0,0,0,1,0,5,0,0,2,1,2,1,6,3,2,0,1,0,1,0,0,0,0,1,0,0,0,0,1,4,1,0,0,1,2,4,0,1,1,1,1,0,1,0,1,4,0,3,0,2,0,0,0,1,0,0,2,0,2,1,0,0,0,1,1,0,2,0,2,1,0,0,3,3,1,0,0,0,0,2,0,2,2,1,1,0,0,2,2,1,3,0,2,0,0,0,0,3,2,0,1,0,0,1,0,0,0,3,0,1,0,1,0,3,0,0,0,0,1,1,1,1,1,0,0,0,1,2,2,1,0,0,1,1,3,0,0,0,0,2,0,1,0,0,1,0,2,0,1,0,0,0,0,1,1,1,0,2,3,1,0,5,2,0,3,0,0,1,2,1,0,2,1,2,2,2,0,2,0,0,0,0,0,2,2,0,0,1,0,1,1,0,0,3,0,0,0,0,0,1,0,1,0,1,1,0,0,0,0,0,3,4,1,0,4,2,1,0,2,0,2,0,1,0,0,0,0,2,0,0,0,0,1,0,0,2,1,0,1,0,3,1,1,0,1,0,1,0,0,3,2,0,3,1,0,2,2,0,0,0,1,0,0,0,4,0,0,0,1,4,1,0,1,0,1,1,0,2,2,0,1,0,0,0,1
Ssbp1,1,1,0,0,0,0,0,1,0,0,0,0,0,0,0,0,0,0,0,1,0,1,0,0,0,0,0,0,0,0,0,1,0,0,0,0,0,0,0,0,0,0,0,0,0,1,0,0,0,0,0,0,0,1,0,0,0,1,0,0,0,0,0,0,0,0,0,0,0,0,0,0,0,0,0,0,0,1,0,0,0,1,0,0,0,0,0,0,0,0,0,0,0,0,0,1,0,0,0,0,0,0,0,1,0,0,2,0,1,0,0,0,0,0,0,0,0,0,0,0,0,0,0,1,0,0,0,0,0,1,0,0,0,0,0,0,0,1,0,0,0,0,0,0,0,1,1,0,0,0,2,0,1,0,0,0,0,0,0,0,1,0,0,0,0,0,0,1,0,0,0,0,1,0,0,0,0,0,1,0,1,0,0,0,0,0,0,0,0,0,0,0,0,0,0,1,0,0,0,0,0,0,0,1,0,0,0,1,0,0,0,0,0,0,1,0,1,0,0,0,0,0,0,0,0,0,0,0,0,0,1,0,0,1,0,0,0,0,0,0,0,0,0,0,0,0,0,0,0,0,3,0,0,0,0,1,0,0,0,0,0,0,0,0,0,1,0,0,0,0,0,0,0,0,1,0,0,0,0,0,0,0,0,0,0,1,0,0,0,0,0,0,0,0,0,0,0,0,0,0,0,0,0,0,0,0,0,0,0,0,0,0,0,0,0,0,0,0,0,0,0,0,0,0,0,0,0,1,0,0,0,0,0,0,0,0,0,0,1,0,2,0,1,1,1,0,0,0,0,0,0,0,0,0,0,0,0,0,0,0,0,0,0,0,0,0,0,0,0,0,0,0,0,0,0,0,0,0,1,0,0,0,2,0,0,0,0,0,0,0,0,0,0,0,0,0,0,0
Blnk,0,0,0,0,1,0,0,0,0,0,0,0,0,0,0,0,0,0,0,0,0,0,0,0,1,0,0,0,0,0,1,0,0,0,0,0,0,0,0,0,0,0,0,0,0,0,0,0,0,0,0,0,0,0,0,0,0,0,0,0,0,0,0,0,0,0,0,0,0,0,0,0,0,0,0,1,0,0,0,0,0,0,0,0,0,0,0,0,0,0,0,0,0,0,0,0,0,0,1,0,0,0,0,0,1,1,0,0,0,1,0,0,0,0,0,0,0,0,0,0,0,0,0,1,0,0,0,0,0,0,0,0,0,0,0,0,0,0,0,0,0,0,0,0,0,0,0,0,0,0,0,0,0,0,0,0,0,0,0,0,0,0,0,0,0,0,0,0,2,0,1,0,0,0,0,0,0,0,0,0,0,0,0,0,0,0,0,0,0,1,0,0,0,0,0,0,0,0,0,0,3,0,0,0,0,0,0,0,0,0,0,1,0,0,0,0,0,0,0,0,0,0,0,0,0,0,1,0,0,0,0,0,0,1,0,0,0,0,0,0,0,1,0,0,0,0,0,0,0,0,0,0,0,0,0,0,0,0,0,0,0,0,0,0,0,0,0,0,0,0,0,0,0,0,0,0,0,0,0,0,0,0,0,0,0,0,0,0,0,0,0,0,0,0,0,0,0,0,1,0,0,0,0,2,0,0,0,2,0,0,0,0,0,0,0,0,0,0,0,0,0,0,0,0,0,0,0,0,0,0,0,0,0,0,0,0,0,0,0,0,0,0,0,0,0,0,0,0,1,1,0,0,0,1,0,0,0,0,0,0,0,0,2,0,0,0,1,1,1,0,0,0,0,0,0,0,0,0,0,0,0,0,0,0,0,0,0,0,0,0,0,0,0,0,0,0,0,0
Lnx1,0,0,0,0,2,0,0,1,0,1,1,0,0,0,0,0,0,0,0,0,1,0,0,1,2,0,0,0,0,1,0,0,1,1,0,1,0,0,0,0,1,0,0,0,2,1,0,0,1,1,1,1,1,0,0,0,1,0,0,0,0,0,0,0,0,0,0,0,0,0,0,0,1,0,0,0,1,1,1,0,0,0,0,0,0,0,0,0,0,0,0,1,0,0,1,0,0,0,1,0,0,0,0,0,1,0,0,0,0,0,0,0,0,0,0,0,0,0,0,1,0,1,2,1,0,0,0,0,0,0,0,2,0,0,0,0,0,0,0,0,1,0,0,0,0,0,0,2,0,1,2,0,0,1,1,0,0,0,1,0,1,0,1,1,0,2,0,0,0,2,0,0,0,0,0,0,0,0,1,0,1,0,0,0,1,0,0,0,0,1,2,0,0,0,1,1,0,0,0,0,0,1,0,1,0,0,0,0,0,1,2,1,0,1,0,0,0,0,1,0,0,0,0,0,0,0,0,0,0,0,0,0,0,1,1,0,0,0,1,0,1,0,0,0,0,4,0,0,0,0,1,0,1,0,0,0,1,0,0,0,1,0,0,0,0,0,0,0,1,0,2,0,1,0,1,0,0,0,0,1,0,1,0,0,1,0,0,1,0,0,2,0,0,0,0,0,0,0,0,0,0,0,0,1,0,0,0,0,1,0,0,0,2,0,0,0,1,0,0,0,0,0,0,1,0,0,0,0,0,0,0,0,0,0,0,0,1,0,0,1,0,0,1,0,0,1,0,0,0,1,0,0,0,0,0,0,0,1,0,0,0,0,2,0,0,0,2,0,0,0,0,0,0,0,0,0,1,0,0,0,0,0,1,0,0,1,0,0,0,0,0,0,0,0,0,0,0,0
Shisa6,0,0,0,0,0,1,1,0,0,0,0,0,0,0,0,0,0,0,0,0,0,0,0,0,0,0,0,0,0,1,0,0,0,0,0,0,0,0,0,0,0,0,0,0,0,0,0,0,0,0,0,0,0,0,0,0,0,0,0,0,0,0,0,0,1,0,0,0,0,0,0,0,0,0,0,0,0,0,0,1,0,0,0,0,0,0,0,0,0,0,0,0,0,0,0,2,0,0,0,0,0,0,0,0,0,0,0,0,0,0,0,3,0,0,0,0,0,0,0,0,0,0,0,0,0,0,0,0,0,0,0,0,0,0,0,0,0,0,0,0,0,0,0,0,2,0,0,0,0,0,0,0,0,0,0,0,0,0,0,0,0,0,0,0,0,0,0,0,0,0,0,0,0,0,0,0,0,0,0,0,0,0,0,0,0,0,0,2,0,0,1,0,0,0,0,1,0,0,0,0,0,2,0,0,0,0,0,0,0,0,0,0,0,0,0,0,0,0,0,0,0,0,0,0,0,0,0,0,0,0,0,0,0,0,0,0,0,0,0,0,0,0,0,0,0,0,0,0,0,0,0,0,0,0,0,2,0,0,0,0,0,0,0,0,1,0,0,1,0,0,0,0,0,0,0,1,0,0,0,0,0,0,0,0,0,0,0,0,0,0,1,0,0,0,0,0,0,0,0,0,1,0,0,3,0,0,0,0,0,0,0,0,0,0,0,0,0,0,0,0,0,0,0,1,0,0,0,0,0,0,0,0,0,0,0,0,0,0,0,0,0,0,0,0,0,0,0,0,0,0,0,0,0,0,0,1,0,0,0,0,0,0,0,0,0,0,0,2,0,0,0,0,0,0,0,0,0,0,0,0,0,0,0,0,0,0,0,0,0,0,0,0,0,0,0,0,0,0
Tmem40,0,0,0,0,0,0,0,0,0,0,0,0,0,0,0,0,0,0,0,0,0,1,0,0,0,0,0,0,0,0,1,0,0,0,0,0,0,0,0,0,0,0,0,0,1,0,0,0,0,0,0,0,0,0,0,0,0,0,0,0,0,0,0,0,0,0,0,0,0,0,0,0,0,0,0,0,0,0,0,0,0,0,0,0,0,0,1,0,0,0,0,0,0,0,0,0,0,0,0,0,0,0,0,0,0,0,0,0,0,0,0,0,0,0,0,0,0,0,0,0,0,0,0,0,0,0,0,0,0,0,0,0,0,0,0,0,0,0,0,0,0,0,0,0,0,0,0,0,0,0,0,0,0,0,0,0,0,0,0,0,0,0,0,0,0,0,0,0,0,0,0,0,0,0,0,0,0,0,0,0,0,1,0,0,0,1,0,0,0,0,0,0,0,0,0,0,0,0,0,0,0,0,0,0,0,0,0,0,0,0,0,1,0,1,0,1,0,0,0,0,0,0,0,0,1,0,0,0,0,0,0,0,0,0,0,0,0,0,0,0,0,0,0,0,0,0,0,1,0,0,0,0,0,0,0,0,0,0,0,0,0,0,0,0,0,0,0,0,1,0,0,0,0,0,0,0,0,0,0,0,0,0,0,0,0,0,0,0,0,0,0,0,0,0,0,0,0,0,0,0,1,0,0,0,0,0,0,0,0,0,0,0,0,0,0,0,0,0,0,0,0,0,0,0,0,0,0,0,0,0,0,0,0,1,0,0,0,0,0,0,0,0,0,0,0,0,0,0,0,0,0,0,0,0,0,0,0,0,0,0,0,0,0,0,0,0,0,0,0,0,0,0,0,0,0,0,0,0,0,0,0,0,0,0,0,0,0,0,0,0,0,0,0,0,0,0,0,0
Cdh8,0,1,0,0,0,0,0,0,0,0,0,0,0,0,0,0,0,1,0,0,0,0,0,0,0,1,1,1,1,0,0,0,0,0,0,0,0,0,0,0,0,0,0,0,0,0,0,0,0,0,0,0,0,0,1,0,1,0,0,0,0,0,0,0,0,0,0,0,0,0,0,0,0,0,0,0,0,0,1,0,0,0,0,0,0,0,0,0,0,0,0,0,0,0,0,0,0,0,0,0,0,0,0,0,0,0,0,0,0,0,0,0,0,0,0,0,1,0,0,0,0,0,0,0,0,0,0,0,0,0,0,0,0,0,0,0,0,0,0,0,0,0,0,0,0,0,0,0,0,0,0,0,0,0,1,0,0,0,0,0,0,0,0,0,0,0,0,0,0,0,0,1,0,0,0,0,0,0,1,0,0,0,0,0,0,0,0,0,0,0,0,0,0,0,0,0,0,0,0,0,0,0,0,0,0,0,0,0,0,0,0,0,0,0,0,0,0,0,0,0,0,0,0,0,0,0,0,0,0,0,1,0,0,0,0,1,0,0,0,0,0,0,0,0,0,0,0,0,0,0,0,0,0,0,0,0,0,0,0,0,0,0,0,0,0,1,0,1,0,0,0,0,0,0,0,0,0,0,0,0,0,0,0,0,0,0,0,0,0,0,0,0,0,0,0,0,0,0,0,0,0,0,0,0,0,0,0,0,0,0,0,0,1,0,0,0,0,0,0,0,0,0,0,0,0,0,0,0,0,0,0,0,0,0,0,0,0,0,0,0,0,0,0,0,0,0,0,0,0,0,0,0,0,0,0,0,0,0,0,1,0,0,0,0,0,0,0,0,0,0,0,0,0,0,0,0,0,0,0,0,0,0,0,0,0,0,0,0,0,0,0,0,0,0,0,0,0,0
Gfra1,0,0,1,1,0,0,1,0,0,0,1,0,0,0,3,0,1,0,1,0,0,0,0,0,0,0,0,0,0,0,0,0,0,0,0,0,0,1,1,0,4,1,0,1,0,0,0,0,0,1,1,1,0,0,1,0,0,0,2,0,1,0,0,2,0,0,0,1,0,0,0,0,0,0,0,0,0,0,0,0,1,0,0,1,1,0,0,0,0,0,1,0,2,0,0,1,0,0,1,0,0,0,1,1,0,0,0,0,2,0,0,3,0,0,1,0,0,0,0,1,0,1,0,1,0,1,0,0,0,0,0,0,0,0,1,0,0,1,0,0,1,0,0,1,0,1,0,0,1,0,0,0,0,0,1,0,0,0,0,0,0,0,0,0,1,0,0,1,1,0,0,0,0,0,0,0,0,0,0,0,1,1,0,0,1,0,0,1,0,1,0,0,1,0,0,1,0,0,0,0,0,0,0,1,1,0,0,1,1,0,0,0,0,0,0,0,0,0,0,0,0,0,0,0,1,0,1,0,0,0,1,0,0,0,0,0,0,0,1,0,1,1,0,0,0,0,0,0,0,0,0,0,0,0,1,0,0,0,0,0,0,0,0,0,0,0,0,0,0,0,0,0,0,0,1,0,0,0,0,1,0,0,0,1,0,0,0,0,0,0,0,0,0,0,0,0,0,0,0,1,0,0,0,1,0,0,0,0,0,0,0,0,0,0,1,0,0,0,0,0,0,0,0,1,2,2,0,0,0,1,0,0,0,0,0,0,1,0,0,1,0,0,0,0,0,0,2,0,0,0,0,1,0,0,0,0,1,0,0,0,0,0,0,0,0,0,0,0,0,1,0,0,0,0,0,0,0,2,0,0,0,0,0,0,0,0,1,0,0,0,0,0,0,0,1,0,0,0
Ttyh1,6,6,5,4,11,5,4,6,0,4,5,0,4,1,3,0,3,1,1,0,0,7,2,1,6,7,7,1,7,8,1,3,3,1,0,5,2,2,0,8,6,4,5,3,6,6,1,2,2,2,13,10,5,1,2,0,5,2,3,0,0,3,6,1,4,0,3,3,2,4,1,3,4,3,3,0,0,7,2,4,4,3,4,2,1,1,3,0,1,5,1,0,3,6,2,1,3,6,0,0,1,0,0,2,1,1,2,1,1,1,0,0,3,1,1,2,2,1,1,2,0,3,1,2,3,2,1,3,2,1,1,3,0,1,0,0,4,3,1,3,4,6,5,2,3,4,5,4,14,7,4,5,3,3,3,4,0,0,1,2,3,2,2,12,0,2,1,0,1,6,0,5,5,3,2,0,4,1,6,1,1,6,1,4,4,6,2,2,2,0,0,0,3,0,5,3,1,3,0,1,2,8,1,6,1,3,1,2,0,5,7,2,1,1,5,4,4,2,4,0,1,0,1,1,8,1,0,2,3,1,9,1,1,1,7,4,1,1,1,5,13,3,0,0,2,3,7,5,0,2,3,2,0,1,5,5,3,1,2,3,1,0,0,1,0,2,1,2,2,1,3,4,0,4,1,1,4,4,3,8,0,1,0,3,3,2,8,0,2,0,4,9,4,0,0,0,0,4,2,3,3,0,1,5,4,2,3,1,0,0,0,0,0,1,2,0,1,2,1,0,1,0,0,5,7,4,0,4,2,5,0,5,0,1,0,5,0,0,4,1,3,1,1,1,4,3,4,0,6,2,0,0,1,8,4,2,2,1,0,2,0,1,2,1,0,6,5,0,0,3,1,0,3,1,3,0,0,4,1,3,0,3,5,2,2,7,4,2,3,0,5,5,4,2,2,0,0,0
Ndst3,0,0,1,0,0,3,0,0,0,0,0,0,0,0,0,0,0,0,2,0,1,0,0,0,0,3,1,0,0,0,0,1,0,0,0,1,0,0,0,0,0,0,0,0,0,1,0,0,0,0,0,0,0,0,0,0,0,0,0,0,0,0,0,0,0,0,0,0,0,0,0,0,0,0,0,0,0,0,0,0,0,0,1,0,0,0,0,0,0,1,0,0,1,0,0,0,0,0,0,0,0,0,0,0,1,0,0,1,0,0,0,0,0,0,0,0,0,0,0,0,0,0,0,0,1,2,0,0,0,0,0,0,0,0,0,0,0,0,0,0,0,0,0,0,0,0,0,0,0,1,1,0,0,0,0,1,2,1,0,0,0,2,0,0,0,0,0,1,0,0,0,0,1,0,0,0,0,0,0,0,0,0,0,1,0,0,0,0,0,0,0,0,0,0,0,0,0,0,0,0,0,0,0,0,0,0,0,0,0,0,2,2,0,2,0,0,0,0,0,0,0,0,0,0,1,0,0,0,0,0,0,0,0,0,0,0,0,0,0,0,0,0,0,0,0,0,0,0,0,1,0,0,0,0,0,0,0,0,0,0,0,0,0,0,0,0,0,0,0,0,0,0,0,0,0,0,1,0,0,0,0,0,0,0,0,0,0,0,0,0,0,0,0,0,0,0,0,0,0,0,0,0,0,0,0,0,0,0,0,0,0,0,0,0,0,0,0,0,0,0,0,0,0,0,0,0,0,0,0,0,0,0,0,0,0,0,0,0,0,1,0,0,0,0,0,0,0,0,0,0,0,0,0,0,0,0,0,0,0,0,0,0,0,0,0,0,0,0,0,0,0,0,0,0,0,0,0,0,0,0,0,0,0,0,0,1,0,0,0,0,0,0,1,0,0,0,0,0
Chst3,1,0,0,1,0,1,0,0,0,0,0,0,0,0,0,0,1,1,0,0,0,0,0,0,0,0,0,0,0,0,0,0,0,0,0,0,0,0,0,0,0,0,0,0,0,0,0,0,0,0,0,0,0,0,0,0,0,0,0,1,0,0,0,0,0,0,0,0,1,0,0,0,0,0,0,0,0,0,0,0,0,0,1,0,0,0,0,0,0,0,0,0,1,0,0,0,0,0,0,0,0,0,0,0,0,0,0,0,0,1,0,0,0,1,0,0,0,0,0,0,0,0,0,0,0,1,0,0,0,1,0,0,0,0,0,0,0,0,0,0,0,0,0,0,0,1,0,0,0,0,0,0,0,0,0,1,0,0,0,0,0,0,0,0,0,0,0,0,0,0,0,0,0,1,0,0,1,0,0,0,0,0,0,0,0,0,0,0,0,1,0,0,0,0,1,0,0,0,0,0,0,0,0,0,0,0,0,0,0,0,0,0,0,0,0,0,0,0,0,0,0,0,0,0,0,0,0,0,0,0,0,0,1,0,0,0,0,0,0,0,0,0,0,0,0,0,1,0,0,0,1,0,0,0,0,0,0,0,0,0,0,0,0,0,0,0,0,0,0,0,0,0,0,0,0,0,0,0,0,0,0,0,0,0,0,0,0,0,0,0,0,0,0,0,0,0,0,0,0,0,0,0,0,0,0,0,0,0,0,0,0,0,0,0,0,0,0,0,0,0,0,0,0,0,0,0,0,0,0,1,0,0,0,0,0,0,0,0,1,0,0,0,0,0,0,0,0,0,0,0,0,0,0,0,0,0,0,0,0,0,0,0,0,0,0,0,0,0,0,0,0,0,0,0,0,0,0,0,0,0,0,0,0,0,0,0,1,0,0,0,0,0,0,0,0,0,0,0
Ung,1,0,0,0,0,0,1,0,0,0,0,0,1,0,0,0,0,0,0,0,0,0,0,0,0,0,0,0,0,0,0,0,0,0,0,1,1,0,0,1,1,0,0,0,2,2,1,1,0,0,0,0,1,0,0,0,0,0,0,0,0,0,0,0,0,0,0,0,0,0,0,0,0,0,0,0,0,0,0,0,0,0,0,0,0,0,0,0,0,0,0,0,0,0,0,0,0,1,0,0,0,0,0,0,0,0,0,0,0,0,0,1,0,0,0,0,1,0,0,0,0,0,0,0,0,1,0,0,0,0,0,0,0,0,0,0,0,0,0,0,0,0,0,0,0,0,0,0,0,0,0,1,1,0,0,0,0,0,0,0,0,0,1,0,0,0,0,0,0,0,0,0,0,0,0,0,1,0,0,0,0,0,1,0,0,0,0,0,1,0,1,0,0,0,0,0,0,0,0,0,0,0,0,0,0,1,1,0,0,0,0,0,0,0,0,0,0,0,0,0,0,0,0,0,1,0,0,2,0,0,0,1,0,0,0,0,0,0,0,1,0,0,0,0,0,0,1,0,0,0,1,1,0,0,0,0,0,0,0,0,0,0,1,0,0,0,0,0,0,0,0,1,1,0,0,0,1,0,0,0,1,0,0,0,0,1,1,0,0,0,0,0,0,0,0,0,0,0,0,0,0,0,0,0,0,0,0,0,0,0,0,0,0,0,0,0,0,0,0,0,0,0,0,0,0,0,0,0,1,0,0,0,0,0,0,0,0,0,0,0,0,0,0,0,0,0,0,0,0,0,0,1,0,0,1,0,0,0,0,0,0,0,0,0,0,0,0,0,0,0,0,0,0,0,0,0,0,0,0,0,0,0,0,0,0,0,0,0,0,0,0,0,1,0,0,0,0,0
St8sia3,0,3,0,2,1,2,1,1,1,0,0,0,0,0,0,0,0,0,0,0,0,0,0,1,0,1,0,1,0,0,0,2,2,0,0,0,1,1,0,0,1,0,0,0,0,0,0,0,0,0,1,1,0,0,1,0,1,0,0,0,0,0,0,0,0,0,0,0,0,0,0,0,0,0,0,0,0,0,0,0,0,0,0,0,0,0,0,0,0,0,0,0,0,0,0,0,0,0,0,0,0,0,1,0,0,0,0,0,1,0,0,1,0,0,0,0,0,0,1,1,0,0,0,0,1,0,0,0,1,0,1,1,0,0,0,0,0,0,1,0,0,1,0,0,0,0,0,0,1,0,1,0,0,0,0,0,0,0,1,0,0,0,0,1,0,1,0,0,0,0,0,0,0,1,1,0,0,0,0,0,1,0,2,0,1,0,0,0,1,0,0,0,0,0,0,0,0,0,2,1,0,1,0,1,1,0,0,0,0,1,1,0,0,0,0,0,0,0,0,0,1,0,0,0,0,0,0,0,2,0,0,0,0,0,0,0,0,0,0,0,0,1,1,0,0,0,1,0,0,0,0,0,1,0,0,0,0,0,0,0,0,0,1,0,0,0,0,2,0,0,0,1,0,0,2,1,0,0,0,0,0,0,0,1,0,2,0,0,0,0,0,0,0,0,0,0,0,0,0,0,0,0,0,1,0,0,0,0,0,0,0,0,0,0,0,1,0,0,0,0,0,0,0,0,2,0,0,0,0,0,0,1,0,0,0,0,0,0,0,0,0,0,1,0,0,0,0,0,0,1,0,0,0,0,0,0,0,0,0,0,0,0,1,0,0,0,0,1,0,0,0,0,0,0,0,0,0,0,0,2,0,0,0,0,1,0,1,0,0,0,0,1,0,0,0,1,0,0
Urb1,0,1,1,0,0,2,2,1,0,0,2,0,1,0,1,0,0,0,0,0,0,1,0,0,1,1,1,0,1,0,0,0,3,0,0,1,1,0,0,0,1,0,0,0,0,1,0,0,0,0,1,2,0,0,0,0,0,0,0,0,0,0,0,1,1,0,0,0,0,1,0,0,3,0,3,1,0,0,0,0,0,0,2,0,0,0,0,0,1,1,0,0,2,1,0,1,0,0,0,0,0,0,1,0,0,0,0,0,0,0,0,1,0,0,0,0,0,0,2,2,0,0,0,1,0,0,0,0,0,1,1,1,0,0,0,0,0,1,0,0,0,1,0,0,1,0,0,0,0,1,0,0,1,0,0,1,0,1,1,0,1,0,0,0,0,0,0,0,1,0,0,0,0,0,0,0,0,0,1,0,0,1,0,1,0,2,0,1,0,1,0,0,1,0,1,1,0,0,0,1,0,2,1,0,1,1,0,1,1,1,0,2,0,0,0,1,0,0,0,0,0,0,0,0,1,1,0,1,1,0,0,0,0,0,1,0,0,0,1,2,0,0,1,0,0,0,0,0,0,0,0,1,0,0,2,1,0,1,0,0,4,0,0,0,0,1,0,1,0,2,1,0,1,1,0,1,1,0,0,1,0,0,0,0,0,0,2,0,0,0,1,1,0,0,0,0,0,1,1,1,3,0,1,0,0,0,1,0,0,0,0,0,0,0,1,0,1,0,0,0,0,0,0,1,2,1,0,1,1,0,1,5,0,2,0,0,0,0,0,0,0,0,1,0,0,0,0,0,1,1,0,1,0,0,1,2,0,0,0,0,0,0,0,0,0,2,0,0,0,0,0,1,1,0,0,0,1,0,0,0,0,0,0,0,0,0,0,0,1,0,0,0,0,0,1,0,0,0
Xpa,0,1,0,0,1,1,0,1,0,0,0,0,0,1,0,0,0,0,0,0,0,0,0,0,0,0,0,0,0,0,0,0,0,0,0,1,0,0,0,0,0,1,0,0,0,0,0,0,0,0,1,0,0,0,0,0,0,0,0,0,0,0,0,0,0,0,0,0,0,0,0,0,0,0,0,0,0,0,0,0,0,0,0,0,0,0,0,0,0,0,0,0,0,0,0,0,0,0,0,0,0,0,0,0,0,0,0,0,1,1,0,0,0,1,0,1,1,0,0,0,0,0,0,1,0,0,0,0,0,0,0,0,0,0,0,1,0,0,0,0,0,0,2,0,1,0,1,0,0,0,0,1,0,0,0,0,0,0,0,0,0,0,0,0,1,0,0,0,0,0,0,0,1,0,0,0,1,0,0,0,0,0,0,0,0,0,0,0,0,0,1,1,0,0,1,0,0,0,0,1,0,0,0,0,0,0,1,0,0,0,0,0,0,0,0,0,0,0,0,0,1,1,0,0,0,0,1,0,0,0,0,0,1,0,0,0,0,0,0,0,0,0,0,0,0,0,0,0,0,0,0,0,0,0,0,0,0,0,0,0,0,0,0,0,0,0,0,0,0,0,0,0,0,0,1,0,0,0,0,0,0,0,0,0,0,0,0,0,0,0,0,0,0,0,0,0,0,1,0,0,1,0,0,0,0,0,0,0,0,0,0,1,1,0,0,0,0,0,0,0,0,0,0,0,1,0,0,0,0,0,0,0,0,0,0,0,0,0,0,0,0,1,0,0,1,0,0,0,0,0,0,0,0,0,0,0,0,0,0,0,0,0,0,0,0,0,0,1,0,0,0,0,0,0,0,0,0,0,0,0,0,0,0,0,0,0,1,0,0,0,0,0,0,0,1,0,0,1
Nos1,2,0,0,0,0,1,0,0,0,0,0,0,0,0,0,0,2,0,0,0,0,0,0,0,0,0,0,0,0,1,1,0,0,0,0,0,0,0,0,1,0,0,0,0,0,0,0,0,0,0,0,0,0,0,0,0,0,0,0,0,0,1,0,0,0,0,0,0,0,0,0,0,0,0,0,0,0,0,0,2,1,0,1,0,0,0,0,0,0,0,0,0,0,0,0,0,0,0,0,0,0,0,0,0,0,0,0,0,0,0,0,0,0,0,0,0,0,0,0,1,0,0,1,0,0,0,0,0,0,0,0,0,0,0,0,0,0,0,0,0,0,0,0,1,3,0,1,0,0,0,0,0,0,0,0,0,0,0,0,0,1,0,0,0,0,0,1,1,0,0,0,0,0,0,0,0,0,0,0,0,0,0,1,0,2,3,0,0,0,0,0,0,0,0,0,0,0,0,0,0,0,0,0,0,0,0,0,0,0,0,0,0,0,0,0,0,0,0,0,0,0,0,0,0,0,0,0,0,0,0,0,0,1,0,0,0,0,0,0,0,0,0,1,0,0,0,0,0,0,0,2,0,0,0,0,0,0,0,0,0,0,0,0,0,0,0,0,0,0,0,0,0,0,0,0,0,0,0,0,0,1,0,0,0,0,0,1,0,0,0,1,0,0,0,0,0,1,1,0,0,0,0,0,0,0,0,0,0,1,0,0,0,0,0,0,0,0,0,0,0,0,0,0,3,0,2,0,0,0,0,0,0,0,0,0,0,0,0,0,0,0,0,0,0,0,0,0,0,0,0,0,0,0,0,0,1,0,0,0,0,0,0,0,0,0,0,1,0,0,0,0,0,0,0,0,0,0,0,0,3,0,0,0,0,0,0,0,0,1,0,0,0,0,0,0,0,0,0
Lsamp,3,2,4,5,2,4,2,5,0,1,2,0,4,1,0,1,0,1,0,1,0,5,0,2,1,2,4,1,6,5,2,2,3,0,0,3,4,1,2,1,3,1,0,3,0,2,1,8,1,3,5,1,9,2,0,1,9,1,0,0,0,0,3,2,0,0,1,1,1,2,0,0,2,0,1,1,0,1,0,3,1,1,1,0,1,0,0,0,0,3,0,1,4,1,2,2,2,3,3,0,0,0,0,2,2,0,0,0,2,1,1,2,1,2,0,2,1,0,1,1,0,5,0,0,1,0,3,0,1,2,0,3,0,1,1,0,2,2,0,1,2,1,5,1,0,0,1,3,2,2,1,2,3,3,0,4,1,1,3,0,2,1,3,1,1,3,1,2,2,2,0,2,8,4,1,0,2,1,1,1,1,5,3,1,3,1,2,5,2,0,1,1,1,0,0,1,2,3,1,2,2,5,2,0,1,3,2,1,0,4,2,0,0,2,0,2,1,0,0,0,4,0,2,0,3,1,0,1,0,1,3,1,2,1,2,2,0,2,1,1,2,2,2,1,1,2,5,1,2,1,0,2,0,0,3,1,1,1,1,3,3,1,0,0,4,4,0,4,1,1,4,0,1,0,1,2,2,4,0,1,0,3,0,1,4,0,4,1,1,0,4,1,0,0,0,1,0,0,1,0,3,0,0,1,0,0,1,2,0,0,1,0,0,0,0,0,1,1,2,0,0,0,0,4,1,3,1,1,2,1,1,4,0,4,0,1,0,0,5,3,0,0,4,2,2,1,2,0,3,1,0,2,0,1,1,5,2,0,1,1,2,2,0,2,1,1,0,0,2,0,0,0,0,0,0,0,1,0,1,3,0,1,4,0,1,2,2,1,1,1,2,2,4,0,3,2,0,1
Sstr2,0,0,1,0,1,3,0,1,0,0,0,0,1,0,1,0,0,0,0,0,0,0,0,2,0,1,1,1,0,1,0,5,1,0,0,0,4,0,0,0,0,0,0,2,0,0,0,0,0,1,4,2,0,1,0,0,0,0,0,0,0,0,0,0,0,0,0,0,0,0,0,0,0,0,0,0,0,0,0,2,0,0,0,0,0,0,0,0,0,0,0,1,1,1,0,0,2,1,1,0,0,0,0,2,0,0,0,0,0,2,0,5,0,0,0,0,0,0,1,1,0,0,0,0,0,0,0,0,0,0,1,0,0,0,0,1,0,0,0,0,2,0,0,0,0,0,3,0,0,3,0,0,0,0,0,0,0,0,1,0,0,0,0,1,0,0,0,3,3,0,0,1,0,1,0,0,0,2,1,0,0,0,0,2,0,1,0,0,1,0,0,0,0,1,0,0,1,0,2,0,0,0,0,1,3,2,0,0,0,0,2,1,1,2,1,0,0,0,0,0,0,0,0,0,2,0,1,1,1,1,1,0,0,5,0,1,0,0,0,1,0,3,0,0,1,0,1,0,0,0,0,0,2,0,0,0,0,0,0,0,0,0,1,2,0,0,0,0,0,0,1,0,0,0,3,0,1,0,0,0,0,0,0,0,3,1,1,0,1,0,0,0,0,0,0,0,0,0,1,0,0,0,0,8,0,0,0,1,0,0,0,0,0,0,0,0,4,1,0,0,0,1,0,0,0,0,0,0,0,0,0,1,0,0,0,0,0,0,0,0,0,0,0,0,1,0,1,0,1,0,0,0,0,0,0,1,0,0,0,0,0,0,1,0,0,0,1,0,0,0,0,0,2,0,0,0,0,0,0,0,0,0,1,0,0,1,0,0,2,0,0,2,0,0,2,0,0,0
Sulf2,2,1,0,0,0,11,0,4,0,3,0,0,1,3,0,1,0,1,1,3,0,0,0,0,5,1,2,1,1,0,1,3,6,0,0,0,4,0,0,0,2,0,0,1,0,0,0,0,0,8,0,0,0,0,0,0,0,0,0,0,0,2,0,0,0,0,0,0,0,0,0,0,0,0,0,1,0,1,0,0,0,0,0,0,3,2,0,0,0,0,0,0,1,0,0,0,0,0,1,0,0,0,1,0,0,0,0,0,1,0,0,0,1,0,1,0,0,0,2,2,0,3,1,0,2,0,0,1,0,1,0,1,0,0,0,0,1,1,0,0,1,1,0,0,0,1,0,0,0,1,0,0,0,0,0,1,2,0,0,0,2,0,0,0,0,2,0,1,2,3,0,2,2,0,0,0,1,2,0,0,0,1,1,0,0,0,0,0,0,1,0,0,2,0,5,0,2,0,0,0,0,0,0,0,1,4,0,0,1,1,2,3,0,2,0,0,0,0,3,0,1,0,0,0,1,0,0,0,0,0,1,0,1,1,0,1,0,1,0,2,0,0,0,0,0,1,0,0,0,0,3,0,0,0,0,0,1,3,0,0,0,0,1,0,0,1,1,1,3,0,1,0,7,0,4,0,1,1,1,0,0,0,0,1,0,0,0,0,0,0,0,0,0,0,0,0,0,0,0,0,2,0,2,0,2,0,1,0,0,0,1,0,1,0,0,0,0,2,0,0,0,1,0,0,3,0,0,0,0,0,0,0,0,0,0,0,0,0,0,0,0,0,0,1,0,0,0,0,0,0,0,0,0,0,0,0,0,0,0,2,0,0,1,0,0,0,0,1,2,0,0,1,0,0,0,0,0,1,0,0,0,0,0,0,1,9,0,0,0,0,2,1,4,0,0,0,0,5
Slc4a4,3,8,11,5,9,9,7,6,2,5,8,1,5,2,8,4,2,2,3,1,1,4,0,4,2,6,9,6,4,5,6,2,5,0,0,1,10,2,2,10,8,3,6,3,5,5,0,5,2,1,11,9,5,6,3,1,15,2,4,1,0,8,2,2,2,0,4,7,0,3,0,0,4,3,2,4,2,5,1,2,2,1,7,0,0,0,1,0,1,4,1,1,9,1,3,4,4,3,3,0,0,1,2,2,3,0,2,0,2,0,1,2,3,2,2,2,6,1,5,5,1,6,2,5,3,5,3,3,2,3,1,2,0,0,0,1,3,9,4,6,1,4,7,5,5,2,2,3,5,0,8,4,5,2,3,8,3,7,7,1,9,2,5,7,0,6,5,4,12,3,0,2,16,1,3,0,4,4,9,0,6,4,4,3,7,6,2,9,9,7,2,1,3,2,7,5,6,9,4,5,2,9,1,11,6,13,6,6,3,7,5,1,0,3,6,6,9,0,5,1,8,1,1,2,5,7,9,6,5,5,11,1,6,2,6,5,0,6,4,1,5,7,1,1,1,7,4,3,1,4,1,2,2,0,9,8,1,0,0,5,2,1,0,0,3,3,2,3,2,1,4,2,3,0,8,2,3,1,3,2,1,2,0,2,4,7,4,1,4,1,2,2,4,0,1,0,3,1,4,1,2,2,0,2,0,1,2,0,1,0,1,1,1,0,0,0,0,1,0,0,0,0,1,6,11,16,2,3,8,5,2,8,0,6,4,7,0,1,6,4,5,1,8,10,6,3,4,2,18,6,0,1,2,11,5,5,6,5,0,9,1,0,3,3,0,2,3,9,2,2,0,4,4,1,1,0,2,4,8,10,0,4,8,0,3,6,1,2,12,4,11,2,5,1,3,6,1,3
Ddb2,0,0,0,0,0,0,0,0,0,0,1,0,1,1,1,0,0,0,0,0,0,1,0,0,0,1,0,0,0,0,0,0,0,0,0,1,0,0,0,0,0,0,0,0,0,0,0,0,0,0,1,0,0,0,0,0,1,0,0,0,0,0,0,0,1,0,0,0,0,0,0,0,0,0,0,0,0,0,0,0,0,0,0,0,0,0,0,0,0,0,0,0,0,0,0,1,0,0,1,0,0,0,0,0,0,0,0,0,0,0,0,0,1,0,0,0,0,0,0,0,0,0,0,0,0,0,0,0,0,0,0,0,0,0,0,0,0,0,0,0,0,0,0,0,0,0,0,0,0,1,0,0,0,0,0,0,0,0,0,0,1,0,0,1,0,0,0,0,0,0,0,0,1,1,0,0,0,0,1,0,1,0,0,0,0,0,0,0,0,0,0,0,0,0,0,0,0,0,0,0,0,1,0,1,0,0,0,0,0,0,0,1,0,0,0,0,0,0,0,0,0,0,0,0,0,0,0,0,0,0,1,0,1,1,0,0,0,0,0,0,1,1,0,0,0,0,0,0,0,0,0,0,0,0,0,0,0,0,0,0,0,0,0,0,0,0,0,0,0,0,0,0,0,0,0,2,0,0,0,0,0,1,0,0,0,0,0,0,0,0,0,0,0,0,0,0,0,0,0,0,0,0,0,0,0,0,1,0,0,0,0,0,0,0,0,0,0,0,0,0,0,0,0,0,0,0,0,2,0,0,0,0,0,0,0,0,0,0,0,0,0,0,0,0,0,0,0,0,1,0,0,1,0,1,0,0,0,0,0,0,0,0,0,0,0,0,0,0,0,0,0,0,0,0,0,0,0,0,0,0,0,0,1,0,0,3,0,0,0,0,1,0,1,0,1,0,0,1
Rtn4rl2,1,7,0,0,0,4,0,3,1,0,0,0,3,0,0,0,0,0,0,0,0,0,0,0,0,2,1,4,0,0,0,0,1,0,0,0,0,0,0,1,1,2,0,0,0,2,0,0,0,0,1,2,0,4,1,0,1,0,0,0,0,0,1,1,5,0,0,1,0,1,0,0,0,0,0,0,0,0,0,1,1,0,0,3,0,0,0,0,0,1,1,0,0,0,1,0,1,0,2,0,1,0,2,0,0,1,0,0,0,0,0,0,0,0,0,1,2,0,2,0,0,0,0,1,3,0,0,0,0,0,0,0,0,0,0,0,1,1,0,0,0,0,0,0,3,0,1,1,1,0,1,0,0,0,0,2,1,0,1,3,0,0,0,0,0,0,0,1,1,0,0,0,0,0,0,0,1,0,1,0,1,1,0,0,1,0,0,4,1,0,0,0,0,0,1,0,0,0,1,0,0,2,1,4,0,0,0,0,0,0,2,0,0,1,1,0,0,0,0,0,0,0,0,0,1,1,0,1,0,0,0,0,0,0,1,0,0,0,0,0,0,0,0,0,0,0,0,0,0,1,0,1,0,0,1,0,0,0,0,0,0,0,0,2,0,3,0,0,0,0,5,0,0,1,2,0,0,0,0,2,2,0,0,1,0,1,2,0,0,0,0,0,0,0,0,0,1,0,2,0,0,0,0,0,0,0,1,0,0,0,1,1,1,0,0,0,0,0,0,0,0,0,0,1,0,0,0,0,1,1,0,3,0,0,0,0,1,0,0,0,0,0,0,0,0,1,0,1,0,1,0,0,1,0,0,0,0,1,0,1,0,0,0,0,0,0,2,2,0,0,0,1,0,0,0,0,0,0,0,0,1,0,1,0,1,0,0,0,0,0,0,2,2,2,0,3,0,0
Nhej1,0,0,0,0,0,1,0,0,1,0,0,0,0,1,0,0,0,2,0,0,0,0,0,0,1,0,0,0,0,0,0,0,0,0,0,0,0,0,0,0,0,0,0,0,0,0,0,0,0,0,0,0,0,0,0,0,0,0,0,0,0,0,1,0,0,0,0,0,0,0,0,0,0,0,0,0,0,0,0,0,0,0,0,0,0,0,0,0,0,0,0,0,0,0,0,0,1,0,0,0,0,0,0,0,0,0,0,0,0,0,0,0,0,0,0,0,0,0,0,0,0,0,0,0,0,0,0,0,0,0,0,0,0,0,0,0,0,0,0,0,0,0,0,0,0,0,0,0,0,1,0,0,0,0,0,0,0,0,0,0,0,0,0,0,0,0,0,0,0,0,0,0,0,1,0,0,0,0,0,0,0,0,0,0,0,0,0,0,1,1,0,0,0,0,0,1,0,0,0,0,0,0,0,0,0,0,0,0,0,0,0,0,0,0,0,0,0,0,0,0,0,0,0,0,0,0,0,0,0,0,1,0,0,0,0,0,0,0,0,0,0,0,0,0,0,0,0,0,0,0,0,0,0,0,0,0,0,0,0,0,0,0,0,0,0,1,0,0,0,0,0,0,0,0,0,0,0,0,0,0,0,0,0,0,0,0,0,0,0,0,0,0,0,0,0,0,0,0,0,0,0,0,0,0,0,0,0,0,0,0,0,0,0,0,0,0,0,0,0,0,0,0,0,0,0,0,0,0,0,0,0,0,0,0,0,0,0,0,0,0,0,0,0,0,0,0,0,0,0,0,0,0,0,0,0,0,0,0,0,0,0,0,0,0,0,0,0,0,0,0,0,0,0,0,0,0,0,0,0,0,0,0,0,0,0,0,0,0,0,0,0,1,0,0,0,0,0,0
Htr2b,0,0,0,0,0,0,0,1,0,0,0,0,0,0,0,0,0,0,0,0,0,0,0,0,0,0,0,1,0,1,0,0,0,0,0,1,1,0,0,0,0,0,0,0,0,2,0,0,0,0,0,0,0,0,0,0,0,0,0,0,0,0,0,0,0,0,0,0,0,0,0,1,0,0,0,0,0,0,0,0,0,0,0,0,1,0,0,0,0,0,0,0,0,0,0,0,1,0,0,0,0,0,0,1,0,0,0,0,0,0,0,0,0,0,0,0,0,0,0,0,0,2,0,0,0,1,0,0,0,0,0,0,0,0,0,0,0,0,0,0,1,0,0,0,0,1,0,0,0,0,0,0,0,0,0,0,0,0,0,0,0,0,0,0,0,0,0,0,0,0,0,0,0,0,0,0,0,0,1,0,0,0,0,0,0,0,0,0,0,0,0,0,0,0,0,0,0,0,0,0,0,0,1,0,0,1,0,0,0,0,1,1,0,0,0,0,1,0,0,0,0,0,0,0,0,0,0,0,0,1,0,0,0,0,0,1,0,0,0,0,0,0,0,0,1,0,0,0,0,0,0,0,0,0,0,0,0,0,0,0,0,0,0,0,0,0,1,0,0,0,0,0,0,0,1,0,0,0,0,0,0,0,0,0,0,0,0,0,0,0,0,0,0,0,0,0,0,0,0,0,0,0,0,0,0,0,0,0,0,0,0,0,0,0,0,0,0,0,0,0,0,0,0,0,0,0,0,0,0,0,0,0,0,0,0,1,0,0,0,0,0,0,0,1,0,0,0,0,0,0,0,0,0,0,0,0,0,0,0,0,0,0,0,0,0,0,0,0,0,0,0,0,0,0,0,0,0,0,0,1,0,1,0,0,0,0,0,0,0,0,0,0,0,0,0,0,0,0
Hspg2,0,0,0,0,0,0,0,0,0,0,0,0,0,0,0,0,0,1,0,0,0,0,0,0,0,0,0,0,0,0,0,0,0,0,0,0,0,0,0,1,0,0,0,0,0,1,0,0,0,0,1,0,1,1,0,0,0,0,0,1,0,0,0,0,0,0,0,0,0,0,0,0,0,0,0,0,0,0,0,0,0,0,0,0,0,0,0,0,0,0,0,0,0,0,0,0,0,0,0,0,0,0,0,0,0,0,1,1,0,1,0,0,0,0,0,0,0,0,0,0,0,0,0,0,0,0,0,0,1,0,0,1,0,0,0,0,0,0,0,0,0,0,0,0,1,0,0,0,0,1,0,0,0,0,0,0,0,0,0,0,0,0,0,0,0,0,0,0,0,0,0,0,1,0,0,0,0,0,0,0,0,0,0,1,0,2,0,0,0,0,0,0,0,0,0,0,0,1,0,0,0,0,0,0,1,0,0,0,0,1,0,0,0,0,0,0,0,0,0,0,0,0,0,0,0,0,0,0,0,0,0,0,0,0,0,0,0,0,0,0,0,0,0,0,1,0,0,0,0,0,0,0,0,0,0,0,0,0,0,0,0,0,0,0,0,0,0,0,0,0,0,0,0,0,1,0,0,0,0,0,0,1,0,0,0,0,0,0,0,0,0,0,1,0,0,0,0,0,0,0,0,0,0,0,0,0,1,0,0,0,0,0,0,0,0,0,0,0,0,0,0,0,0,0,0,0,0,0,0,0,0,0,0,0,0,0,0,0,0,0,0,0,0,0,0,0,0,0,0,0,0,0,0,0,0,0,0,0,0,0,0,0,0,0,0,0,0,0,0,1,0,0,0,0,0,0,0,0,0,0,0,0,0,0,0,0,1,0,0,0,1,0,0,0,0,0,0,0
Gnb4,0,0,0,0,0,0,0,0,0,0,0,0,2,0,0,0,0,0,0,0,0,0,0,0,0,0,0,0,1,2,0,0,0,1,0,0,0,0,0,0,0,0,0,0,0,0,0,0,0,0,0,1,0,0,0,0,0,0,0,0,0,0,0,0,0,0,0,0,0,0,0,0,0,0,0,0,0,0,0,3,0,0,0,0,0,0,0,0,0,0,0,0,0,0,0,0,0,0,0,0,0,0,0,0,0,0,0,0,0,1,0,1,0,0,0,0,0,0,2,0,0,0,0,0,0,0,0,0,0,0,0,0,0,0,0,0,0,0,0,0,0,0,0,0,0,0,0,0,0,0,0,0,0,0,0,0,0,1,0,0,0,0,0,0,0,1,0,0,0,0,0,0,0,0,0,0,0,0,1,0,0,0,0,1,0,1,0,0,1,0,0,0,0,0,0,0,0,0,0,0,0,0,0,0,2,0,0,0,0,0,0,0,0,0,0,0,0,0,0,0,0,0,0,0,0,0,0,0,0,1,0,0,0,0,0,0,0,0,0,0,2,0,0,0,0,0,0,1,0,0,0,1,0,0,0,2,0,0,0,0,0,0,0,0,0,0,0,0,0,0,0,0,0,0,0,0,0,0,0,0,0,0,0,0,0,0,0,0,0,0,0,0,0,0,0,0,0,0,0,0,0,0,0,3,0,0,0,0,0,0,0,0,0,0,0,1,0,0,0,0,0,0,0,0,0,0,0,0,0,0,0,0,0,0,0,0,0,0,0,0,0,0,0,0,0,0,0,0,0,0,0,0,0,0,0,0,0,0,0,1,0,0,0,0,0,1,1,1,0,0,0,0,0,0,0,0,0,0,0,0,0,0,0,0,0,0,0,1,1,0,0,0,0,0,0,0,0,0
Cd84,0,2,0,2,1,1,0,0,1,0,3,0,1,1,0,0,0,0,1,0,0,1,0,0,1,0,0,0,0,0,0,1,1,0,0,0,0,0,0,2,0,0,0,0,1,1,0,1,0,1,0,1,2,0,0,0,2,0,0,0,0,1,0,0,0,0,1,0,0,0,0,0,0,1,1,0,1,2,0,0,0,0,0,1,0,0,0,0,0,0,0,0,1,0,0,0,1,1,0,0,0,0,0,0,0,0,0,0,0,0,0,0,1,0,0,0,0,0,0,0,0,0,1,1,0,0,1,0,0,0,0,0,1,0,0,0,0,1,0,2,0,0,0,0,2,0,0,0,0,3,0,2,2,1,0,0,0,1,1,0,1,1,2,0,0,2,1,0,2,0,0,0,1,3,1,0,1,0,2,0,1,1,0,0,1,0,0,0,0,2,1,0,1,0,0,2,0,0,0,1,1,2,1,0,1,1,1,0,0,1,3,1,0,1,0,0,0,0,0,0,0,0,0,0,4,0,1,0,0,0,0,0,1,1,0,1,1,0,1,1,1,0,0,0,0,0,0,1,0,0,0,0,0,0,0,0,0,0,0,1,0,1,0,0,1,0,0,0,0,0,0,0,0,0,1,0,0,0,0,0,1,0,0,0,2,1,1,1,2,0,1,0,0,0,0,0,0,1,0,0,0,1,0,0,0,0,0,0,0,0,0,0,0,0,0,0,0,0,0,0,0,0,0,1,0,2,1,1,0,0,1,2,0,0,0,0,0,0,0,0,0,0,0,0,0,0,0,0,1,0,0,1,0,1,1,1,0,0,0,0,0,0,2,0,0,0,0,1,1,0,0,0,0,0,0,0,0,0,0,0,0,0,1,0,0,0,0,1,0,0,1,1,1,0,0,1,0,0
6530402F18Rik,1,0,1,1,0,2,0,0,1,2,0,0,1,2,0,0,0,0,2,0,0,0,0,0,0,0,0,0,0,0,0,0,0,0,0,0,0,1,0,0,0,0,0,0,2,0,0,0,0,2,1,0,0,0,0,0,1,2,0,0,0,1,1,0,1,0,0,1,0,0,0,0,0,2,0,0,0,0,1,0,0,0,0,0,2,0,0,0,0,0,0,0,0,0,0,0,0,0,2,0,0,0,0,0,0,0,0,0,1,0,0,0,0,0,0,0,0,0,1,3,0,0,0,0,0,0,0,0,0,0,0,0,0,0,0,0,1,0,0,0,0,0,1,2,0,4,0,1,0,0,1,0,0,2,2,0,0,0,0,0,0,0,0,1,0,0,0,0,0,0,0,0,1,1,0,0,0,0,0,0,0,1,0,2,0,0,0,0,0,2,1,1,0,0,1,0,0,2,0,0,1,2,0,1,2,1,0,0,0,0,0,1,0,0,1,0,0,0,0,0,2,0,0,0,0,0,1,1,0,0,1,0,0,0,1,1,0,0,2,0,0,2,0,0,1,0,1,0,0,0,1,0,0,0,3,1,0,0,0,0,2,0,0,0,0,0,0,0,0,0,0,0,0,0,0,1,0,0,1,1,0,1,0,0,1,0,1,0,0,0,0,1,0,0,0,1,0,0,0,0,0,0,1,0,0,0,1,0,0,0,0,1,0,0,0,0,2,0,0,0,1,0,0,1,0,1,0,0,2,0,0,2,0,1,0,0,0,0,1,0,3,0,0,0,0,1,0,0,2,0,0,0,0,0,0,1,0,0,0,0,0,0,1,0,0,0,0,0,0,0,0,0,0,0,0,0,0,0,0,1,0,0,0,0,0,0,0,0,0,0,0,0,0,0,0,0,0,1
Rasal1,0,2,2,0,0,9,0,3,1,3,0,0,6,4,0,3,1,0,0,0,1,0,0,0,0,0,1,0,1,2,7,2,3,0,0,0,3,1,0,0,0,0,0,1,0,1,0,0,1,4,5,0,0,1,3,0,1,0,7,0,0,0,1,0,0,0,0,0,0,0,0,0,0,1,0,0,2,0,0,1,0,1,1,0,1,0,0,0,0,0,0,0,2,0,0,0,1,0,1,0,0,0,0,0,0,1,0,1,0,3,1,0,1,0,3,1,0,0,2,1,0,0,0,0,1,2,0,0,0,0,0,0,0,0,0,0,0,0,0,1,0,0,1,0,1,1,0,0,2,2,0,1,0,1,1,1,2,1,2,0,1,0,5,0,0,1,0,3,1,2,0,2,2,2,1,0,1,2,1,0,1,0,0,2,2,1,0,0,1,1,0,0,2,0,2,0,1,1,0,0,0,0,1,0,0,0,2,0,0,4,2,2,1,1,0,0,0,0,0,1,0,0,0,0,5,0,1,0,0,0,1,1,1,7,2,0,0,0,0,1,2,0,0,0,1,1,1,1,0,0,0,2,1,0,0,1,0,0,0,0,0,0,0,0,2,0,0,2,0,0,1,1,0,1,2,0,1,0,1,0,3,0,0,0,1,0,0,0,1,1,0,1,2,0,2,0,1,0,2,0,2,0,0,0,1,0,0,2,1,0,0,0,1,0,0,1,0,1,0,0,0,0,0,0,1,2,0,0,0,0,1,0,0,0,0,0,0,0,0,1,0,0,1,1,1,0,0,0,4,2,0,1,0,0,0,0,0,0,1,1,1,0,1,2,0,0,2,0,0,0,0,1,0,0,0,0,0,0,0,0,0,0,0,0,0,0,1,1,0,1,2,1,1,1,0,0,0,0
Adra1a,0,0,0,1,0,0,0,1,0,0,0,0,2,0,0,0,0,0,0,0,0,0,1,0,0,0,0,0,0,2,0,0,0,0,0,0,0,0,0,0,0,0,0,0,0,0,0,0,0,0,0,0,0,1,0,0,0,0,0,0,0,0,1,0,0,0,0,0,0,0,0,0,0,0,0,0,0,0,0,0,0,0,1,0,0,0,0,0,0,0,0,0,0,0,0,0,0,0,0,0,0,0,0,0,0,0,0,0,0,0,0,0,0,0,0,0,0,0,0,0,0,0,0,0,0,0,0,0,0,0,0,0,0,0,0,0,0,0,0,0,0,0,0,0,0,0,1,0,0,0,0,2,0,1,0,0,0,0,0,0,0,0,0,0,0,0,0,1,0,0,0,1,0,0,0,0,0,0,0,0,0,0,1,0,0,1,0,1,0,0,1,0,0,0,0,0,0,1,0,0,1,0,1,0,0,0,0,0,0,1,0,1,0,0,0,0,0,0,1,0,0,0,0,0,0,0,0,0,0,0,0,0,0,0,0,0,0,0,0,2,0,0,0,0,0,0,0,0,0,0,0,0,0,0,0,0,0,0,0,0,0,0,0,1,0,0,0,0,0,0,1,0,0,0,0,0,0,0,0,1,0,0,0,0,0,0,0,0,0,0,0,0,0,0,1,0,0,0,0,1,0,0,0,0,0,0,0,0,0,0,0,0,0,0,0,0,0,0,0,0,0,0,0,0,0,0,0,0,0,0,0,0,0,0,0,0,0,0,0,0,0,0,0,0,0,0,0,0,0,0,0,0,0,2,0,0,0,1,0,0,0,0,0,0,0,0,0,0,0,0,0,0,0,0,0,0,0,0,0,0,0,0,0,0,0,0,0,0,0,0,0,0,0,0,1,0,0,1
Gng2,1,4,0,3,0,7,0,1,0,1,0,0,2,1,1,0,0,1,0,0,0,0,0,1,0,0,2,2,0,4,1,0,1,0,0,0,0,0,0,0,1,0,0,0,1,2,0,0,1,5,4,2,0,1,1,0,0,0,1,0,0,0,2,0,0,2,0,1,0,2,0,0,2,0,1,0,0,0,2,3,2,0,3,0,0,0,0,0,0,0,0,2,2,1,0,0,0,0,0,0,0,0,1,1,0,3,1,0,1,4,0,2,0,0,0,1,3,0,6,1,0,1,0,0,2,0,0,0,0,0,0,3,0,0,0,0,2,1,2,2,1,2,1,0,0,3,0,3,2,3,5,2,0,1,0,1,0,1,1,0,3,1,5,0,0,1,1,2,0,1,0,0,4,0,0,0,1,4,1,0,3,3,0,0,0,0,1,1,0,2,1,0,2,0,0,0,1,1,1,0,0,3,1,1,1,3,1,3,1,0,0,0,0,0,0,0,2,0,1,0,0,0,1,1,1,0,0,0,1,0,1,1,0,3,0,1,0,0,2,1,1,0,0,0,1,2,0,0,0,0,1,1,2,0,0,5,0,0,0,0,2,0,0,0,0,1,0,1,0,2,2,0,0,3,1,0,0,1,0,0,1,0,0,0,0,2,0,0,2,0,0,0,1,0,0,0,0,0,0,1,1,0,0,4,0,0,0,0,0,0,0,0,0,0,0,0,0,0,0,0,0,0,1,4,0,0,0,2,0,3,0,2,0,0,0,2,0,0,0,0,0,1,1,0,0,0,0,0,3,3,0,0,0,1,1,0,0,0,0,0,1,1,3,0,0,0,3,2,0,0,2,0,0,1,0,0,0,1,0,0,1,1,1,0,0,1,2,0,1,0,1,1,0,2,0,0,0,0
Dab2,0,0,0,0,0,0,0,0,0,1,0,0,1,0,0,0,0,0,0,0,0,0,0,1,1,0,0,0,0,0,0,0,0,0,0,0,0,0,0,0,0,0,0,0,0,0,0,0,0,0,0,0,0,0,0,0,0,0,0,0,0,0,1,0,0,0,0,0,0,0,0,0,0,0,0,0,0,0,0,0,0,0,0,0,0,0,0,0,0,0,0,0,0,0,0,0,0,0,0,0,0,0,0,0,0,0,0,0,1,0,0,0,0,0,0,0,0,0,0,0,0,0,0,0,1,0,1,0,0,0,0,0,0,0,0,0,0,0,0,0,0,0,0,0,0,0,0,0,0,0,0,0,0,0,1,0,0,0,0,0,1,0,0,0,0,0,0,0,0,0,0,0,1,0,0,0,0,0,0,0,0,0,0,0,0,0,0,0,0,0,0,0,0,0,0,0,0,0,0,0,0,0,0,0,0,0,0,0,0,0,0,0,0,0,0,0,0,0,0,0,0,0,0,0,0,0,0,0,0,0,0,0,1,0,0,0,0,0,0,0,0,0,0,0,0,0,0,0,0,0,0,0,0,0,0,0,0,0,0,0,0,0,0,0,0,0,0,0,0,0,0,0,0,0,0,0,0,1,0,0,0,0,0,0,0,0,0,0,0,0,0,0,0,0,0,0,0,0,0,0,0,0,0,0,0,0,0,0,0,0,0,0,0,0,0,0,0,0,0,0,0,0,0,1,0,0,0,0,0,0,0,0,0,0,0,0,0,0,0,0,1,0,0,0,0,1,0,0,0,0,0,0,0,0,0,0,0,0,0,0,0,0,1,0,0,0,0,0,0,0,0,0,0,0,0,0,0,0,0,0,0,0,0,0,0,0,0,0,0,0,0,0,0,0,0,0,0,0
Sucla2,2,3,1,1,0,0,3,2,2,3,2,0,2,3,0,0,2,0,0,0,0,0,0,2,3,1,3,1,1,3,1,0,6,0,0,2,1,2,0,1,1,0,3,0,1,2,0,1,4,3,8,0,4,2,0,0,2,0,0,0,0,1,1,0,4,0,1,1,0,1,0,0,3,2,0,1,1,1,1,1,1,0,1,0,0,0,0,0,3,1,0,2,4,0,1,0,1,2,2,0,1,0,1,0,3,1,0,1,2,1,0,0,0,0,0,1,0,1,1,0,1,4,2,2,2,1,2,0,1,3,0,0,0,0,0,0,1,2,2,2,0,0,0,2,3,2,2,2,2,2,2,2,3,2,0,0,2,1,3,0,3,3,3,1,1,7,2,6,4,0,0,5,3,2,1,0,3,0,5,0,3,3,1,2,0,2,1,3,0,4,1,0,1,0,0,1,0,2,1,1,0,4,1,1,7,3,1,0,1,1,6,3,0,2,2,0,2,0,2,0,1,0,0,1,1,0,0,2,0,0,5,0,0,0,3,5,0,2,1,1,2,1,0,1,2,1,0,0,0,0,1,1,0,0,4,1,1,0,0,1,3,0,0,0,1,3,0,0,0,0,2,0,1,1,3,2,0,0,1,4,0,3,1,1,1,0,1,0,1,1,1,3,0,0,0,0,2,0,0,0,0,0,0,2,0,1,2,0,0,0,0,0,0,0,0,0,1,1,0,0,0,0,0,2,3,2,0,5,2,0,0,4,0,3,0,3,0,0,0,2,2,1,5,2,5,4,0,0,1,4,0,0,0,0,0,2,0,1,0,1,0,0,2,4,0,0,1,1,1,2,0,0,0,2,0,0,0,1,0,1,0,1,1,0,1,3,1,0,0,0,1,5,0,0,1,0,0,1
Tmem163,0,0,0,0,0,0,0,0,0,0,0,0,0,0,0,0,0,0,0,0,0,0,0,0,0,0,0,0,0,1,0,0,0,0,0,0,0,0,0,0,0,0,0,0,0,0,0,0,0,0,0,0,0,0,0,0,0,0,0,0,0,0,0,0,0,0,0,0,0,0,0,0,0,0,0,0,1,0,0,0,0,0,0,0,0,0,0,0,0,0,0,0,0,0,0,1,0,0,0,0,0,0,0,0,0,0,0,1,0,0,0,0,0,0,0,0,0,0,0,0,0,0,0,1,0,0,0,0,0,0,0,0,0,0,0,0,0,0,0,0,0,0,0,0,0,0,0,0,0,0,0,0,0,0,0,0,0,0,0,0,0,0,0,0,0,0,0,0,0,0,0,0,1,0,0,0,0,0,0,0,0,0,0,0,0,0,0,0,0,0,0,0,0,0,0,0,0,0,0,0,0,0,0,1,0,0,0,0,0,0,0,1,0,0,0,0,0,0,0,0,0,0,0,0,0,0,0,0,0,0,0,0,0,0,0,0,0,0,0,0,0,0,0,0,0,0,0,0,0,0,0,0,0,0,0,0,0,0,0,0,1,0,0,0,0,0,0,0,0,0,0,0,0,0,0,1,0,0,0,0,0,0,0,0,0,0,0,0,0,0,0,0,0,0,0,0,0,0,0,0,0,0,0,0,0,0,0,0,0,0,0,0,0,0,1,0,0,0,0,0,0,0,0,0,0,0,0,0,0,0,0,0,0,0,0,0,0,0,0,0,0,0,0,0,0,0,0,0,0,0,0,0,0,0,0,0,0,0,0,0,0,0,0,0,0,0,0,0,0,0,0,0,0,0,0,0,0,0,0,0,0,0,0,0,0,0,1,0,0,0,0,0,0,0,0,0,0,0
Oprk1,0,1,0,0,0,0,1,0,0,0,0,0,0,0,0,0,0,0,0,0,0,0,0,0,0,0,0,0,0,0,0,0,0,0,0,0,0,0,0,0,0,0,0,0,0,0,0,0,0,0,0,0,0,0,0,0,1,0,0,0,0,0,0,0,0,0,0,0,0,0,0,0,0,0,0,0,0,0,0,1,0,0,0,0,0,0,0,0,0,0,0,0,0,0,0,0,0,0,0,0,0,0,0,0,0,0,0,0,0,0,0,0,0,0,0,0,0,0,0,0,0,0,0,0,0,0,0,0,0,0,0,0,0,0,0,0,0,0,1,0,0,1,0,0,0,0,0,0,0,0,0,0,1,0,0,0,0,0,0,0,0,1,0,0,0,0,0,0,0,0,0,0,0,0,0,0,0,0,0,0,0,0,0,0,0,0,0,0,0,0,0,0,0,0,0,0,0,0,0,0,0,0,0,0,0,0,0,0,0,0,0,0,0,0,0,0,0,0,0,0,0,0,0,0,0,0,0,0,0,0,0,0,0,0,0,0,0,0,0,0,0,0,0,0,0,0,0,0,0,0,1,0,0,0,1,0,0,0,0,0,0,0,0,0,0,0,0,0,0,0,0,0,0,0,0,0,0,0,0,0,0,0,0,0,0,0,0,0,0,0,0,0,0,0,0,0,0,0,0,0,0,0,0,0,0,0,0,0,0,0,0,0,0,0,0,0,0,0,0,0,0,0,0,0,0,0,0,0,0,0,0,0,0,1,0,0,0,0,0,0,0,0,0,0,0,0,0,0,0,0,0,0,0,0,0,0,0,0,0,0,0,0,0,0,0,1,0,0,0,0,0,0,0,0,0,0,0,1,0,0,0,0,0,0,0,0,0,0,0,0,0,0,0,0,0,0,0,0
Cycs,0,0,1,1,0,0,0,0,0,1,0,0,0,0,0,0,0,0,0,1,0,1,0,1,0,1,0,0,1,1,0,0,3,0,0,0,0,0,0,1,2,0,0,0,0,1,0,1,0,0,0,0,1,1,0,0,2,0,0,1,0,0,0,0,0,0,0,0,0,1,0,0,0,0,2,1,0,3,0,1,0,0,0,0,0,0,1,0,0,0,1,0,0,0,0,0,0,1,0,0,0,0,0,0,1,0,0,0,1,1,1,0,0,1,0,0,0,0,0,0,0,0,1,0,0,0,0,1,0,0,0,0,0,0,0,0,0,1,0,1,0,0,1,0,2,0,2,1,1,2,0,1,0,0,1,0,0,0,0,0,0,0,0,0,0,0,0,0,1,0,0,0,2,1,0,0,0,1,0,0,2,1,0,1,0,0,0,0,1,0,0,0,0,0,0,1,0,0,0,0,0,0,1,0,1,1,0,0,0,0,1,0,1,1,0,0,0,0,0,0,0,0,0,0,0,1,0,0,0,1,0,0,0,0,0,0,0,0,0,0,0,1,0,0,0,0,1,0,0,1,0,0,0,1,0,0,1,0,0,0,0,0,0,0,0,0,0,0,0,0,0,0,0,0,0,0,0,0,0,0,0,0,0,0,0,1,0,0,0,0,0,1,0,0,0,1,1,0,0,0,1,0,0,0,0,0,0,0,0,0,0,0,0,0,0,0,0,0,0,0,0,0,0,1,2,1,0,0,0,0,1,1,0,0,0,1,0,0,0,0,2,0,1,1,0,0,0,0,0,1,0,0,0,0,2,1,0,0,0,0,1,0,0,0,0,0,3,0,1,0,0,0,0,0,0,0,0,2,2,0,0,1,0,0,0,0,3,0,0,0,2,3,1,0,0,1,0,1
Parp4,3,0,3,1,1,0,2,3,1,0,0,0,2,1,1,0,3,0,0,3,1,1,0,0,1,0,1,0,1,2,1,0,1,0,0,1,0,0,0,1,1,0,0,0,0,2,0,1,1,0,2,0,0,0,0,0,1,1,0,1,0,1,2,2,0,0,1,0,1,1,0,0,2,1,0,2,0,2,0,1,2,1,2,1,2,0,0,0,0,1,1,1,0,2,0,1,1,0,1,0,0,0,0,1,1,0,0,1,2,0,0,2,0,0,1,0,0,0,1,0,2,4,1,1,0,0,1,1,1,0,0,1,1,0,0,0,3,2,0,0,2,0,0,2,1,1,2,2,2,0,1,0,0,2,0,0,0,3,1,0,1,0,0,0,1,0,1,2,0,1,0,0,0,0,0,0,0,1,2,0,0,5,0,2,1,0,2,0,1,1,0,0,1,0,1,0,0,1,1,0,0,0,1,1,0,1,3,0,0,0,2,3,0,0,1,3,2,0,1,1,0,0,1,0,0,0,0,1,0,1,2,0,2,0,2,0,0,1,0,5,1,1,1,0,4,0,2,0,0,0,2,0,0,0,5,2,0,0,0,0,1,0,0,0,0,0,1,0,0,0,0,1,4,0,1,3,1,2,0,0,0,0,0,1,0,0,1,1,0,0,1,1,0,0,0,0,1,2,0,0,1,0,0,1,0,0,0,1,0,2,0,1,1,0,0,0,1,0,0,0,0,0,0,3,3,2,0,3,0,0,2,1,0,0,0,0,0,0,2,0,0,0,0,0,1,1,2,0,2,1,0,0,0,3,2,1,0,0,0,1,0,0,1,0,0,0,1,0,0,0,0,1,0,1,0,0,0,1,0,1,0,0,1,0,0,0,1,0,0,0,1,1,0,0,2,0,0,0
Gpc2,0,0,0,0,0,0,0,0,0,0,0,0,0,0,0,0,0,0,0,0,0,0,0,0,0,0,0,0,0,0,0,0,0,0,0,0,0,1,0,0,0,0,0,0,0,0,0,0,0,0,0,0,0,0,0,0,0,0,0,0,0,0,0,0,0,0,0,0,0,0,0,0,0,0,0,0,0,0,0,0,0,0,0,0,0,0,0,0,0,0,0,0,0,0,0,0,0,0,0,0,0,0,0,0,0,0,0,0,0,0,0,0,0,0,1,0,0,0,0,0,0,0,0,0,0,0,0,0,0,0,0,0,0,0,0,0,0,0,0,0,0,0,0,0,0,0,1,0,0,0,0,0,0,0,0,0,0,0,0,0,0,0,0,0,0,0,0,0,0,0,0,0,0,0,0,0,0,0,0,0,0,0,0,0,0,0,0,0,0,0,0,0,0,0,0,0,0,0,0,0,0,0,0,0,0,0,0,0,0,0,0,1,0,0,0,0,0,0,0,0,0,0,0,0,0,0,0,0,0,0,0,0,0,0,0,0,0,0,0,0,0,0,0,0,0,0,0,0,0,0,0,0,0,0,0,0,0,0,0,0,0,0,0,0,0,0,0,0,0,0,0,0,0,0,0,0,0,0,0,0,0,0,0,0,0,0,0,0,0,0,0,0,0,0,0,0,0,0,0,0,0,0,0,0,0,0,0,0,0,0,0,0,0,0,0,0,0,0,0,0,0,0,0,0,0,1,0,0,0,0,0,0,0,0,0,0,0,0,0,0,0,0,0,0,0,0,0,0,0,0,0,0,0,0,0,0,0,0,0,0,0,0,0,0,0,0,0,0,0,0,0,0,0,0,0,0,0,1,0,0,0,0,0,0,0,0,0,0,0,0,0,0,0,0,0,0,0,0
Gria4,0,0,1,0,0,0,0,0,0,0,0,0,0,0,0,0,0,0,0,0,0,0,0,0,0,0,0,0,0,0,0,0,0,0,0,0,1,0,0,1,0,0,0,0,0,0,0,0,0,0,0,0,0,0,0,0,0,0,0,0,0,0,1,0,1,0,0,0,0,0,0,0,0,0,0,0,0,0,0,0,0,0,0,1,0,0,1,0,0,0,0,0,0,0,0,0,0,0,0,0,0,0,0,0,0,0,0,0,0,0,0,0,0,0,0,0,0,0,1,0,0,0,0,1,0,0,0,0,0,0,0,0,0,0,0,0,0,0,0,0,0,0,0,0,0,0,1,0,0,0,0,0,0,0,0,0,0,0,0,0,0,0,1,0,0,0,0,0,0,0,0,0,0,0,0,0,0,0,0,0,0,0,0,0,0,0,0,0,0,0,0,0,0,0,0,1,0,0,0,0,0,1,0,0,0,0,0,0,0,0,0,0,0,0,0,0,0,0,0,0,0,0,0,0,0,0,0,0,0,0,0,0,0,1,0,0,0,0,0,0,0,0,0,0,0,0,0,0,0,0,0,0,0,0,0,0,0,0,0,0,1,0,0,0,0,0,0,0,0,0,0,0,0,0,0,0,0,0,0,0,0,0,0,0,1,0,0,0,0,0,1,0,0,0,0,0,0,0,0,1,0,0,0,1,0,0,0,0,1,0,0,0,0,0,0,0,0,0,0,0,0,0,0,0,0,1,0,0,1,0,0,1,0,0,0,0,0,0,0,0,0,0,1,0,0,0,0,0,0,0,0,0,0,0,0,0,0,0,0,0,0,0,1,0,0,0,0,0,0,0,0,0,0,0,0,0,0,0,0,0,0,0,0,0,0,0,0,0,0,0,0,0,0,0,0,0,0,0
Sla,0,0,0,0,0,4,0,1,0,0,0,0,2,0,0,0,0,0,0,0,0,0,0,0,2,1,0,0,0,0,1,0,0,0,0,0,0,0,0,0,0,0,0,0,0,0,0,0,0,0,0,0,0,0,0,0,0,0,0,0,0,1,0,0,0,0,0,0,0,0,0,0,0,0,0,0,0,0,0,0,0,0,0,0,0,0,0,0,0,0,0,0,0,0,0,0,0,0,0,0,0,0,0,0,0,0,0,0,0,0,0,0,0,0,0,0,0,0,0,0,0,0,0,0,0,0,0,1,0,0,0,0,0,0,0,0,0,1,0,0,0,0,0,0,0,1,1,0,0,0,1,1,0,0,0,0,0,0,0,0,0,0,0,0,0,0,0,0,0,0,0,1,0,0,0,0,0,0,0,0,0,0,0,0,0,0,0,0,0,0,0,0,0,0,0,0,0,0,0,0,1,0,0,0,0,0,0,0,0,0,0,0,0,0,0,0,0,0,0,0,0,0,0,0,0,0,0,0,0,0,0,0,0,0,0,1,0,0,0,0,1,0,0,0,0,0,0,0,0,0,0,0,0,0,0,0,0,0,0,0,0,0,0,0,0,0,0,0,1,0,0,0,0,0,0,0,0,0,0,0,0,0,0,0,0,0,0,0,0,0,0,0,0,0,0,0,0,0,0,0,0,0,0,0,0,0,0,0,1,0,0,0,0,0,0,0,0,0,0,0,0,0,0,0,1,0,0,0,0,0,0,0,0,0,0,0,0,0,0,0,0,0,0,0,0,0,0,0,0,0,0,0,0,0,0,0,0,0,0,2,0,0,2,0,0,0,0,0,0,0,0,0,0,0,0,0,0,4,0,0,0,0,0,0,0,0,0,2,0,0,0,0,0,0,0,0,0,0
Slco1a4,0,0,0,0,0,0,0,0,0,0,0,0,0,0,0,0,0,0,0,0,0,0,0,0,0,3,0,0,0,0,0,0,0,0,0,1,1,0,0,1,1,0,0,0,1,0,0,0,0,0,0,0,0,0,0,0,0,0,0,0,0,0,0,0,0,0,0,0,0,0,0,0,0,0,0,0,0,0,0,0,0,0,0,1,0,0,0,0,0,0,0,0,0,0,0,0,1,0,0,0,1,0,0,0,0,0,0,0,0,0,0,0,1,0,0,0,0,1,1,1,0,0,0,0,0,0,0,0,0,0,0,0,0,0,0,0,0,0,0,0,0,0,0,0,0,0,0,0,4,0,0,0,0,0,0,0,0,0,0,0,0,0,0,1,0,0,0,0,0,0,0,0,3,0,0,0,0,0,0,0,0,1,0,0,0,1,0,0,0,0,0,0,0,0,0,1,0,0,0,0,0,0,0,0,0,0,0,0,0,0,0,0,0,0,0,0,0,0,0,0,0,0,0,0,0,0,1,0,1,0,1,0,0,0,1,0,0,0,0,1,0,0,0,0,0,0,0,0,0,0,0,1,0,0,0,0,0,0,0,0,0,0,0,0,0,0,0,1,0,0,0,0,0,1,2,0,0,0,1,1,0,0,0,0,0,0,0,0,0,0,0,0,0,0,0,0,0,0,0,0,0,0,0,0,0,0,1,0,0,0,0,0,0,0,0,0,0,0,0,0,0,0,1,1,0,0,0,1,0,0,0,0,0,0,0,0,0,0,0,1,0,0,0,0,0,0,2,0,0,0,0,0,0,0,0,0,0,0,0,1,0,0,0,0,0,0,0,0,0,0,0,0,0,0,0,0,0,0,0,0,0,0,0,0,0,0,0,0,1,0,0,0,0,0,0,0,0,0
Cadps2,0,1,2,1,3,7,3,7,0,1,0,0,5,0,0,0,0,0,2,0,0,0,0,0,0,0,0,0,0,0,0,4,2,0,0,0,4,0,1,0,0,0,0,1,4,1,0,0,0,7,10,1,1,2,0,0,7,1,0,0,0,2,1,0,4,0,2,2,0,2,0,0,0,1,1,0,2,1,3,1,1,0,1,0,0,0,0,0,0,0,0,0,0,0,0,0,2,1,0,0,0,0,0,0,0,1,0,0,0,15,0,3,0,0,0,0,1,0,1,1,1,1,0,1,0,3,5,2,1,0,0,0,0,0,0,0,2,1,1,0,1,0,0,0,0,0,0,0,0,1,1,0,0,1,0,0,0,2,0,0,2,1,1,1,0,2,0,1,2,1,0,1,2,2,0,0,2,3,0,0,1,5,2,0,0,0,4,4,1,0,0,2,5,0,1,2,1,0,3,2,0,18,0,7,2,0,4,4,2,1,5,1,0,0,0,0,0,0,0,0,0,0,0,0,1,0,0,0,1,0,1,1,0,3,0,0,0,1,1,0,2,0,0,0,1,1,0,0,0,0,0,0,0,0,0,1,1,0,0,0,0,0,0,0,0,1,0,4,0,0,3,0,0,0,2,1,0,3,0,1,0,0,0,0,1,1,0,0,0,0,0,8,0,0,0,0,0,0,0,0,0,0,0,3,0,0,1,1,1,0,0,0,0,0,1,0,3,1,0,0,0,0,0,0,0,1,0,0,0,1,1,8,0,1,0,1,0,0,1,0,2,1,0,0,0,1,0,0,0,3,0,0,0,0,0,0,1,0,0,1,0,0,0,0,0,1,1,0,0,0,0,0,1,0,2,0,0,3,2,0,0,1,0,0,1,1,2,0,2,0,0,1,0,0,0,2,0,0
Cdh10,2,2,4,1,4,2,3,3,1,1,3,0,2,4,0,2,1,1,2,2,1,1,1,0,2,2,2,2,1,0,1,0,0,0,0,1,2,2,1,2,3,0,0,1,1,1,0,1,0,1,3,5,4,4,0,0,10,1,0,1,0,5,2,1,1,0,1,1,0,1,0,1,4,1,0,0,0,0,0,0,1,0,0,1,0,0,0,0,0,1,0,0,2,1,0,0,3,4,2,0,0,0,0,1,3,1,1,0,1,1,0,0,0,0,2,0,3,0,5,1,1,3,1,1,1,3,3,2,2,1,0,6,1,0,0,0,1,5,0,0,0,1,2,0,0,0,0,0,2,7,1,5,1,1,0,1,1,5,1,1,5,1,1,4,0,2,1,1,0,5,0,2,5,3,0,0,4,0,5,0,0,2,0,7,0,5,0,3,1,0,0,1,0,0,0,1,1,3,0,1,2,3,1,4,0,1,0,3,0,0,5,0,0,1,1,3,2,0,0,0,3,0,0,1,0,4,1,2,0,2,2,1,0,1,1,3,0,2,0,2,3,1,0,0,1,0,3,4,0,0,0,1,1,0,5,0,0,0,0,3,3,0,0,0,0,1,1,3,0,1,2,2,0,1,2,0,1,2,0,1,1,2,0,0,1,1,1,1,1,0,1,2,2,0,1,0,1,2,1,2,0,0,1,1,0,0,0,0,1,0,0,0,0,0,1,1,1,1,0,0,0,0,0,4,5,2,0,1,2,0,2,2,0,4,0,4,0,0,4,1,3,0,2,4,4,0,1,0,2,0,1,0,0,4,3,2,0,0,0,2,1,2,3,1,0,2,2,1,1,1,0,1,0,1,0,0,0,3,1,2,0,1,3,2,1,2,0,0,0,2,2,2,1,0,1,2,0,0
Tmem176a,1,1,3,0,4,0,4,1,1,2,1,1,1,0,0,0,0,1,1,1,1,2,0,1,1,1,1,0,0,0,3,0,1,0,0,1,2,0,0,3,1,0,0,1,0,0,1,0,1,0,1,3,2,4,0,0,2,1,0,0,0,0,1,0,0,0,0,1,0,0,0,0,0,1,2,0,0,1,0,0,0,0,1,1,0,1,0,0,0,0,0,0,2,0,0,0,0,1,1,1,1,0,1,1,3,0,1,1,0,0,2,1,0,0,0,1,0,1,0,0,0,0,0,0,1,0,0,0,0,0,0,0,1,0,0,0,0,0,0,0,0,0,2,0,0,2,1,1,2,0,2,1,0,0,0,1,0,2,1,1,1,0,2,1,0,0,0,0,0,0,0,1,2,1,0,0,2,0,2,0,0,0,0,1,1,0,0,0,1,1,1,0,0,0,0,3,1,1,1,1,1,2,2,2,1,0,0,0,0,0,0,0,0,1,0,2,0,0,2,0,0,0,0,0,0,0,0,1,0,0,1,0,0,0,0,0,1,1,0,2,2,1,0,1,0,0,1,0,0,0,1,0,0,0,0,0,1,0,0,1,0,0,0,0,0,0,0,2,0,0,0,0,0,0,1,0,1,0,0,1,1,1,1,0,3,1,0,2,0,0,1,1,0,0,0,0,0,0,1,0,1,0,1,0,0,0,0,0,0,0,0,0,0,1,0,0,0,0,0,0,0,0,0,1,3,0,0,2,2,1,0,1,0,0,1,0,0,1,0,3,0,0,0,1,0,0,0,0,3,1,0,0,0,1,0,2,1,1,0,0,1,1,1,0,0,1,1,0,0,0,0,0,0,0,0,0,0,1,0,0,0,0,0,1,1,0,0,0,0,2,0,1,0,0,2,0,0,1
Hs3st5,0,0,0,0,0,2,0,0,0,0,0,0,0,0,0,0,0,0,0,0,0,0,0,0,0,0,2,1,0,0,0,0,0,0,0,0,1,0,0,1,1,0,0,0,0,0,0,0,0,1,2,0,0,0,0,0,1,0,0,0,0,1,0,0,0,0,0,0,0,0,0,0,0,0,0,0,0,0,0,0,0,0,0,0,0,0,0,0,0,0,0,0,0,0,0,0,0,0,0,0,0,0,0,0,0,0,0,0,0,0,0,0,0,0,0,0,0,0,1,0,0,0,0,0,0,0,0,0,0,0,0,0,0,0,0,0,0,0,0,0,0,1,0,0,0,0,1,0,0,0,0,1,0,0,0,0,0,0,0,0,0,0,0,0,0,0,0,0,0,0,0,1,0,0,0,0,0,0,0,0,1,0,0,0,0,0,0,0,0,1,0,0,0,0,0,0,0,0,0,0,0,0,0,0,0,0,0,0,0,0,0,0,0,0,0,0,0,0,1,0,0,0,0,0,0,0,0,0,0,0,0,0,0,0,0,0,0,0,0,0,1,0,0,0,0,0,0,0,0,0,0,0,0,0,0,0,0,0,0,1,0,0,0,0,0,0,0,0,0,0,0,0,0,0,0,1,0,0,0,0,0,0,0,0,0,0,0,0,0,0,0,0,0,0,0,0,0,0,0,0,0,0,0,1,0,1,0,0,0,0,0,0,0,0,0,0,0,0,0,0,0,0,0,0,0,0,0,0,0,0,0,0,0,0,0,0,0,0,0,0,0,0,0,0,0,0,0,0,0,0,0,0,0,0,0,0,0,0,0,0,0,0,0,0,0,0,0,0,0,0,0,0,0,0,0,0,0,0,0,0,0,0,1,0,0,0,0,0,0,0,0,0,1,0,0,0,0,0
Slit1,0,0,0,0,0,0,0,1,0,1,0,0,0,0,0,0,0,0,0,0,0,0,0,0,0,0,0,0,0,0,1,0,0,0,0,0,0,1,1,0,0,0,0,1,1,0,1,0,0,0,0,0,0,0,0,0,0,0,0,0,0,0,0,0,0,0,0,0,0,0,0,0,0,0,0,0,0,0,0,0,0,0,0,0,0,0,0,0,0,0,0,0,0,0,0,0,1,0,0,0,0,0,0,0,0,0,0,0,1,0,0,0,0,0,1,0,0,0,0,0,0,0,0,0,0,0,0,0,0,1,0,0,0,0,0,0,0,0,1,0,0,0,1,0,0,0,0,0,0,0,0,0,0,0,0,0,0,0,0,0,0,0,0,0,0,0,0,0,0,1,0,1,1,0,0,0,0,0,0,0,0,0,0,0,0,0,0,0,0,0,0,0,0,0,0,0,0,0,0,0,0,0,0,0,0,0,0,0,0,0,0,3,0,1,0,0,0,0,0,0,1,0,0,0,0,0,0,1,0,0,0,0,0,0,0,0,0,0,0,0,0,0,0,0,0,0,0,0,0,0,0,0,0,0,0,0,0,0,0,0,1,0,0,0,2,0,0,0,0,0,0,0,0,0,0,0,0,0,0,0,0,0,0,0,0,0,0,0,0,0,0,0,0,0,0,0,0,0,0,0,0,0,0,0,0,0,0,0,0,0,0,0,0,0,0,1,0,0,0,0,0,0,0,0,0,0,0,1,0,0,1,0,0,0,0,0,0,0,0,0,0,0,0,0,0,0,0,0,0,0,0,0,0,0,0,0,0,0,0,0,0,0,0,0,0,0,0,0,0,0,0,0,0,0,0,0,0,0,0,0,0,0,0,1,0,0,0,0,0,0,0,0,2,0,0,0,0,0
Rai14,0,0,0,0,1,0,0,0,0,0,0,0,1,0,0,0,0,0,0,0,0,1,0,0,1,0,0,0,0,1,0,0,1,0,0,0,0,0,0,1,0,0,0,0,0,0,0,0,0,1,1,0,0,0,0,0,0,0,0,0,0,0,0,0,0,0,0,0,0,0,0,0,0,0,0,0,0,0,0,1,0,0,1,0,1,0,0,1,0,0,0,0,0,0,0,0,0,0,0,0,0,0,0,0,0,0,0,0,0,0,0,0,0,1,0,0,0,0,1,0,0,0,0,0,0,1,0,0,0,1,0,0,0,0,0,0,0,0,0,0,0,0,0,0,0,2,0,0,0,0,0,0,0,0,0,0,0,0,0,0,0,0,0,1,0,0,0,0,0,0,0,0,1,0,0,0,0,0,0,0,1,0,0,1,0,0,0,0,0,0,0,0,0,0,0,0,0,0,0,0,0,0,0,0,0,0,0,1,0,0,0,0,0,0,0,0,0,0,0,0,0,0,1,0,0,0,0,0,0,0,0,0,0,1,1,0,0,0,0,0,1,0,0,0,1,0,0,0,0,0,0,0,0,0,0,0,1,0,0,2,0,0,0,0,0,0,0,0,0,0,0,0,1,0,1,0,0,1,0,0,0,0,0,1,0,0,0,0,0,0,0,0,0,0,0,0,0,0,0,0,0,0,0,0,0,0,0,0,0,0,0,0,2,0,0,0,0,0,0,0,0,0,0,0,0,0,0,2,0,0,0,0,0,0,0,0,0,0,1,0,0,0,1,1,0,0,0,0,1,0,0,0,0,1,0,1,0,0,0,0,0,0,1,0,0,0,0,0,0,0,0,0,1,0,0,0,0,0,0,0,0,0,0,0,0,1,0,0,0,1,0,0,0,0,0,0,0,0
Cbln2,0,0,0,0,0,0,0,1,0,1,0,0,0,0,0,0,0,0,0,0,1,0,0,0,0,0,0,0,0,0,0,0,2,0,0,0,0,0,0,0,1,1,0,0,0,0,0,0,0,0,0,1,0,1,0,0,0,0,0,0,0,0,0,0,0,0,0,0,0,0,0,0,0,0,0,0,1,0,0,0,0,1,1,0,0,0,0,0,0,0,0,0,0,1,1,0,0,0,0,0,0,0,0,0,0,0,0,0,0,0,0,0,0,0,0,0,0,1,0,0,0,0,0,0,0,0,0,0,0,0,0,0,0,0,0,0,0,0,0,0,0,0,0,0,0,0,0,0,0,0,0,0,0,0,0,0,0,0,0,0,0,0,0,0,0,0,0,0,2,0,0,0,0,0,0,0,1,0,0,0,0,0,0,0,0,0,0,2,0,1,0,0,0,0,0,0,0,1,0,0,0,0,0,0,1,0,0,0,0,1,0,2,0,1,0,0,0,0,0,0,0,0,0,0,0,0,0,0,0,0,1,0,0,0,0,0,0,0,0,0,0,1,0,0,0,1,0,0,0,0,0,0,0,0,0,0,0,0,0,0,1,0,0,0,0,0,0,0,0,0,0,0,0,0,0,0,1,0,0,0,0,0,0,0,0,0,0,0,0,0,0,0,0,0,0,0,0,0,0,0,0,0,0,0,0,0,0,0,0,0,0,0,0,0,0,0,0,0,0,0,0,0,0,0,0,2,0,0,0,0,0,0,0,0,0,0,0,0,0,0,0,0,0,1,0,0,0,0,0,0,0,0,0,0,0,0,0,0,0,0,0,0,1,0,0,0,0,0,0,0,0,0,0,0,0,0,0,0,0,0,0,0,0,0,0,3,0,0,1,0,0,0,0,0,0,0,0,0
Cbln1,0,0,0,0,0,1,0,0,0,0,0,0,0,0,0,0,0,0,0,0,0,0,0,0,0,0,0,0,0,1,0,0,0,0,0,0,0,0,0,0,0,0,0,0,0,0,0,0,0,0,0,0,0,0,0,0,0,0,0,0,0,0,0,0,0,0,0,0,0,0,0,0,0,0,0,0,0,0,0,0,0,0,1,0,0,0,0,0,0,0,0,0,0,0,0,0,0,0,0,0,0,0,0,0,0,1,0,0,0,0,0,0,0,0,0,0,0,0,0,0,0,0,0,0,1,0,0,0,0,0,0,0,0,0,0,0,0,0,0,0,0,0,0,0,0,0,0,0,0,0,0,0,0,0,0,0,0,0,0,0,0,0,0,0,0,0,0,1,0,0,0,0,0,0,0,0,0,0,0,0,0,0,0,0,0,0,0,0,0,0,0,0,0,0,0,0,0,0,0,0,0,0,0,0,0,0,0,0,0,0,0,0,0,0,0,0,0,0,0,0,0,0,0,0,1,0,0,0,0,0,0,0,0,0,0,0,0,0,0,0,0,0,0,0,0,0,0,0,0,0,0,0,0,0,0,0,0,0,0,0,1,0,1,0,0,0,0,1,0,0,0,0,0,0,0,0,0,0,0,0,0,0,0,0,0,0,0,0,0,0,0,0,0,0,0,0,0,0,1,0,0,0,0,4,0,0,0,0,0,0,0,0,0,0,0,0,1,0,0,0,0,0,0,0,0,0,0,0,0,0,0,0,0,0,0,0,0,0,0,0,0,0,0,0,0,0,0,0,0,0,0,0,0,0,0,0,0,0,0,0,0,0,0,0,0,0,0,0,0,0,0,0,0,0,0,0,0,0,0,0,0,0,0,0,0,1,0,0,2,0,0,1,0,0,0,0,0,0
Dlk1,0,1,0,0,0,0,0,0,0,0,0,0,0,0,0,0,0,0,0,0,0,0,0,0,0,0,0,1,0,1,0,0,0,0,0,0,0,0,0,0,0,0,0,0,0,0,0,0,0,0,0,0,0,0,0,0,0,0,0,0,0,0,0,0,0,0,0,0,0,0,0,0,0,0,0,0,1,0,0,0,0,0,0,0,0,0,0,0,0,0,0,0,0,0,0,0,0,0,0,0,0,0,0,0,0,0,0,0,0,0,0,0,0,0,0,0,0,0,0,1,0,0,0,0,0,0,0,0,0,0,0,0,0,0,0,0,0,0,0,0,0,0,0,0,0,0,0,0,0,0,0,0,0,0,0,0,0,0,1,0,0,0,0,0,0,0,0,0,0,0,0,0,0,0,0,0,0,0,0,0,0,0,0,0,0,0,0,0,0,0,0,0,0,0,0,0,0,0,0,0,0,0,0,0,0,0,0,0,0,0,0,0,0,0,0,0,0,0,0,0,0,0,0,0,0,0,0,0,0,0,0,0,0,0,0,0,0,0,0,0,0,0,0,0,0,0,0,0,0,0,0,0,0,0,0,0,0,0,0,0,0,0,0,0,0,0,0,0,0,0,0,0,0,0,0,0,0,0,0,0,0,0,0,0,0,0,0,0,0,0,0,0,0,0,0,0,0,0,0,0,0,0,0,0,0,0,0,0,0,0,0,0,0,0,0,0,0,0,0,0,0,0,0,0,0,0,0,0,0,0,0,0,0,0,0,0,0,0,0,0,0,0,0,0,0,1,0,0,0,0,0,0,0,0,0,0,0,0,0,0,0,0,0,0,0,0,0,0,0,0,0,0,0,0,0,0,0,1,1,0,0,0,0,0,0,0,0,0,0,0,0,0,0,0,1,0,0,0
Lig3,0,0,0,2,0,0,1,0,0,1,0,0,0,0,1,0,0,0,0,0,1,1,0,0,0,0,1,0,0,0,0,0,0,0,0,0,0,0,0,0,0,0,0,1,0,1,0,0,0,0,0,0,0,0,0,0,0,0,0,0,0,0,0,0,0,0,0,0,0,0,0,0,0,0,0,0,0,0,0,0,0,0,0,0,0,0,0,0,0,0,0,0,1,0,0,0,1,0,1,0,0,0,0,0,0,0,0,0,0,0,0,0,0,0,0,0,0,0,0,0,0,0,0,0,0,1,0,0,0,0,0,0,0,0,0,0,0,0,0,0,0,0,0,0,0,0,0,0,0,0,0,0,2,0,0,0,0,0,1,0,0,0,0,0,0,0,0,0,1,0,0,0,0,0,0,0,0,0,0,0,0,0,0,0,0,0,0,0,1,0,0,0,0,0,0,0,1,0,0,0,0,0,0,1,0,1,0,0,0,0,0,1,0,0,0,0,0,0,0,0,0,0,0,0,0,0,0,1,0,0,0,0,0,1,0,0,0,0,0,0,0,0,0,0,0,0,0,0,0,0,0,0,0,0,0,0,0,0,0,0,0,0,0,0,0,0,0,0,0,0,0,1,0,0,0,0,0,0,0,0,0,0,0,0,0,0,0,0,0,0,0,0,0,0,0,0,0,0,0,0,0,0,0,0,0,1,0,0,0,0,0,0,0,0,0,0,0,0,0,0,0,0,0,0,0,0,0,0,0,1,0,0,0,1,0,1,0,0,0,0,0,0,0,0,0,0,0,0,0,0,0,0,0,0,0,1,0,0,0,0,0,0,0,0,0,0,0,0,0,0,0,0,0,0,0,0,0,0,0,0,0,0,0,0,0,0,0,0,0,1,1,0,0,0,0,0,0,0
Ndst4,0,0,0,0,0,1,0,0,0,0,0,0,0,0,0,0,0,0,0,0,1,0,0,0,0,0,0,0,0,0,0,0,0,0,0,0,0,0,0,0,0,0,0,0,0,0,0,0,0,0,1,0,0,0,0,0,1,0,0,0,0,0,0,0,0,0,0,0,0,0,0,0,0,0,0,0,0,0,0,0,0,0,0,0,0,0,0,0,0,0,0,0,0,0,0,0,0,0,0,0,0,0,0,0,0,0,0,0,0,0,0,0,0,0,0,0,0,0,0,0,0,0,0,0,0,0,0,0,0,0,0,0,0,0,0,0,1,0,0,0,0,0,0,0,0,0,0,0,0,0,0,1,0,0,0,0,0,0,0,0,0,0,0,0,0,0,0,0,0,0,0,0,0,1,0,0,0,0,0,0,0,1,0,0,0,1,0,0,0,0,0,0,0,0,0,0,0,0,0,0,0,0,0,1,0,0,0,0,0,0,0,0,0,0,0,0,0,0,0,0,0,0,0,0,0,0,0,1,0,0,0,0,0,0,0,0,0,0,0,0,0,0,0,0,0,0,0,0,0,0,0,0,0,0,0,0,0,0,0,0,0,0,1,0,0,0,0,0,0,0,0,0,0,0,0,0,0,0,0,0,0,0,0,0,1,0,0,0,0,0,0,0,0,0,0,0,0,0,0,0,0,0,0,0,0,0,0,0,0,0,0,0,0,0,0,0,0,0,0,0,0,0,0,0,0,0,0,0,0,0,0,0,0,0,0,0,0,0,0,0,0,0,0,0,0,0,0,0,0,0,0,0,0,0,0,0,0,0,0,0,0,0,0,0,0,0,0,0,0,0,0,0,0,0,0,0,0,0,0,0,0,0,0,0,0,0,0,0,0,0,0,0,0,0,0,0,0,0
Ager,0,0,0,0,0,0,0,0,0,0,0,0,0,0,0,0,0,0,0,0,0,0,0,0,0,0,1,0,0,0,0,0,0,0,0,0,0,0,0,0,0,0,0,1,0,0,0,0,0,0,0,0,0,0,0,0,0,0,0,0,0,0,0,0,0,0,0,0,0,0,0,0,0,0,0,0,0,0,0,0,0,0,0,0,1,0,0,0,0,0,0,0,0,0,0,0,0,0,0,0,0,0,0,0,0,0,0,0,0,0,0,0,0,0,0,0,0,0,0,1,0,0,0,0,0,0,0,0,0,0,0,0,0,0,0,0,0,0,0,0,0,0,0,0,1,0,3,0,0,0,0,0,0,0,0,0,0,0,0,0,0,0,1,0,0,0,0,0,0,0,0,0,0,0,0,0,0,0,0,0,0,0,0,0,0,0,0,0,0,0,0,0,0,0,0,0,0,1,0,1,0,0,0,0,0,1,0,0,0,0,1,0,0,0,0,0,0,0,0,0,0,0,0,0,0,0,0,0,0,2,0,0,0,0,0,0,1,0,1,0,0,0,0,0,0,0,0,0,0,0,0,0,0,0,1,0,0,0,0,0,0,0,0,0,0,0,0,0,0,0,0,0,0,0,0,0,0,0,0,1,0,0,0,1,0,0,0,0,0,0,0,0,0,0,0,0,0,0,0,0,0,0,0,0,0,0,0,0,0,0,0,0,0,0,0,0,0,0,0,0,0,0,0,0,0,0,0,0,0,0,0,0,0,0,0,0,0,0,0,0,0,0,0,0,0,0,0,0,0,1,0,0,0,1,0,0,0,0,0,0,0,0,0,0,0,0,0,0,0,0,0,0,0,0,0,0,0,0,0,0,0,0,0,0,0,0,1,0,0,0,1,0,0,0,0,0,0,0
Bdnf,0,1,0,0,1,1,1,0,0,1,0,0,0,0,0,0,0,1,1,0,0,0,0,0,0,2,0,0,0,0,0,0,0,1,0,0,0,0,2,0,0,0,0,0,1,3,0,0,0,0,0,0,0,1,1,0,0,0,0,0,0,0,0,0,0,0,0,1,1,0,0,0,0,0,0,1,0,0,0,1,0,0,0,0,0,0,0,0,0,0,0,0,0,0,0,0,0,0,0,0,0,0,0,0,1,0,0,0,0,1,0,0,0,0,0,0,0,0,4,0,0,0,0,0,1,1,0,0,0,0,0,0,0,0,0,0,0,0,0,0,0,0,0,0,1,1,0,3,0,3,0,0,0,0,0,0,0,0,0,0,0,0,0,1,0,0,0,0,0,0,0,0,1,1,0,0,0,0,1,0,0,0,0,0,0,0,0,0,0,0,0,0,0,0,0,0,0,0,0,0,0,1,0,1,0,0,0,0,0,0,0,0,0,0,0,0,0,0,0,0,0,0,0,0,0,0,0,0,0,0,0,0,0,0,0,0,0,0,0,1,0,0,0,0,0,0,0,0,0,1,0,0,0,0,0,1,0,0,0,0,1,0,0,0,0,1,0,0,1,0,0,1,0,0,0,0,1,0,0,1,0,1,0,0,0,0,0,0,1,0,0,0,0,0,0,0,0,0,0,1,0,0,0,1,0,0,1,0,0,0,0,0,0,0,0,0,0,0,0,0,0,0,0,0,0,0,0,0,0,0,0,0,0,0,0,0,0,0,0,0,0,0,0,0,0,1,0,0,0,2,0,0,0,0,0,0,0,0,0,0,0,1,5,0,0,0,2,1,0,0,0,0,0,0,0,0,0,1,0,0,0,0,0,0,0,0,0,0,0,0,0,1,0,0,0,0,0,0
Gpc5,0,0,0,0,0,0,0,0,0,0,0,0,0,0,0,0,0,0,0,0,0,0,0,0,0,0,0,1,0,0,0,0,1,0,0,0,0,0,0,0,0,0,0,0,0,0,0,0,0,0,0,0,1,0,0,0,0,0,0,0,0,0,0,0,0,0,0,0,0,1,0,0,0,0,0,0,0,0,1,0,0,0,1,0,0,0,0,0,0,0,0,0,0,0,0,0,0,0,0,0,0,0,0,0,0,0,0,0,0,0,0,0,0,0,1,0,0,0,0,0,0,0,0,0,0,0,0,0,0,0,0,0,0,0,0,0,0,0,0,0,1,0,0,0,0,0,0,1,0,0,0,1,0,0,0,0,0,0,0,0,0,0,0,0,0,0,1,0,0,0,0,0,1,0,0,0,0,0,0,0,0,0,0,0,0,0,0,0,0,0,0,0,0,0,1,0,0,1,0,0,0,0,0,0,0,0,0,0,0,0,1,0,0,0,0,2,0,0,0,0,0,0,0,0,1,0,0,0,0,1,0,0,0,0,0,1,0,0,0,0,0,0,0,0,0,0,0,0,0,0,0,0,0,0,0,0,0,0,0,0,0,0,0,0,0,0,0,0,0,0,0,0,0,0,0,0,0,1,0,0,0,0,0,0,1,0,0,0,1,0,0,0,0,0,0,0,0,1,0,0,0,0,0,0,0,0,1,0,0,0,0,0,1,0,0,0,0,0,0,0,0,0,0,1,0,0,0,0,1,1,0,0,0,0,0,0,0,0,0,0,0,0,0,0,0,0,1,0,0,0,0,0,0,0,1,1,0,0,0,0,0,0,0,0,0,0,0,0,0,0,0,0,1,0,0,0,0,0,0,0,0,0,0,0,0,0,0,0,2,0,0,1,0,0,1,0,0,0
Satb2,3,7,4,0,0,3,0,3,1,4,1,1,5,1,1,1,0,1,2,0,0,0,0,1,4,4,1,2,0,2,1,10,1,0,0,0,2,1,0,0,1,0,0,0,0,3,0,0,0,5,7,3,4,1,1,0,5,3,0,0,0,2,0,0,1,1,0,1,0,1,0,1,1,3,0,1,0,0,0,0,0,0,0,0,0,0,0,0,0,0,0,1,0,4,0,0,1,1,1,0,0,0,0,0,3,0,1,0,1,0,0,1,0,0,1,0,3,3,4,0,0,1,0,3,2,0,7,4,6,0,0,0,0,0,0,0,0,0,1,0,3,0,0,2,1,1,0,0,0,4,2,0,1,1,0,2,1,1,0,0,5,2,2,0,0,0,0,10,5,3,0,1,2,1,0,0,7,0,3,0,6,4,0,3,0,0,5,5,0,1,5,0,3,0,0,1,1,1,0,3,0,12,0,6,3,2,2,3,0,2,1,3,0,0,0,0,3,0,1,0,1,2,1,0,1,1,0,4,3,0,2,0,0,5,1,1,0,1,0,1,0,0,1,0,0,0,1,1,0,0,1,0,0,0,1,3,2,0,1,2,12,0,0,3,0,3,0,0,0,0,2,4,0,1,11,0,3,2,0,0,1,0,0,1,0,9,1,2,2,1,1,10,0,0,0,0,0,0,0,2,0,0,0,4,1,0,1,0,1,1,0,1,0,0,0,0,0,2,1,0,0,0,0,2,0,3,0,3,1,4,1,0,2,0,0,1,1,0,0,1,2,0,1,0,1,0,0,0,0,2,0,1,0,0,1,0,0,2,0,1,1,0,3,0,0,0,0,0,0,0,0,0,2,0,0,0,0,0,0,1,0,0,1,0,0,1,1,0,0,0,0,0,1,0,0,0,0,0
Pou3f2,14,10,4,3,12,5,13,4,3,3,9,0,6,3,3,2,3,8,7,2,0,3,0,6,4,7,1,8,2,11,3,5,4,0,2,2,2,4,1,6,4,2,0,8,4,11,0,3,2,5,11,2,8,8,3,0,13,1,2,2,1,4,2,4,1,1,4,0,3,3,0,0,5,7,7,6,6,8,1,5,6,4,5,2,1,2,0,0,2,1,0,0,3,6,3,2,15,8,2,1,6,1,4,1,5,0,3,3,6,1,0,1,1,1,2,3,3,2,3,13,2,6,0,4,0,6,1,1,2,4,1,3,1,0,1,1,1,2,1,2,0,0,6,3,0,0,2,1,5,7,11,8,8,3,0,6,0,2,4,0,9,0,2,7,0,2,1,1,5,5,1,2,5,6,0,1,3,0,5,0,3,4,2,8,1,2,4,0,5,3,0,0,3,0,0,3,2,5,0,4,3,10,4,3,7,6,4,7,1,8,8,5,0,1,6,4,5,0,7,0,5,1,3,1,2,4,7,3,3,3,5,2,1,4,6,5,5,5,1,3,6,5,1,2,3,0,8,6,2,4,0,4,0,0,2,4,6,1,3,2,4,1,1,1,2,4,0,2,0,0,3,5,5,1,5,3,5,8,1,2,3,3,1,2,6,5,8,5,3,4,4,8,2,1,7,2,2,3,0,1,1,1,1,6,1,4,3,3,1,1,5,0,0,1,0,1,3,4,2,2,0,0,2,5,3,3,0,2,4,0,1,2,0,4,0,4,1,0,5,1,3,0,2,1,1,7,2,1,3,2,0,1,0,4,4,1,1,1,0,1,2,0,1,1,1,5,1,2,0,1,1,1,3,0,1,0,0,1,2,2,0,4,4,1,0,2,4,0,3,3,0,2,4,1,6,0,1,3
Galnt1,4,2,1,2,2,1,0,1,1,6,1,0,2,2,2,0,1,4,2,3,1,0,1,1,4,6,4,0,0,1,2,3,4,0,0,0,3,0,1,1,2,4,1,0,3,4,0,0,0,0,2,3,1,1,0,0,3,1,0,0,0,2,0,1,0,0,2,2,2,2,0,1,5,1,1,2,2,4,0,0,0,0,3,1,1,1,2,0,1,1,0,1,3,3,3,0,2,1,3,0,0,0,0,1,0,0,1,2,2,1,1,1,0,1,1,1,1,2,3,4,0,3,0,5,3,3,3,0,0,2,1,2,0,0,0,1,3,2,1,1,0,1,2,1,1,5,1,2,2,1,6,0,3,3,2,3,0,1,1,1,2,2,3,4,0,4,5,3,2,0,0,1,3,9,2,0,2,0,1,2,2,3,1,2,2,2,1,0,0,0,3,1,1,0,1,1,0,2,1,1,1,7,2,3,0,2,1,0,0,0,1,3,0,0,3,2,1,0,0,0,1,0,1,0,0,5,1,1,1,2,4,0,2,0,6,0,0,0,0,1,1,1,2,0,0,3,0,3,0,0,1,4,0,0,0,2,1,0,2,5,0,2,1,0,0,2,0,1,1,0,0,2,0,1,2,1,2,1,0,5,0,1,2,0,1,1,1,0,0,1,1,3,2,0,1,1,0,0,0,2,3,0,0,0,1,0,2,1,1,0,0,0,2,1,1,0,1,2,0,2,0,1,0,4,3,2,0,0,0,2,0,2,0,0,0,0,2,0,1,1,6,0,0,0,0,0,0,0,1,0,0,1,0,0,3,1,1,2,0,0,1,0,1,0,0,2,1,1,1,3,0,1,2,2,0,0,0,3,6,1,0,1,4,0,1,4,2,0,4,1,0,4,0,0,4,2,0,0
Larp1,4,2,13,4,4,6,6,8,5,4,9,0,8,3,2,2,3,6,2,2,2,12,1,1,2,11,6,5,3,3,1,9,5,1,0,0,6,4,1,8,5,0,2,1,4,7,2,3,1,5,18,4,7,11,1,1,9,7,1,4,0,2,1,3,1,0,3,3,0,8,1,0,2,6,4,2,2,2,2,1,1,3,3,1,3,0,0,0,5,1,0,1,5,2,0,3,9,3,5,0,2,0,1,0,3,1,1,0,3,2,0,0,4,3,3,3,1,2,7,4,3,1,2,5,4,5,2,1,2,3,0,4,0,1,3,0,3,2,3,1,2,1,3,1,8,6,3,2,5,6,5,3,9,3,0,7,0,6,7,1,7,3,3,5,2,2,4,5,3,5,0,4,8,4,1,1,6,2,3,2,1,9,3,8,3,7,3,0,2,3,2,1,4,0,3,4,1,5,0,3,1,4,4,6,5,2,3,2,1,2,10,3,0,6,1,3,5,1,1,1,2,0,0,1,6,2,5,2,7,2,1,7,2,11,12,7,0,3,2,4,8,2,0,1,2,4,3,2,0,2,1,6,3,0,5,1,2,1,2,3,2,0,2,1,5,3,2,5,1,0,9,6,1,1,8,3,9,7,1,5,5,4,0,3,2,5,5,3,9,3,3,7,2,2,5,2,5,3,2,1,5,0,0,3,2,1,2,1,4,0,6,6,6,0,4,2,3,3,1,0,0,0,1,2,3,4,1,3,1,5,2,3,2,3,0,2,0,1,2,3,0,4,3,1,4,0,4,0,2,4,2,1,1,4,4,8,0,0,0,2,1,0,1,0,0,6,2,3,2,3,0,1,1,1,0,0,0,4,2,4,3,0,1,4,0,6,2,2,4,0,5,4,2,0,3,1,0,1
Baiap3,0,0,0,0,0,0,0,0,0,0,0,0,0,0,0,0,0,0,0,0,0,0,0,2,0,0,0,0,0,0,0,0,0,0,0,0,0,0,0,0,0,0,0,0,0,0,0,0,0,0,0,0,0,0,0,0,0,0,0,0,0,0,1,0,0,0,0,0,0,0,0,0,0,0,0,0,0,0,0,0,0,0,0,0,0,0,0,0,0,0,0,0,0,0,1,0,0,0,0,0,0,0,0,0,0,0,0,0,0,0,0,0,0,0,0,0,0,0,0,0,0,0,0,0,0,0,0,0,0,0,0,0,0,0,0,0,0,0,0,0,0,0,0,1,0,0,0,0,1,0,1,0,0,0,0,0,0,0,0,0,0,0,0,0,0,0,0,0,0,0,0,2,0,1,0,0,0,0,0,0,0,0,0,0,0,0,0,0,0,0,0,0,0,0,0,0,0,0,0,0,0,1,0,0,0,0,0,0,0,0,0,0,0,0,0,0,0,0,0,0,0,0,0,0,0,0,0,0,0,0,0,0,0,0,1,0,0,2,0,0,1,0,0,0,0,0,0,0,0,0,0,0,0,0,0,0,0,0,0,0,0,0,0,0,0,0,0,0,0,0,0,0,0,0,0,0,0,0,0,0,0,0,0,0,0,0,0,0,0,0,0,0,0,0,0,0,0,0,0,0,0,0,0,0,0,0,0,0,0,0,0,0,0,0,0,0,0,0,0,0,0,0,0,0,1,0,0,0,0,0,0,0,0,0,0,0,0,0,0,0,0,0,0,1,0,0,0,0,0,0,0,0,0,1,0,0,0,0,0,0,0,0,0,0,0,0,0,1,0,0,0,0,0,0,0,0,0,0,0,0,0,0,0,0,0,0,0,0,0,0,0,0,0,0,0,0,0,0
Htr1b,0,0,0,0,0,0,0,0,0,0,0,0,0,0,0,0,0,0,1,0,0,0,0,0,0,0,0,0,0,1,0,0,1,0,0,0,0,0,0,1,0,0,0,0,0,0,0,0,0,0,0,0,0,0,0,0,0,0,0,0,0,0,0,0,0,0,0,0,0,0,0,0,0,0,0,0,0,0,0,0,0,0,0,1,0,0,0,0,0,0,0,0,0,0,0,0,0,0,0,0,0,0,0,0,0,0,0,0,0,0,0,0,0,0,0,0,0,0,0,0,0,0,0,0,0,0,0,0,0,0,0,0,0,0,0,0,0,1,0,0,0,0,0,0,1,0,0,0,0,0,0,0,0,0,0,0,0,0,0,1,0,0,0,0,0,0,0,0,0,0,0,0,0,0,0,0,0,0,0,0,0,0,1,0,0,1,0,0,0,0,1,0,0,0,0,0,0,0,0,0,0,0,0,0,0,0,0,0,0,0,2,0,0,0,0,0,0,0,0,0,0,0,0,0,0,0,0,0,1,0,1,0,0,0,0,0,0,0,0,0,0,0,0,0,1,0,0,0,0,0,0,0,0,0,0,0,0,0,0,0,0,0,0,0,0,0,0,0,0,0,0,0,0,0,0,0,0,0,0,0,0,0,0,0,0,0,0,0,1,0,0,0,1,0,0,0,0,0,0,0,1,0,0,0,0,0,0,0,0,0,0,0,0,0,0,0,0,2,0,0,0,0,0,0,0,0,0,0,0,0,0,0,0,0,0,0,0,0,1,0,0,0,0,0,0,0,0,0,0,0,0,0,0,1,0,0,0,0,0,0,0,0,0,0,0,0,0,0,0,1,0,0,0,0,0,0,0,0,0,0,0,0,1,0,1,0,0,0,0,0,0,0,0,0,0,0,0,0
Arfrp1,0,0,0,0,0,1,0,3,1,0,0,0,0,1,0,0,0,0,0,0,0,0,0,0,1,0,0,0,0,0,0,0,0,0,0,0,1,0,0,0,0,1,0,0,0,0,0,0,0,0,0,0,0,0,0,0,0,0,0,0,0,0,0,0,0,0,0,0,0,0,0,0,0,0,0,1,0,0,0,0,0,0,0,0,0,0,0,0,0,0,0,0,0,0,0,0,0,0,0,0,0,0,0,0,0,0,0,0,0,0,0,0,0,0,0,0,0,0,0,0,0,0,0,0,0,0,0,0,0,0,0,0,0,0,0,0,0,0,0,0,0,0,0,0,0,0,1,0,0,0,0,1,0,0,0,0,0,1,0,0,0,0,0,0,0,0,0,0,0,0,0,0,0,0,1,0,0,0,0,1,0,0,0,0,0,0,0,0,0,0,0,0,0,0,1,0,0,0,0,0,0,0,0,0,0,0,0,0,0,0,0,1,0,0,0,0,0,0,0,0,0,0,0,0,0,0,1,1,0,1,0,0,0,0,0,0,0,0,0,0,0,0,0,0,0,0,0,0,0,0,0,0,0,0,0,0,0,0,0,0,0,0,0,0,0,0,0,0,0,0,0,0,0,0,0,0,0,0,0,0,0,0,0,0,0,0,1,0,0,0,0,0,0,0,0,0,0,0,0,0,0,0,0,0,0,0,0,0,0,0,0,0,0,0,0,0,0,0,0,1,0,0,0,0,0,0,0,0,0,0,1,0,0,0,0,0,0,0,1,0,0,0,0,0,0,1,0,0,0,0,0,0,0,0,0,0,0,0,0,0,0,0,1,0,0,0,0,0,0,0,0,0,0,0,0,0,0,0,0,0,0,0,0,0,0,0,0,0,0,0,0,0,0,0,0,0,0,1
Tac1,0,0,0,1,0,0,0,0,0,0,0,0,0,0,0,0,0,0,0,0,0,0,0,0,0,0,0,0,0,0,0,0,0,0,0,0,0,0,0,0,0,0,0,0,0,0,0,0,0,0,0,0,0,0,0,0,0,0,0,0,0,0,0,0,0,0,0,0,0,0,0,0,0,0,0,0,0,0,0,0,0,0,0,0,0,0,0,0,0,0,0,0,0,0,0,0,0,0,0,0,0,0,0,0,0,0,0,0,0,0,0,0,0,0,0,0,0,0,0,0,0,0,0,0,0,0,0,0,0,0,0,0,0,0,0,0,0,0,0,0,0,0,0,0,0,0,0,0,0,0,0,0,0,0,0,0,0,0,0,0,0,0,0,0,0,0,0,0,0,0,0,0,0,0,0,0,0,0,0,0,0,0,0,0,0,0,0,0,0,0,0,0,0,0,0,0,0,0,0,0,0,0,0,0,0,0,0,0,0,0,0,1,0,0,0,0,0,0,0,0,0,0,0,0,0,0,0,1,0,0,1,0,0,0,0,0,0,0,0,0,0,0,0,0,0,0,0,0,0,0,0,0,0,0,0,0,0,0,0,0,0,0,0,0,0,0,0,0,0,0,0,0,0,0,0,0,0,0,0,0,0,0,0,0,0,0,0,0,0,0,0,0,0,0,0,0,0,0,0,0,0,0,0,0,0,0,0,0,0,0,0,0,0,0,0,0,0,0,0,0,0,0,0,0,0,0,0,0,0,0,0,0,0,0,0,0,0,0,0,0,0,0,0,1,0,0,0,0,1,0,0,0,0,0,0,0,0,0,0,0,0,0,0,0,0,0,0,0,0,0,0,0,0,0,0,0,0,0,0,0,0,0,0,0,0,0,0,0,0,0,0,0,0,0,0,0,0,0
Glce,0,1,0,0,0,3,0,0,0,0,1,0,3,0,3,1,0,0,0,0,0,0,0,0,0,0,0,0,0,1,0,1,1,0,1,0,0,0,0,0,0,0,0,0,0,0,0,0,0,1,0,0,0,1,0,0,0,0,0,0,0,0,0,0,0,0,1,0,0,0,0,0,1,0,0,1,0,0,0,0,0,0,0,0,1,0,0,0,0,0,0,0,1,0,0,0,0,0,0,0,0,0,0,0,0,0,0,0,0,1,0,0,0,0,1,1,0,0,0,0,0,2,0,0,0,0,0,1,0,0,0,0,0,0,0,0,0,0,0,0,0,1,0,0,0,0,2,0,0,0,0,0,0,0,0,1,0,0,2,0,0,0,1,0,0,0,0,0,1,0,0,0,0,0,0,0,0,1,1,1,0,0,0,0,0,0,0,0,0,1,0,0,0,0,0,0,0,0,0,0,0,0,0,3,0,0,0,0,0,0,0,1,0,0,0,0,0,0,0,0,0,0,0,0,0,0,0,0,0,0,0,0,0,0,0,0,0,0,0,0,0,0,0,0,0,1,0,0,0,0,0,0,0,0,0,0,0,0,1,1,0,0,0,0,0,1,0,1,0,0,0,0,0,0,0,0,0,0,2,0,0,0,0,0,1,0,0,0,0,0,0,0,0,0,0,0,1,0,0,0,0,0,0,0,0,0,0,0,0,0,0,0,0,0,0,0,0,0,0,0,0,0,0,0,3,2,0,0,1,0,0,2,0,0,0,0,0,0,0,0,0,1,0,0,0,0,0,0,0,1,0,0,0,0,0,0,0,0,0,1,0,0,0,1,0,0,0,0,0,0,0,0,1,0,0,0,0,0,1,0,0,0,0,0,0,0,0,0,0,0,0,0,1,0,0,0,0,1
Sulf1,0,0,0,0,0,0,0,0,0,0,0,0,0,0,0,0,0,0,0,0,0,0,0,0,0,0,0,0,0,0,0,0,0,0,0,1,0,0,0,0,0,0,0,0,0,0,0,0,0,0,0,0,0,0,0,0,0,0,0,0,0,0,0,0,0,0,0,1,0,0,0,0,0,0,0,0,0,0,0,0,0,0,0,0,0,0,0,0,0,0,0,0,1,0,0,0,0,0,1,0,0,0,0,0,0,0,0,0,0,0,0,0,0,0,0,0,0,0,0,0,0,0,0,0,0,0,0,0,0,0,0,0,0,0,0,0,0,0,1,0,1,0,0,0,0,0,0,0,0,1,0,0,0,0,0,0,0,0,0,0,0,0,0,0,0,0,1,0,0,0,0,0,1,0,0,0,0,0,1,0,0,0,0,0,1,0,0,0,0,0,0,0,0,0,0,0,0,0,0,0,0,1,0,1,0,0,0,0,0,0,0,0,0,0,0,0,0,0,0,0,1,0,0,0,0,0,0,0,0,0,0,0,0,0,0,0,0,0,0,0,0,0,0,0,0,0,0,0,0,0,0,0,0,0,0,0,0,0,0,0,0,0,0,0,0,0,0,0,0,0,0,0,0,0,0,0,0,1,0,0,0,0,0,0,0,0,0,0,0,0,0,0,0,0,0,0,0,0,0,0,0,0,0,0,0,0,0,0,0,0,0,0,0,0,0,0,0,0,1,0,0,0,0,0,0,0,0,0,0,0,0,0,0,1,1,0,0,0,0,0,0,0,0,0,0,0,0,0,0,0,0,0,0,0,0,0,0,0,0,0,0,0,0,0,0,0,0,0,0,0,0,0,1,0,0,0,0,0,0,0,0,0,0,0,0,0,0,0,0,0,1,0,0,0,0,0,0,0
Msh3,0,0,0,0,0,0,0,1,0,0,0,0,0,0,1,0,0,0,0,1,0,1,0,0,0,0,0,0,1,0,0,0,1,0,0,0,1,0,0,0,0,0,0,0,0,0,0,0,0,0,1,0,0,0,0,0,0,0,0,0,0,0,0,0,0,0,0,0,0,0,0,0,0,0,0,0,0,0,0,0,0,0,0,0,0,0,0,0,0,0,0,0,1,0,0,0,0,0,0,0,0,0,0,0,0,0,0,0,0,0,0,0,0,0,0,0,0,0,0,2,0,0,0,0,0,0,0,0,0,0,0,1,0,0,0,0,0,1,1,0,0,0,0,0,0,0,0,0,0,0,0,0,0,0,0,0,0,0,0,0,0,1,0,0,0,0,0,1,0,0,0,0,0,1,0,0,0,0,1,0,0,0,0,0,0,0,0,0,0,0,0,0,0,0,0,0,0,0,0,0,1,0,0,0,0,0,0,0,0,0,0,0,0,0,0,0,0,0,0,0,0,0,0,0,1,0,0,0,0,0,0,0,0,0,0,0,0,0,0,0,0,0,0,0,1,0,0,0,0,0,1,0,0,0,0,0,0,0,0,0,1,0,0,0,0,0,0,0,0,0,0,0,0,0,0,0,0,0,0,0,0,0,0,0,0,1,0,0,0,0,0,0,0,0,0,0,0,0,0,0,0,0,0,0,0,0,0,0,0,0,1,0,0,0,0,0,0,0,0,0,0,0,0,0,0,1,0,0,0,2,1,0,0,1,0,0,0,1,0,0,0,0,0,0,0,0,0,0,0,0,0,0,0,0,0,0,0,0,0,0,0,0,0,0,0,0,0,0,0,0,0,0,0,0,0,0,0,0,0,0,0,0,0,0,0,0,0,0,0,0,0,2,0,0,0,0,0,0
Chrm3,0,10,0,0,0,1,0,0,1,0,0,0,3,0,0,1,0,1,0,0,0,0,0,0,1,1,0,1,0,0,0,0,1,0,0,0,1,0,0,2,1,1,0,1,0,2,1,0,0,0,3,0,0,2,0,0,0,0,1,0,0,0,0,0,0,1,0,0,0,0,0,0,0,0,0,0,1,0,0,0,0,0,0,0,0,0,0,0,0,0,0,0,0,0,0,0,0,0,0,0,0,0,0,0,0,0,0,0,0,1,0,0,0,0,0,0,0,0,1,1,0,0,0,0,1,1,0,0,0,0,0,0,0,0,0,0,0,1,0,0,0,1,1,0,0,0,1,0,0,0,0,0,0,0,0,0,0,2,0,0,1,5,4,1,0,2,0,0,1,0,0,0,0,0,0,0,0,1,0,0,0,0,0,2,0,0,0,1,0,1,0,0,0,0,0,0,0,0,0,0,0,0,0,0,0,0,0,0,0,0,0,2,0,0,0,0,0,0,0,0,0,0,0,0,0,0,0,0,1,1,0,0,1,0,1,0,0,0,0,0,1,3,0,0,0,0,0,0,0,1,0,0,0,0,0,0,0,0,0,1,0,0,0,0,0,0,0,1,0,0,0,0,0,1,0,1,1,1,0,0,1,0,0,1,1,2,0,1,0,0,0,0,0,0,0,0,0,0,0,0,0,0,0,0,0,0,1,0,0,0,0,0,1,0,0,0,0,0,0,0,0,0,0,2,2,0,0,3,0,0,0,0,0,0,0,0,0,0,0,0,0,1,0,0,0,0,0,0,1,4,0,2,0,0,0,0,0,1,0,0,0,0,0,0,0,0,0,1,0,0,0,0,0,0,0,0,1,0,0,0,0,0,0,0,1,0,0,0,0,0,0,2,0,0,1,1,0,0
Neil1,0,0,0,0,1,0,0,0,0,0,1,0,2,1,0,0,0,0,0,0,0,2,0,1,1,0,1,0,2,1,0,1,0,0,0,1,0,0,1,0,1,0,0,0,0,0,0,0,0,0,1,1,0,0,0,0,0,0,0,0,0,1,1,0,0,0,0,0,0,1,0,0,0,0,0,0,1,1,2,0,0,1,0,0,1,0,0,0,0,0,0,0,0,0,0,0,0,0,0,0,0,0,0,0,0,0,0,0,0,0,0,0,0,0,0,1,0,0,0,0,0,0,0,0,0,0,0,0,0,0,0,0,0,0,0,0,1,0,0,0,0,0,0,0,0,0,0,0,0,0,0,1,2,1,0,0,0,0,0,0,1,0,1,0,0,0,0,0,0,0,0,1,1,0,0,0,0,0,1,0,1,0,0,0,0,2,0,2,0,0,0,0,0,0,0,0,0,0,0,0,0,0,1,0,0,1,0,1,0,0,0,0,0,0,0,0,1,0,0,0,0,0,0,0,0,0,1,3,0,0,0,0,0,0,0,0,0,0,0,0,1,1,0,0,0,0,0,1,0,0,1,0,0,0,0,0,0,0,0,0,0,0,0,0,0,0,0,1,0,0,0,0,0,0,1,0,0,0,0,0,0,2,0,0,0,0,2,2,0,0,0,1,0,0,0,0,0,0,0,0,0,0,0,0,0,0,0,0,0,0,0,0,1,0,0,0,0,0,0,0,0,0,0,0,0,0,0,1,1,0,0,0,0,0,0,0,0,0,2,1,0,1,0,1,1,0,0,0,0,0,0,0,0,0,1,1,0,0,0,0,0,0,1,0,0,0,0,0,0,0,0,1,0,0,0,0,1,1,0,0,0,0,0,0,0,2,0,0,0,0,1,2,0,0,0,0,0,0
St6galnac3,1,0,1,1,0,1,0,0,1,0,0,0,2,0,0,0,0,0,0,0,0,2,1,0,0,3,0,0,0,0,0,0,1,0,0,1,2,0,0,1,1,0,0,0,0,2,0,0,0,0,1,0,0,0,0,0,0,0,0,0,0,0,0,0,0,0,1,1,0,0,0,0,0,0,0,0,0,1,1,1,0,0,0,1,0,0,0,0,0,0,0,0,0,1,0,0,0,1,0,0,0,0,0,0,0,0,0,1,0,0,0,0,0,0,0,0,0,0,1,0,0,0,0,0,0,0,0,1,0,1,0,0,0,0,0,0,0,0,0,0,1,1,0,0,0,1,0,0,0,2,0,0,0,0,0,0,0,0,1,1,0,0,0,1,0,0,1,1,0,0,0,0,2,4,0,0,0,1,0,0,0,1,0,0,0,0,0,0,1,0,0,0,0,0,1,1,0,0,0,0,0,2,1,1,0,1,0,1,0,0,0,0,0,0,0,0,0,0,0,0,0,0,0,0,0,0,0,1,0,2,0,0,0,1,1,0,0,0,0,0,2,0,0,0,1,0,0,0,0,0,1,0,1,0,0,0,0,0,0,0,0,0,0,0,0,0,0,0,0,0,0,0,0,0,1,0,0,0,0,0,0,0,0,0,0,0,0,1,0,0,2,0,1,0,0,0,0,0,0,0,0,0,0,0,0,0,0,0,0,0,0,0,0,0,0,0,0,0,0,0,0,0,0,0,0,0,0,0,2,0,0,0,0,0,0,1,0,0,2,2,0,1,1,1,0,0,0,0,1,0,0,0,0,1,2,0,0,0,0,1,1,0,0,0,0,1,0,0,0,0,0,0,0,0,0,0,0,0,0,0,0,0,3,0,0,1,0,0,0,0,0,0,2,0,0,0,0,0
Fgfr3,16,8,25,9,32,17,21,16,9,20,16,0,18,11,12,8,8,6,11,3,1,2,1,17,10,8,18,6,15,9,13,7,24,1,1,12,16,4,1,18,32,7,4,12,8,15,0,5,2,22,34,26,15,12,6,0,25,13,5,1,0,4,5,8,7,3,2,4,4,4,0,2,6,13,9,15,13,7,4,7,3,10,4,3,4,5,3,0,3,4,0,0,16,8,5,4,8,9,8,1,1,1,1,5,5,1,1,2,5,7,1,1,3,3,4,6,5,4,10,8,3,6,3,2,2,4,3,1,3,2,0,5,1,0,1,1,8,10,0,1,1,5,7,9,7,5,6,5,10,6,12,4,8,5,3,13,1,7,10,2,8,1,6,10,1,9,4,3,8,7,0,5,19,7,2,0,9,4,13,0,9,2,1,12,2,7,4,7,4,3,5,1,6,0,4,5,0,7,6,7,4,11,6,17,11,10,9,7,4,7,12,7,2,6,10,9,6,3,8,0,8,3,3,1,3,13,9,17,7,6,8,1,7,3,5,4,1,14,8,9,12,11,3,3,6,7,10,11,3,10,10,4,5,0,5,8,6,0,3,10,1,2,1,1,4,1,1,7,1,1,4,8,7,4,5,10,6,10,1,16,6,6,0,6,9,11,19,4,3,2,4,7,1,4,2,1,2,0,4,2,9,1,1,5,1,1,1,1,1,2,2,3,1,0,0,0,6,2,0,1,0,0,0,8,16,15,3,13,9,4,1,11,0,6,2,10,2,0,12,11,13,2,5,8,4,10,1,0,16,7,2,7,0,20,11,5,1,3,0,6,6,1,5,5,3,12,5,1,8,1,0,2,2,2,0,1,2,11,9,12,0,5,9,3,3,7,3,3,10,2,7,16,6,2,5,4,2,5
Poln,0,0,0,0,0,1,0,1,0,0,0,0,1,0,0,0,0,0,0,0,0,0,0,0,0,0,0,0,0,0,0,0,0,0,0,0,0,0,0,0,0,0,0,0,0,0,0,0,0,0,0,0,0,0,0,0,0,0,0,0,0,0,0,0,0,0,0,0,0,0,0,0,0,0,0,0,0,0,0,0,0,0,0,0,0,0,0,0,0,0,0,0,0,0,0,0,0,0,0,0,0,0,0,0,0,0,0,0,0,0,0,0,0,0,0,0,0,0,0,0,0,0,0,0,0,0,0,0,0,0,0,0,0,0,0,0,0,0,0,0,0,0,0,0,0,0,0,0,0,0,0,0,0,0,0,0,0,0,0,1,0,0,0,0,0,0,0,0,0,0,0,0,0,0,0,0,0,0,0,0,0,0,0,0,0,0,0,0,0,0,0,0,0,0,0,0,0,0,0,0,0,0,0,1,0,0,0,0,0,1,0,0,0,0,0,0,0,0,0,0,0,0,0,0,0,0,0,0,0,0,0,0,0,0,0,0,0,0,0,0,0,0,0,0,0,0,0,0,0,0,0,0,0,0,0,0,0,0,0,0,0,0,0,0,0,0,0,0,0,0,0,1,0,0,1,0,0,0,0,0,0,0,0,0,0,0,0,0,0,0,0,0,0,0,0,0,0,0,1,0,0,0,0,0,0,0,0,0,1,0,0,0,0,0,0,0,0,0,0,0,0,0,0,0,0,0,0,0,1,0,0,0,0,0,0,0,0,0,0,1,0,0,0,0,1,0,0,0,0,0,0,0,0,0,0,0,0,0,0,0,0,0,0,0,0,0,0,0,0,0,0,0,0,0,0,0,0,0,0,0,0,0,1,0,0,0,0,0,0,0,0,0,0,0,0,0,0,0
Kcnj8,0,0,0,0,0,0,0,0,0,0,0,0,0,0,0,0,0,0,0,0,0,0,0,0,0,0,0,0,0,0,0,1,0,0,0,0,0,0,0,0,0,0,0,0,0,0,0,0,0,0,0,1,0,0,0,0,0,0,0,0,0,0,0,0,0,0,0,0,0,0,0,0,0,0,0,0,0,0,0,0,0,0,0,0,0,0,0,0,0,0,0,0,0,0,0,0,0,0,0,0,0,0,0,0,0,0,0,0,0,0,0,0,0,0,0,0,0,0,0,0,0,0,1,0,0,0,0,0,0,0,0,0,0,0,0,0,1,0,0,0,0,0,0,0,0,0,0,0,0,0,0,0,0,0,0,0,0,0,0,0,0,0,0,0,0,0,0,0,0,0,0,0,0,0,0,0,0,0,0,1,0,0,0,0,0,0,0,0,0,0,0,0,0,0,0,0,0,0,0,0,0,0,0,0,0,0,0,0,0,0,0,0,0,0,0,0,0,0,0,0,0,0,0,0,0,0,0,0,0,0,0,0,0,0,0,0,0,1,0,0,0,0,0,0,0,0,0,0,0,0,0,0,0,0,0,0,0,0,0,0,0,0,0,0,0,0,0,0,0,0,0,0,0,0,0,0,0,0,0,0,0,0,0,0,0,0,0,0,0,0,0,0,0,0,0,0,0,0,0,0,0,0,0,0,0,0,0,0,0,0,0,0,0,0,0,0,0,0,0,0,0,0,0,0,0,0,0,0,0,0,0,0,0,0,0,0,0,0,0,0,0,0,0,0,0,0,0,0,0,0,0,0,0,0,0,0,0,0,0,0,0,0,0,0,0,0,0,0,0,0,0,0,0,0,0,0,0,1,0,0,0,0,0,0,0,0,0,0,0,0,0,0,0,0,0,0,0,0
Rfc1,0,2,1,4,0,1,0,7,0,1,0,0,2,0,0,0,0,0,1,0,0,2,0,0,3,2,3,0,1,1,1,0,3,0,0,1,1,0,0,0,2,0,0,0,0,5,0,0,0,3,0,1,1,0,0,0,1,0,0,0,0,0,0,0,0,0,1,1,0,0,0,0,0,0,0,0,0,1,0,1,0,1,0,0,0,0,1,0,0,0,0,0,1,2,0,0,0,3,0,0,0,0,0,0,1,0,0,0,0,1,0,0,0,0,0,0,0,1,1,0,1,1,0,0,0,0,1,0,0,0,0,1,0,0,0,1,1,0,0,0,0,1,1,0,0,1,0,1,1,3,3,0,1,0,0,3,0,1,1,0,3,1,2,1,0,1,0,0,1,0,1,1,2,3,0,0,1,1,0,0,0,0,0,0,0,3,2,0,0,0,1,0,0,0,4,3,0,0,0,1,0,1,0,3,2,4,0,1,0,1,0,0,0,0,1,2,0,0,1,0,1,0,0,1,1,0,1,3,0,1,0,0,0,0,0,0,1,2,0,5,0,1,1,0,0,1,4,0,0,2,0,0,0,0,0,0,0,0,0,1,0,0,0,0,0,1,0,0,0,0,1,0,1,0,0,0,0,1,0,0,0,1,0,0,0,0,1,1,0,1,1,1,0,0,0,0,1,0,0,0,3,1,0,0,0,0,1,0,0,1,1,0,0,0,0,0,0,0,0,0,0,0,0,0,2,3,0,1,1,0,0,4,0,0,0,2,0,0,2,2,0,0,0,0,1,2,0,0,1,2,0,1,0,2,0,0,0,2,0,0,0,1,1,1,0,0,0,0,0,0,0,1,0,0,0,0,1,0,1,0,0,0,1,0,0,1,0,1,0,0,0,0,0,0,0,0,0,0
Xrcc1,0,0,0,0,0,0,2,0,0,0,0,0,0,0,0,0,0,0,0,1,0,1,0,0,0,0,0,0,0,1,0,0,1,0,0,0,0,0,0,0,1,0,0,1,0,0,0,0,0,0,0,0,1,0,0,0,0,0,0,0,0,0,0,0,0,0,0,0,0,0,0,0,0,1,0,0,1,1,0,0,0,0,0,0,0,0,0,0,0,0,0,0,0,0,0,0,0,1,0,0,0,0,0,0,0,0,0,0,0,0,0,1,0,1,0,1,0,0,0,0,0,0,0,0,0,0,0,0,0,0,0,1,0,0,0,0,0,0,0,0,0,0,0,0,0,0,0,0,0,0,0,0,0,0,0,0,0,0,0,0,1,0,0,0,0,0,0,1,0,0,0,0,0,0,0,0,0,0,1,0,1,0,0,0,0,0,0,1,0,0,0,0,0,0,0,0,0,0,0,0,0,0,1,0,1,0,0,0,0,0,0,1,0,0,0,0,0,0,0,0,0,0,0,0,0,0,0,0,0,0,0,0,0,0,2,0,0,0,0,0,0,0,0,0,0,0,0,0,0,0,0,0,0,0,1,0,0,0,0,0,0,0,0,0,0,0,0,0,0,1,0,0,0,0,1,0,0,0,0,0,1,0,0,0,0,0,0,0,0,0,0,0,0,0,0,0,0,0,0,0,0,0,0,0,0,0,0,0,0,0,0,0,0,0,0,0,0,0,0,0,0,0,0,0,0,0,0,0,0,0,0,0,0,0,0,1,0,0,0,0,1,0,0,1,0,0,0,0,0,0,0,0,0,1,0,0,0,0,0,0,0,0,1,1,0,0,0,0,0,0,0,0,0,0,0,0,0,0,0,0,0,0,0,0,0,0,0,1,0,0,0,0,0,0,0,0,0,0
Zim1,0,0,0,0,0,0,0,0,0,0,0,0,0,0,0,0,0,0,0,0,0,0,0,0,0,0,0,0,0,0,0,0,0,0,0,0,0,0,0,0,0,0,0,0,0,0,0,0,0,0,0,0,0,0,0,0,0,0,0,0,0,1,0,0,0,0,0,0,0,0,0,0,0,0,0,0,0,0,0,0,0,0,0,0,0,0,0,0,0,0,0,0,0,0,0,0,0,0,0,0,0,0,0,0,0,0,0,0,0,0,0,0,0,0,0,0,0,0,0,1,0,0,0,0,0,0,0,0,0,0,0,0,0,0,0,0,0,0,0,0,0,1,0,0,0,0,0,0,0,0,0,0,0,0,0,0,0,0,0,0,0,0,0,0,0,0,0,0,0,0,0,0,0,1,0,0,0,0,0,0,0,1,0,0,0,1,0,0,0,0,0,0,0,0,0,0,0,0,0,0,0,0,0,0,0,0,0,0,0,0,0,0,0,0,0,0,0,0,0,0,0,0,0,0,0,0,0,0,0,0,0,0,0,0,0,0,0,0,0,0,0,0,0,0,0,0,0,0,0,0,0,0,0,0,0,0,0,0,0,0,0,0,0,0,0,0,0,0,0,0,0,0,0,0,0,0,0,0,0,0,0,0,0,0,0,0,0,0,0,0,0,0,0,0,0,0,0,0,0,0,0,0,0,1,0,0,0,0,0,0,0,0,0,0,0,0,0,0,0,0,0,0,0,0,0,0,0,0,0,0,0,0,0,0,0,0,0,0,0,0,0,0,0,0,0,0,0,0,0,0,0,0,0,0,0,0,0,0,0,0,0,0,0,0,0,0,0,0,0,0,0,0,0,0,0,0,0,0,0,0,0,0,0,0,0,0,0,0,0,0,0,0,0,0,0,0,0,0
Mobp,1,1,5,8,2,11,6,8,1,6,4,1,8,1,7,4,14,9,4,0,1,2,0,2,1,2,0,0,0,12,10,11,12,0,0,0,25,0,0,13,14,7,0,2,9,1,2,0,1,2,10,15,9,4,0,0,15,2,0,0,0,3,0,1,0,0,0,0,0,17,0,0,6,5,8,8,6,1,3,2,0,10,0,0,0,0,0,0,0,0,0,3,3,5,4,0,1,2,8,2,0,0,1,0,3,11,17,20,10,8,0,6,0,3,3,0,3,0,6,0,1,4,1,11,8,0,8,1,2,8,0,24,1,0,1,1,3,1,4,0,4,0,1,2,0,1,0,0,0,0,0,11,1,1,0,8,0,1,0,2,1,1,0,1,0,11,1,2,35,2,0,9,13,1,0,0,10,5,10,0,1,1,0,0,0,0,10,2,7,9,11,0,6,2,10,7,3,9,1,4,8,7,34,12,14,7,5,2,0,2,3,7,3,13,5,6,2,2,4,2,2,1,0,0,7,3,0,1,5,6,1,0,5,18,7,10,3,4,12,2,15,5,0,2,12,5,4,5,1,0,7,1,5,2,2,2,3,1,2,2,1,1,0,0,18,8,7,3,7,0,5,3,0,4,4,0,0,1,5,4,1,1,0,4,5,2,0,0,0,0,5,1,0,0,4,0,0,0,1,3,1,5,0,4,4,2,4,4,0,0,1,1,5,2,2,4,2,2,3,0,7,0,0,2,4,6,0,0,0,12,0,2,0,1,0,12,0,1,1,4,1,1,2,10,3,0,5,1,7,7,0,0,0,5,3,3,2,0,0,8,0,6,0,0,0,5,3,10,3,1,0,0,1,1,0,0,0,1,7,6,8,6,3,0,5,1,22,17,9,1,3,5,1,0,1,2,0,0
Olfr111,1,0,0,0,0,0,1,0,0,0,0,0,0,0,0,0,0,0,0,0,0,0,0,0,0,0,0,0,0,1,0,0,0,0,0,1,1,0,0,0,1,0,0,0,0,0,0,0,0,0,1,0,0,0,0,0,1,0,0,0,0,0,0,0,0,0,0,0,0,0,0,0,0,0,0,1,0,0,0,0,0,0,0,0,0,0,0,0,0,0,0,0,0,2,0,0,3,0,0,0,0,0,0,0,0,0,0,0,2,0,0,0,1,0,0,0,0,0,1,0,0,2,0,0,0,0,0,1,0,1,0,0,0,0,0,0,0,0,0,0,0,0,1,0,0,0,0,1,3,0,0,0,0,0,0,0,0,0,0,1,0,0,2,0,0,0,0,0,0,0,0,0,1,1,0,0,0,1,0,0,0,0,0,0,0,0,0,0,0,0,0,0,1,0,0,0,1,0,0,0,0,1,0,0,0,0,0,0,0,0,0,1,0,0,0,0,0,0,0,0,0,0,0,0,0,0,0,0,0,0,1,0,0,0,0,0,0,1,0,0,0,0,0,0,1,0,0,0,0,0,0,0,0,0,0,0,0,0,0,0,0,0,0,0,0,0,0,0,0,0,0,0,0,1,0,0,0,0,0,0,0,0,0,0,1,0,0,0,0,0,0,0,0,0,0,0,1,0,0,0,0,0,0,0,0,0,0,0,0,0,0,0,0,0,0,0,0,0,1,0,0,0,0,0,0,0,0,0,0,0,0,0,0,0,0,0,0,0,0,0,0,0,0,0,0,1,0,0,0,0,0,0,0,0,0,0,0,0,0,0,0,0,0,0,0,0,0,0,0,1,0,0,0,0,0,0,0,0,0,0,0,0,0,0,0,0,0,0,0,0,0,1,0,0,0,0,0,0
Cck,1,2,3,0,1,0,0,0,1,1,2,0,1,1,1,0,0,0,0,0,0,0,0,0,0,1,2,0,0,0,0,0,4,0,0,1,1,1,1,0,0,0,0,0,2,1,0,0,0,0,0,0,1,0,0,0,1,1,1,0,0,1,0,1,0,0,0,1,0,0,0,0,0,0,1,0,0,0,0,0,1,1,0,0,0,0,0,0,0,0,0,0,1,1,0,0,0,0,1,0,0,0,1,0,0,1,0,0,0,1,1,1,1,0,0,0,0,0,1,0,0,0,0,0,0,2,0,0,1,0,0,0,0,0,0,0,0,1,0,0,1,3,0,0,0,0,0,0,3,0,0,0,0,0,1,1,0,3,0,0,0,1,0,0,0,1,1,1,2,1,0,0,1,1,1,0,0,0,2,0,2,0,0,1,0,0,0,1,0,0,0,0,1,0,0,0,1,2,0,0,0,0,1,1,0,1,0,0,0,0,0,0,0,0,0,0,0,1,0,0,0,0,0,0,0,0,0,0,1,1,0,0,1,0,3,0,0,1,1,1,1,1,0,0,1,1,0,0,0,1,0,0,0,0,0,1,1,1,1,0,0,0,0,0,1,0,0,0,0,0,0,0,0,0,0,0,1,0,0,0,1,0,0,0,1,0,0,0,2,0,1,0,0,0,0,0,0,0,1,0,1,0,0,0,0,0,0,0,0,0,0,0,0,0,0,0,0,0,0,0,0,0,0,0,1,2,0,0,0,1,2,2,0,1,0,0,0,1,0,0,0,0,1,0,1,1,0,0,1,3,0,0,0,2,0,0,0,0,0,0,0,0,0,0,0,0,1,1,0,0,0,0,0,0,0,0,0,0,1,0,0,0,0,0,0,0,0,0,0,0,2,0,1,0,0,1,0,0
Htr3a,0,0,0,0,0,0,0,0,0,0,0,0,0,1,0,0,0,0,0,0,0,0,0,0,0,0,0,0,0,0,0,0,0,1,0,0,0,0,0,0,0,0,0,0,0,2,0,1,0,3,0,0,0,0,1,0,0,0,0,0,0,0,0,0,0,0,0,0,0,0,0,0,0,0,0,0,0,0,0,0,0,0,1,0,0,0,0,0,0,0,0,0,0,0,0,0,0,0,0,0,0,0,0,0,0,0,0,0,0,0,0,1,0,0,0,0,0,0,0,0,0,0,0,0,0,0,0,0,0,0,0,0,0,0,0,0,0,0,0,0,0,0,0,0,0,0,0,0,0,0,0,0,0,0,0,0,0,0,1,0,0,0,0,0,0,0,0,0,1,0,0,0,0,0,0,0,0,0,0,0,0,0,0,0,0,1,0,0,0,0,0,0,0,0,0,0,0,0,0,0,0,0,0,0,0,0,0,0,0,0,1,0,0,0,0,0,0,0,0,0,0,0,0,0,0,1,0,0,0,0,0,0,0,0,0,0,0,1,0,0,0,0,0,0,0,0,0,0,0,1,0,1,0,0,1,0,0,0,0,1,1,0,0,0,0,0,0,0,0,0,1,0,0,0,0,0,0,0,0,0,0,0,0,0,1,0,0,0,0,0,0,0,0,0,0,0,0,0,0,0,0,0,0,0,0,0,0,0,0,0,0,0,0,0,0,0,0,0,0,0,0,0,0,0,0,0,1,0,0,0,0,0,0,0,0,0,0,0,0,0,0,0,0,0,0,0,0,0,0,0,0,0,0,1,0,0,0,0,0,0,0,0,0,0,0,0,0,0,0,0,0,0,0,0,0,0,0,0,0,0,0,0,0,0,0,0,0,0,0,0,0,0,0,0,0,0,0,0
Dock6,2,1,0,0,0,0,0,0,0,0,0,0,0,0,0,0,0,0,0,0,0,0,0,0,0,0,0,0,0,0,0,0,0,0,0,0,0,0,0,0,0,0,0,0,0,1,0,0,0,0,0,0,0,0,0,0,0,0,0,0,0,0,0,0,1,0,0,0,0,0,0,0,0,0,0,0,0,0,0,0,0,0,0,0,0,0,0,0,0,0,0,0,0,0,0,0,0,0,0,0,0,0,0,0,0,0,0,0,0,0,0,0,0,0,1,0,0,0,0,0,1,0,0,0,0,0,0,0,0,0,0,0,0,0,0,0,0,0,0,0,0,0,0,0,0,0,0,0,1,0,2,0,0,0,0,0,1,0,0,0,0,0,0,0,0,0,0,0,0,0,0,0,1,1,0,0,1,0,0,0,0,0,0,0,0,1,0,0,1,0,0,0,0,0,0,0,0,0,0,0,0,0,0,0,0,0,0,0,0,0,0,0,0,0,0,0,0,0,1,0,0,0,0,0,0,0,1,0,0,0,0,0,0,0,0,0,0,0,0,1,0,0,0,0,0,0,0,0,0,0,0,0,0,0,0,0,0,0,0,0,0,0,0,0,0,0,0,0,0,0,1,0,1,0,0,0,0,0,0,0,0,0,0,0,0,0,0,0,0,0,0,0,0,0,0,0,0,0,0,0,2,0,0,0,0,0,0,0,0,0,0,0,0,0,0,0,0,0,0,0,0,0,0,0,0,0,0,0,0,0,0,0,0,0,0,0,0,0,0,0,0,0,0,0,0,0,0,0,0,0,0,0,0,0,0,0,0,0,0,0,0,0,0,0,0,0,0,0,0,0,0,0,0,0,0,0,0,0,0,0,0,0,0,0,0,0,0,0,0,0,0,1,0,0,0,0,0,0
Chrna5,0,0,0,0,0,0,0,0,0,0,0,0,0,0,0,0,0,0,0,0,0,1,0,0,1,0,0,0,0,1,1,0,1,0,0,0,0,0,0,0,0,0,0,0,0,0,0,0,0,1,0,0,0,1,0,0,0,0,0,0,0,0,0,0,0,0,0,0,0,0,0,0,0,0,0,0,0,0,0,0,0,0,0,0,0,0,0,0,0,0,0,0,0,0,0,0,0,0,0,0,0,0,0,0,0,0,0,0,0,0,0,0,0,0,0,0,0,0,1,0,0,0,0,0,0,0,0,0,0,0,0,0,0,0,0,0,0,0,1,0,0,0,0,0,0,0,0,0,0,0,0,0,0,0,0,0,0,1,0,0,0,0,0,0,0,0,0,0,0,0,0,0,0,0,0,0,0,0,0,0,0,0,0,0,0,0,0,0,0,0,0,0,0,0,0,0,0,0,0,0,0,0,0,1,0,0,0,0,0,0,0,0,0,0,0,0,0,0,0,0,0,0,0,0,0,0,0,0,0,0,0,0,0,0,0,0,0,0,0,0,0,0,0,0,0,0,0,0,0,0,0,0,0,0,0,0,0,0,0,0,0,0,0,0,0,0,0,0,0,0,0,0,0,0,0,0,0,0,0,0,0,0,0,0,0,0,0,0,0,0,0,0,0,0,0,0,0,0,0,0,0,0,0,0,0,0,1,0,0,0,0,0,0,0,0,0,0,0,0,0,0,0,0,0,0,0,0,0,0,0,0,0,0,0,0,0,0,0,0,0,0,0,0,0,0,0,0,0,0,0,0,0,0,1,0,0,0,0,0,0,0,0,0,0,0,0,1,0,0,0,0,0,0,0,0,0,0,0,0,0,0,0,0,0,0,1,0,0,0,0,0,0,0,0,0,0,0,0
Itga7,2,0,0,2,0,1,0,0,0,1,1,0,0,0,0,0,0,1,1,1,0,0,0,0,1,0,0,0,0,3,0,0,0,0,0,0,0,1,0,1,1,0,0,0,1,4,0,1,0,1,1,1,2,1,0,0,1,3,0,0,0,2,0,1,0,0,0,0,0,0,0,0,0,0,3,3,0,2,0,1,0,0,0,0,0,0,1,0,0,0,0,0,1,0,0,1,3,0,1,0,0,0,0,0,1,1,0,0,1,0,0,0,1,1,0,0,0,0,0,0,0,0,0,0,2,0,0,0,0,1,0,0,0,0,0,0,0,0,0,1,1,1,0,0,0,0,0,0,1,3,2,0,1,0,0,0,0,2,0,0,0,0,1,0,0,0,0,0,1,0,0,0,1,0,1,0,0,0,0,0,0,1,0,0,0,0,0,1,0,1,0,0,0,0,0,2,0,0,0,1,0,0,0,1,1,1,0,0,0,1,0,2,0,1,1,2,3,0,1,0,0,1,0,0,0,0,1,1,0,1,1,0,0,0,0,0,0,1,0,0,0,0,2,0,0,0,1,0,2,0,0,0,0,0,2,0,1,0,1,1,0,0,1,0,1,0,0,1,0,0,0,1,0,0,1,2,0,2,0,2,0,0,0,0,1,0,0,0,0,0,1,0,0,0,0,0,0,1,0,0,0,0,0,1,0,1,0,0,0,0,1,0,0,1,0,0,2,0,1,0,0,0,0,1,1,1,0,0,1,0,0,0,0,0,0,1,0,0,0,1,0,0,1,1,2,0,0,0,0,0,0,0,0,1,1,0,1,1,0,0,2,0,0,0,0,1,2,0,0,0,0,0,0,0,0,0,0,0,0,1,0,0,0,0,0,0,0,1,0,0,0,0,2,0,2,0,0,0
Drd1,0,0,0,0,0,1,0,0,0,0,0,0,0,0,0,0,0,0,0,0,0,0,0,0,0,1,0,0,0,1,0,0,0,0,0,0,0,0,0,0,0,0,0,0,0,0,0,0,0,0,0,0,0,0,0,0,0,0,0,1,0,0,0,0,0,0,0,0,0,0,0,0,0,0,0,0,0,0,0,0,0,0,1,0,0,0,0,0,0,0,0,0,0,0,0,0,0,0,0,0,0,0,0,0,0,0,0,0,0,1,0,0,0,0,0,0,0,0,0,0,0,1,0,0,0,0,0,0,0,0,0,1,0,0,0,0,0,0,0,0,0,0,0,0,0,0,0,0,0,0,0,0,0,2,0,0,0,0,0,0,0,0,0,0,0,0,0,0,1,0,0,0,0,0,0,0,0,0,0,0,0,0,0,0,0,0,0,0,0,0,0,0,0,0,1,0,0,0,0,1,0,0,0,0,0,0,0,0,0,0,0,0,0,0,0,1,0,0,0,0,0,0,0,0,0,0,0,0,0,0,0,1,0,0,0,0,0,0,0,0,0,0,0,0,0,1,0,1,0,0,0,0,0,0,0,0,0,0,0,0,0,0,0,0,0,0,0,0,0,0,0,0,0,0,0,0,0,0,0,0,0,0,0,0,0,0,0,0,0,0,0,0,0,0,0,0,0,0,0,0,0,0,0,1,0,0,0,0,0,0,0,0,0,0,0,0,0,0,0,0,0,0,0,0,1,0,0,0,0,0,0,0,0,0,0,0,0,0,0,0,0,0,0,0,0,0,0,0,0,0,0,0,0,0,0,0,0,0,0,0,0,0,1,0,0,0,0,1,0,0,0,0,0,0,0,0,0,0,0,0,0,0,0,0,0,0,1,0,0,2,0,0,0,0,0,0,0,0
Ndst2,0,0,2,0,4,1,1,0,0,1,1,0,0,0,0,0,2,2,0,0,0,1,0,0,2,2,1,0,0,1,0,2,2,2,0,0,0,3,0,1,0,0,0,0,0,1,0,1,0,1,0,1,0,0,1,0,0,0,0,2,0,0,0,1,0,1,0,0,0,0,0,0,1,1,2,0,3,0,0,1,0,1,1,0,0,0,0,0,2,1,0,0,0,1,0,0,0,0,0,0,0,0,0,1,0,0,0,0,1,0,0,1,2,2,1,1,0,0,1,0,0,1,0,0,0,0,1,1,0,1,0,0,0,0,1,0,0,2,0,0,0,1,0,1,2,0,1,0,2,2,1,0,3,0,0,0,0,0,1,0,1,0,3,1,0,0,0,0,0,0,0,0,0,3,0,0,0,2,1,0,0,1,0,2,0,1,1,0,0,0,0,0,0,0,0,1,0,2,1,1,0,0,2,0,0,0,0,0,1,2,1,0,0,1,1,0,1,0,0,0,0,0,0,0,1,3,1,0,1,0,3,0,0,1,2,1,0,0,2,1,1,1,0,0,0,0,0,0,0,0,0,0,0,0,2,0,0,0,0,0,2,0,0,0,0,1,0,0,1,0,1,0,0,0,1,0,0,0,0,0,0,0,0,0,1,0,0,1,0,0,1,0,1,0,0,0,0,3,1,0,0,0,0,1,2,0,0,3,0,1,0,0,0,0,0,0,0,0,0,0,0,0,0,1,1,0,0,0,1,0,0,2,0,0,0,0,0,0,0,0,1,0,1,0,0,2,0,0,0,1,0,0,0,0,1,1,0,0,0,0,0,0,0,0,0,1,0,0,1,1,0,0,0,0,0,0,0,0,2,0,0,1,1,1,0,1,1,1,0,1,0,0,2,0,1,3,0,2
Matn2,0,0,0,0,0,1,0,2,0,0,1,0,0,0,0,0,0,0,0,0,0,3,0,0,0,0,0,1,0,1,0,0,0,0,0,0,3,0,0,0,0,0,0,0,0,2,0,0,0,0,1,0,0,0,0,0,0,0,0,0,0,0,0,0,0,0,1,0,0,0,0,0,0,0,0,0,0,0,0,0,0,0,1,0,0,0,0,0,0,0,0,0,0,0,0,0,1,0,0,0,0,0,0,0,0,0,0,0,0,0,0,0,0,0,0,0,0,0,0,0,0,0,0,0,0,2,0,0,0,0,0,0,0,0,0,0,0,0,0,0,0,0,0,0,0,0,0,2,0,2,0,0,0,1,0,1,0,0,1,0,0,0,0,0,0,0,0,0,1,0,0,0,1,1,1,0,1,0,1,0,1,0,0,0,1,0,0,0,0,1,0,0,0,0,0,0,0,0,0,0,0,1,0,0,0,0,0,0,0,0,0,0,0,0,0,1,1,0,0,0,0,0,0,0,0,0,0,0,0,0,0,0,0,0,0,0,0,0,0,0,1,0,0,0,0,0,0,0,0,0,0,0,0,0,0,0,0,1,0,1,0,0,0,0,0,0,0,1,0,0,0,0,0,0,1,0,0,0,0,1,0,0,0,0,0,1,2,0,0,0,0,0,0,0,0,0,0,0,0,0,0,0,1,0,0,0,0,0,0,0,1,0,0,0,0,0,0,0,0,0,0,0,0,0,0,0,0,0,0,0,0,0,0,0,0,0,0,0,0,0,0,0,0,0,0,0,0,0,0,1,0,0,0,0,0,0,0,1,0,0,0,0,0,1,0,1,0,1,0,0,0,0,0,0,0,0,0,0,0,0,0,0,0,0,0,3,0,0,0,0,0,0,1,0,0,0,0,0
Cdh9,0,0,0,0,0,0,0,0,0,0,0,0,0,0,0,0,0,0,0,1,0,1,0,0,0,0,0,0,0,0,0,0,0,0,0,0,0,0,0,0,0,0,0,0,0,0,0,0,0,0,0,0,0,0,0,0,0,0,0,0,0,0,0,0,0,0,0,0,0,0,0,0,0,0,0,0,0,0,0,0,0,0,0,0,0,0,0,0,0,0,0,0,0,0,0,0,0,0,0,0,0,0,0,0,0,0,0,0,0,0,0,0,0,0,0,0,0,0,0,0,0,0,0,0,0,0,0,0,0,0,0,0,0,0,0,0,0,0,0,0,0,0,0,0,0,0,0,0,0,0,0,0,0,0,0,0,0,0,0,0,0,0,0,0,0,0,0,0,0,0,0,0,0,0,0,0,0,0,0,0,0,0,0,0,0,0,0,0,0,0,0,0,0,0,0,0,0,0,0,0,0,0,0,0,0,0,0,0,0,0,0,0,0,0,0,0,0,0,0,0,0,0,0,0,0,0,0,0,0,0,0,0,0,0,0,0,0,0,0,0,0,0,0,0,0,0,0,0,0,0,0,0,0,0,0,0,0,0,0,0,0,0,0,0,0,0,0,0,0,0,0,0,0,0,0,1,0,0,0,0,0,0,0,0,0,0,0,0,0,0,0,0,0,0,0,0,0,0,0,0,0,0,0,0,0,0,0,0,0,0,0,0,0,0,0,0,0,0,0,0,0,0,0,0,0,0,0,0,0,0,0,0,0,0,0,0,0,0,0,0,0,0,0,0,0,0,0,0,0,0,0,0,0,0,0,0,0,0,0,0,0,0,0,0,0,0,0,0,0,0,0,0,0,0,0,0,0,0,0,0,0,0,0,0,0,0,0,0,0,0,0,0,0,0,0,0,0,0
Ppp1r1a,1,5,0,1,0,1,0,0,2,3,1,0,3,1,1,0,1,0,0,0,0,0,0,0,0,1,3,0,1,0,1,4,4,0,0,0,1,1,2,3,5,1,0,1,3,6,0,0,0,3,4,0,5,0,1,0,0,0,1,0,0,1,0,0,1,0,0,0,0,0,0,0,1,1,1,2,2,0,0,6,0,2,0,0,0,1,1,1,2,1,0,0,2,2,0,0,2,2,0,0,0,0,2,1,1,1,0,0,0,1,0,3,0,0,0,0,5,1,0,1,0,1,0,1,2,2,0,0,0,0,0,1,0,0,0,0,0,0,0,1,1,2,1,0,1,0,1,1,5,1,2,0,0,0,1,0,0,1,3,0,3,2,3,2,1,2,3,3,2,0,0,1,3,0,2,0,0,0,0,0,0,1,0,0,2,2,0,1,3,0,0,1,0,0,1,1,0,0,0,1,0,1,3,1,0,2,2,0,0,0,0,1,0,0,0,0,0,0,0,0,0,0,0,0,2,0,0,1,3,0,2,0,3,1,1,1,0,0,0,1,0,0,1,0,0,0,0,1,0,2,2,2,1,0,2,0,0,0,1,0,2,0,0,0,1,1,0,0,0,0,0,0,0,0,2,0,1,0,0,0,2,0,0,0,1,1,0,0,0,1,0,0,2,0,0,0,0,0,0,0,2,2,0,1,0,0,1,0,0,1,0,0,0,0,0,0,0,0,0,0,0,0,0,2,0,0,0,0,4,1,0,2,0,0,0,0,0,0,0,0,0,2,1,0,0,1,0,0,0,3,0,2,0,0,0,0,0,1,0,0,0,1,0,0,0,1,0,3,0,0,0,0,0,0,0,0,0,1,1,0,1,0,0,0,1,1,0,1,0,0,2,0,1,1,1,0,0,0
St3gal1,0,0,0,0,0,1,0,0,1,0,0,0,0,0,0,0,2,0,0,1,0,0,0,0,0,0,0,0,0,0,0,0,0,0,0,0,0,0,0,0,0,0,0,0,0,0,0,0,0,0,0,1,0,0,0,0,0,0,0,0,0,0,0,0,0,0,0,0,0,0,0,0,0,0,0,0,0,0,0,0,0,0,0,0,0,0,0,0,0,0,0,0,0,1,0,0,0,1,0,0,0,0,0,0,0,0,1,0,0,0,0,0,0,0,0,0,0,0,0,0,0,0,0,0,0,0,0,0,0,0,0,0,0,0,0,0,0,0,0,0,0,0,0,0,0,0,0,0,1,0,0,0,0,0,0,0,0,0,1,0,0,0,1,0,0,0,0,0,1,0,0,0,0,0,0,0,0,0,0,0,0,1,0,0,0,0,0,0,0,0,0,0,0,0,0,0,0,0,0,0,0,0,0,0,0,0,0,0,0,0,0,0,0,0,0,1,0,0,0,0,0,0,0,0,0,0,1,0,0,0,1,0,0,0,0,0,0,0,0,1,0,0,0,0,0,0,0,0,0,0,0,0,0,0,0,0,0,0,0,0,0,0,0,0,0,0,0,0,0,0,0,0,0,0,0,0,0,0,0,0,0,0,0,0,0,0,0,0,0,0,0,0,0,0,0,0,0,1,0,0,0,0,0,0,0,0,0,0,0,0,0,0,0,0,0,0,0,0,0,0,0,0,0,0,1,0,0,0,0,0,0,0,0,0,0,0,0,0,0,0,0,0,0,0,0,0,0,0,0,0,0,0,0,0,0,0,0,0,0,1,0,0,0,0,0,0,0,0,0,0,0,0,0,0,0,0,0,0,0,0,0,0,0,0,0,0,0,0,0,0,0,0,0,0,0,1,0,0
Xrcc6,0,0,0,0,0,0,0,0,0,2,0,0,1,2,2,0,0,0,0,0,0,0,0,1,0,0,0,0,0,2,1,1,1,0,0,0,0,0,0,0,0,0,0,0,0,1,0,0,0,0,0,1,1,0,0,0,2,0,0,0,0,0,0,1,0,0,0,0,0,0,0,0,1,1,0,0,2,0,0,0,1,0,0,0,0,0,0,0,0,0,0,0,1,0,0,0,0,0,1,0,0,0,0,0,0,0,0,0,0,0,0,0,0,0,0,0,0,0,0,1,0,0,0,1,0,2,0,0,2,0,0,0,0,0,0,0,0,1,0,0,1,0,1,0,0,0,0,0,0,0,0,1,0,0,0,0,0,0,0,0,0,0,0,0,0,0,0,0,0,0,0,0,1,1,0,0,0,0,0,0,0,1,0,2,0,0,1,0,0,0,0,0,0,0,0,0,0,0,0,0,0,0,2,0,2,0,1,0,1,0,1,0,0,0,0,0,0,0,0,0,0,0,0,0,1,0,0,2,0,2,0,0,0,0,1,0,0,0,0,0,0,0,0,0,0,0,0,0,0,0,0,0,0,0,0,0,0,0,0,0,0,0,0,0,0,0,0,0,0,0,1,0,0,0,1,0,1,0,0,0,1,0,0,0,0,0,0,0,0,0,0,0,0,0,0,0,0,0,0,0,0,0,0,0,0,0,0,0,0,0,0,1,0,0,0,0,0,1,0,0,0,0,0,0,0,0,0,0,0,1,0,0,0,1,0,0,0,0,0,0,0,0,0,0,0,0,0,0,0,0,0,0,0,0,0,0,0,0,0,0,0,0,0,0,0,0,0,0,0,0,0,0,0,0,0,0,0,0,0,0,0,0,0,0,0,0,0,0,0,0,0,0,0,0,0,0,0,0
Slc38a4,0,0,0,0,0,0,0,0,0,0,0,0,0,0,0,0,0,0,0,0,0,0,0,0,0,0,0,0,0,0,0,0,0,0,0,0,0,0,0,0,0,0,0,0,0,0,0,0,0,0,1,0,0,0,0,0,0,0,0,0,0,0,0,0,0,0,0,0,0,0,0,0,0,0,0,0,0,0,0,0,0,0,0,0,0,0,0,0,0,0,0,0,0,0,0,0,0,0,0,0,0,0,0,0,0,0,0,0,0,0,0,0,0,0,0,0,0,0,0,0,0,0,0,0,0,0,0,0,0,0,0,0,0,0,0,0,0,0,0,0,0,0,0,0,0,0,0,0,0,0,0,0,0,0,0,0,0,0,0,0,0,0,0,0,0,0,0,0,1,0,0,0,0,0,0,0,0,0,1,0,0,0,0,0,0,0,0,0,0,0,0,0,0,0,0,0,0,0,0,0,0,0,0,0,0,0,0,0,0,0,0,0,0,0,0,0,0,0,0,0,0,0,0,0,0,0,0,0,0,0,0,0,0,0,0,0,0,0,0,0,0,0,0,0,0,0,0,0,0,0,0,0,0,0,0,0,0,0,0,0,0,0,0,0,0,0,0,0,0,0,0,0,0,0,0,0,0,0,0,0,0,0,0,0,0,0,0,0,0,0,0,0,0,0,0,0,0,0,0,0,0,0,0,0,0,0,0,0,0,0,0,0,0,0,0,0,0,0,0,0,0,0,0,0,0,0,0,0,0,0,0,0,0,0,0,0,0,0,0,0,0,0,0,0,0,0,0,0,0,0,0,0,0,0,0,0,0,0,0,0,0,0,0,0,0,0,0,0,0,0,0,0,0,0,0,0,0,0,0,0,0,0,0,0,0,0,0,0,0,0,0,0,0,0,0,0,0,0
Gtf2h2,0,0,0,0,0,0,0,1,0,0,0,0,0,0,1,0,0,0,0,0,0,0,0,0,0,0,0,0,0,1,0,1,1,0,0,1,1,0,0,0,0,0,0,1,0,0,0,0,0,0,0,0,0,0,0,0,0,0,0,0,0,0,0,1,0,0,0,1,0,0,0,0,1,0,0,0,0,0,0,0,0,0,0,0,0,0,0,0,0,0,0,0,0,0,0,0,0,1,0,0,0,0,0,0,0,0,0,0,0,0,0,0,0,0,0,1,0,0,0,0,0,0,0,0,0,0,0,0,0,0,0,0,0,0,0,0,0,0,0,0,0,0,0,0,0,0,0,0,0,0,0,0,0,0,0,0,0,0,0,0,1,0,0,0,0,0,0,0,0,0,0,0,0,0,0,0,0,0,0,0,0,0,0,0,0,0,0,0,0,0,0,0,0,0,0,0,0,0,0,0,0,0,0,0,1,0,0,0,0,0,0,0,0,0,0,1,0,0,0,0,0,0,0,0,0,0,0,0,1,0,1,0,0,0,0,0,0,0,0,0,1,0,0,0,0,0,0,0,0,0,0,0,0,0,0,1,0,0,0,0,0,0,0,0,1,0,1,0,0,0,0,1,0,0,0,0,0,0,0,0,0,0,0,1,0,0,0,0,0,0,0,0,0,0,0,0,0,0,0,0,0,0,0,0,0,0,0,0,0,0,0,0,0,0,0,0,0,0,0,0,0,0,0,0,0,0,0,1,0,0,0,0,0,0,0,0,0,0,0,0,1,0,0,0,0,0,0,0,0,0,0,1,0,1,1,1,0,0,0,0,0,0,0,0,0,0,0,0,0,0,0,0,0,0,0,0,0,0,0,0,0,0,0,0,0,0,0,0,0,0,0,0,0,0,0,0,0,0
Poli,1,0,0,0,0,3,0,0,0,0,0,0,0,0,0,0,1,0,1,0,0,0,0,0,0,0,0,0,0,0,0,0,1,0,0,0,0,0,0,0,1,0,0,0,1,1,0,1,0,1,2,0,0,2,1,0,1,0,0,0,0,0,0,0,0,0,0,0,0,1,0,0,0,0,0,0,0,0,0,1,0,0,0,0,0,1,0,0,1,0,0,0,0,1,0,0,0,0,0,1,0,0,0,0,0,0,0,0,2,0,0,0,0,0,0,1,0,0,0,0,0,0,0,0,0,1,0,0,0,0,0,0,0,0,0,0,0,1,0,0,0,0,0,0,0,0,0,1,0,0,0,1,0,1,0,0,0,0,0,0,0,0,0,0,0,0,0,1,0,0,0,1,0,0,0,0,0,0,0,0,0,3,0,0,0,2,0,0,0,0,0,0,0,0,0,0,0,0,0,0,0,0,0,1,1,0,1,1,0,0,1,1,0,0,0,1,1,0,0,0,0,0,0,0,0,0,0,0,0,0,1,1,0,0,0,0,1,0,0,1,3,0,0,0,0,1,2,0,0,0,2,0,1,0,0,0,2,0,2,0,0,0,0,0,0,0,0,0,0,0,0,0,0,0,0,1,0,1,0,0,0,0,0,0,0,1,0,0,0,0,0,1,0,0,0,0,0,0,1,0,2,0,0,0,0,0,1,0,0,0,0,0,0,1,0,0,1,0,0,0,0,0,0,0,0,0,0,0,0,0,0,0,0,0,0,0,0,0,0,0,0,0,0,0,0,0,0,0,0,0,0,0,0,1,0,0,0,0,0,0,0,0,0,0,0,0,0,0,1,0,0,0,1,0,0,0,0,0,0,0,0,1,0,0,0,0,0,0,0,0,0,0,0,0,0,0,0,0
Pold4,0,0,0,0,0,1,2,0,0,1,0,0,0,0,1,1,0,0,0,0,0,0,0,0,0,1,1,0,0,0,0,0,0,0,1,1,0,0,0,0,0,1,0,0,0,0,0,2,0,0,0,1,0,1,0,0,0,0,0,0,0,0,0,0,0,0,0,0,0,0,0,0,0,0,0,0,0,0,0,0,1,0,0,0,0,0,0,0,0,0,0,0,0,0,0,0,0,0,0,0,0,0,0,0,0,0,0,0,0,1,0,0,0,0,0,0,0,0,0,0,0,0,0,0,0,0,0,1,0,0,0,0,0,0,0,0,0,0,0,0,0,0,0,0,0,0,0,0,0,0,0,0,1,0,0,0,0,0,1,0,0,0,0,2,0,1,0,0,0,0,0,2,0,0,0,0,0,0,0,0,0,0,0,0,0,0,1,0,0,0,0,0,0,0,0,0,0,0,0,0,0,0,0,0,0,0,0,0,0,0,1,0,0,0,0,1,0,0,0,0,0,0,0,0,0,0,0,0,0,1,0,0,0,0,0,0,0,0,0,0,0,0,0,1,0,0,0,0,0,0,0,0,0,0,1,2,1,0,0,0,0,0,0,0,0,1,0,0,0,0,0,0,0,0,0,0,0,0,0,0,0,0,0,0,1,0,0,0,0,0,0,0,0,0,1,0,0,0,0,0,0,0,0,0,0,0,0,0,0,0,0,0,1,0,0,0,0,0,0,0,0,0,0,0,0,0,0,0,0,1,0,0,0,0,0,0,0,0,0,0,0,1,0,0,0,0,0,0,0,1,0,0,0,0,1,0,0,0,0,0,0,0,0,0,0,0,0,0,0,0,0,0,0,0,0,0,0,1,0,0,0,0,0,0,0,0,1,0,0,1,1,0,0,0,0,0,0,0
Ndst1,2,2,3,2,0,3,0,0,1,5,2,0,4,1,0,1,4,0,0,0,0,2,1,1,4,0,2,1,0,0,1,3,4,0,0,2,3,0,0,0,2,0,1,2,1,0,0,1,1,1,3,1,2,1,2,0,2,0,1,0,0,1,1,1,0,0,2,0,1,0,0,1,1,3,0,0,0,1,0,0,0,1,1,0,1,0,0,0,0,1,1,0,3,0,0,1,1,1,0,0,1,0,0,0,0,2,1,0,0,0,0,0,1,0,1,0,1,2,1,2,0,2,0,3,1,0,0,0,0,1,0,2,0,1,0,0,3,0,0,1,1,1,2,0,1,1,0,1,1,0,2,0,1,1,3,3,0,2,3,2,3,0,0,1,0,4,0,1,3,0,0,1,6,1,0,0,1,0,2,0,0,1,1,0,0,1,0,0,4,3,3,0,0,0,1,0,0,0,1,1,0,1,1,1,1,1,0,0,0,2,0,0,0,1,0,1,2,0,0,0,1,0,0,0,3,0,1,3,0,0,1,0,2,1,4,1,0,1,1,0,1,1,0,0,0,0,0,0,0,0,2,1,0,0,4,1,1,0,0,1,0,0,0,0,0,0,0,2,0,0,2,1,0,0,1,0,0,0,0,0,2,1,0,1,0,1,0,0,1,0,1,0,1,0,0,0,1,1,0,0,3,1,0,0,0,0,0,1,3,0,1,0,0,2,1,0,0,1,1,0,0,0,0,0,2,0,0,1,2,3,0,2,0,0,0,0,0,0,0,0,0,0,0,1,1,1,0,0,0,4,0,0,0,4,0,0,1,0,0,0,0,0,1,3,0,0,0,1,2,0,0,0,0,0,0,0,0,0,1,1,0,0,0,0,1,1,0,0,2,0,0,1,4,1,3,1,1,1
Adra2a,1,4,2,0,0,3,2,2,0,1,2,0,1,1,2,1,0,5,0,0,0,2,0,0,0,0,0,0,0,0,0,1,6,0,0,0,6,0,0,1,0,0,0,0,0,0,0,0,0,0,3,0,0,0,0,0,0,0,0,0,0,0,3,0,0,0,1,0,0,0,0,0,2,1,0,1,0,0,1,0,0,3,1,0,2,0,1,0,4,0,1,0,0,0,0,0,0,0,0,0,0,0,0,0,0,0,0,0,0,1,0,0,0,0,0,0,0,0,0,2,0,0,0,0,1,2,0,0,0,0,0,0,1,0,1,0,0,0,0,0,0,0,0,0,0,0,0,1,2,3,0,1,1,1,0,6,0,1,0,0,2,0,1,1,0,1,1,1,0,0,0,9,2,0,0,0,1,0,0,0,1,0,0,0,0,0,0,3,4,0,0,0,0,0,0,0,1,0,0,0,0,0,2,0,3,0,2,0,0,1,0,0,0,0,1,1,1,0,0,0,2,0,0,0,2,0,0,0,1,2,3,0,0,0,2,0,0,0,0,0,1,0,2,0,2,0,2,1,0,0,0,0,1,0,0,0,0,1,0,0,0,0,1,0,0,0,0,0,2,0,0,0,0,0,0,1,2,1,0,2,0,0,0,0,1,0,2,0,2,1,0,1,1,0,0,1,0,0,1,2,0,1,0,1,1,0,0,0,1,0,2,0,0,0,0,0,0,1,0,1,0,0,0,0,1,0,0,2,0,0,0,0,0,1,0,0,0,0,1,0,0,0,0,0,0,0,0,0,1,0,0,0,0,2,0,0,0,0,0,1,0,0,0,0,1,4,2,0,3,0,0,0,0,0,0,0,1,0,3,0,0,0,1,0,0,0,0,0,1,0,2,1,1,0,0,0,1,0
Aqp4,3,7,11,7,5,8,13,5,6,9,14,1,10,4,5,6,6,5,6,13,4,5,0,11,4,9,11,10,13,18,3,10,12,1,0,6,19,2,3,11,12,1,3,3,0,7,0,3,3,9,15,7,10,7,6,0,12,4,12,0,1,8,8,5,0,2,2,2,7,6,0,1,8,4,1,2,4,3,3,5,1,6,7,0,7,5,6,5,2,2,1,1,7,5,4,5,9,5,5,0,1,1,0,5,7,2,2,1,3,6,1,5,3,2,0,8,6,3,6,5,0,3,3,0,7,3,4,1,3,2,0,7,0,1,1,0,4,8,2,8,3,2,15,7,8,18,13,4,4,5,7,2,7,9,6,11,2,20,24,4,14,3,6,6,1,11,9,6,12,14,0,12,14,12,1,1,5,1,9,2,8,16,4,10,16,14,7,5,7,6,0,3,2,0,3,10,10,17,1,1,5,3,9,13,1,14,11,4,2,9,7,4,3,5,4,6,12,0,2,5,8,1,0,0,12,8,5,11,22,4,13,4,6,12,8,4,1,15,10,6,19,5,6,2,4,6,8,11,1,1,18,4,3,1,15,9,5,8,0,4,4,0,1,0,3,4,2,5,1,2,1,1,10,1,3,1,5,10,0,9,3,3,1,1,4,7,8,3,7,2,4,2,2,0,1,1,6,3,4,0,12,1,1,3,0,0,0,1,0,1,1,0,0,0,3,0,1,3,1,0,1,1,1,7,16,10,0,8,5,6,3,5,2,4,4,7,2,1,7,2,4,1,7,0,2,1,3,1,11,4,0,0,0,10,8,14,2,2,1,8,1,0,7,8,1,6,8,7,0,4,1,2,4,3,1,0,1,6,2,13,1,5,9,8,4,0,17,10,5,8,6,4,4,1,4,3,0,25
